kab,kec,desa,sls,nama_pml,email_pml,no_pml,nama_ppl,email_ppl,no_ppl
3209,010 - WALED,008 - WALED DESA,000100 - RT 001 RW 001 DUSUN PAHING,WAWAN DARMAWAN,wansdrmwn@gmail.com,+62 881-0234-05766,YAYAN,luguyayan75@gmail.com,+62 852-2129-5556
3209,010 - WALED,008 - WALED DESA,000200 - RT 002 RW 001 DUSUN PAHING,WAWAN DARMAWAN,wansdrmwn@gmail.com,+62 881-0234-05766,YAYAN,luguyayan75@gmail.com,+62 852-2129-5556
3209,010 - WALED,008 - WALED DESA,000300 - RT 003 RW 002 DUSUN PAHING,WAWAN DARMAWAN,wansdrmwn@gmail.com,+62 881-0234-05766,YAYAN,luguyayan75@gmail.com,+62 852-2129-5556
3209,010 - WALED,008 - WALED DESA,000400 - RT 004 RW 002 DUSUN PAHING,WAWAN DARMAWAN,wansdrmwn@gmail.com,+62 881-0234-05766,YAYAN,luguyayan75@gmail.com,+62 852-2129-5556
3209,010 - WALED,008 - WALED DESA,000500 - RT 005 RW 003 DUSUN PAHING,WAWAN DARMAWAN,wansdrmwn@gmail.com,+62 881-0234-05766,YAYAN,luguyayan75@gmail.com,+62 852-2129-5556
3209,010 - WALED,008 - WALED DESA,000600 - RT 006 RW 003 DUSUN PAHING,WAWAN DARMAWAN,wansdrmwn@gmail.com,+62 881-0234-05766,YAYAN,luguyayan75@gmail.com,+62 852-2129-5556
3209,010 - WALED,008 - WALED DESA,000700 - RT 007 RW 004 DUSUN KLIWON,WAWAN DARMAWAN,wansdrmwn@gmail.com,+62 881-0234-05766,YAYAN,luguyayan75@gmail.com,+62 852-2129-5556
3209,010 - WALED,008 - WALED DESA,000800 - RT 008 RW 004 DUSUN KLIWON,WAWAN DARMAWAN,wansdrmwn@gmail.com,+62 881-0234-05766,AHMAD MUJTABA,ahmadmuztaba4@gmail.com,0
3209,010 - WALED,008 - WALED DESA,000900 - RT 009 RW 005 DUSUN KLIWON,WAWAN DARMAWAN,wansdrmwn@gmail.com,+62 881-0234-05766,AHMAD MUJTABA,ahmadmuztaba4@gmail.com,0
3209,010 - WALED,008 - WALED DESA,001000 - RT 010 RW 005 DUSUN KLIWON,WAWAN DARMAWAN,wansdrmwn@gmail.com,+62 881-0234-05766,AHMAD MUJTABA,ahmadmuztaba4@gmail.com,0
3209,010 - WALED,008 - WALED DESA,001100 - RT 011 RW 006 DUSUN WAGE,WAWAN DARMAWAN,wansdrmwn@gmail.com,+62 881-0234-05766,AHMAD MUJTABA,ahmadmuztaba4@gmail.com,0
3209,010 - WALED,008 - WALED DESA,001300 - RT 013 RW 007 DUSUN WAGE,WAWAN DARMAWAN,wansdrmwn@gmail.com,+62 881-0234-05766,YAYAN,luguyayan75@gmail.com,+62 852-2129-5556
3209,010 - WALED,008 - WALED DESA,100100 - SAWAH WALAHAR,WAWAN DARMAWAN,wansdrmwn@gmail.com,+62 881-0234-05766,YAYAN,luguyayan75@gmail.com,+62 852-2129-5556
3209,010 - WALED,009 - WALED KOTA,000100 - RT 001 RW 001 DUSUN KAMPUNG BARU,WAWAN DARMAWAN,wansdrmwn@gmail.com,+62 881-0234-05766,CAHYADI,cahyadibohem@gmail.com,+62 812-2115-4830
3209,010 - WALED,009 - WALED KOTA,000200 - RT 002 RW 001 DUSUN KAMPUNG BARU,WAWAN DARMAWAN,wansdrmwn@gmail.com,+62 881-0234-05766,CAHYADI,cahyadibohem@gmail.com,+62 812-2115-4830
3209,010 - WALED,009 - WALED KOTA,000300 - RT 003 RW 001 DUSUN KAMPUNG BARIU,WAWAN DARMAWAN,wansdrmwn@gmail.com,+62 881-0234-05766,CAHYADI,cahyadibohem@gmail.com,+62 812-2115-4830
3209,010 - WALED,009 - WALED KOTA,000400 - RT 001 RW 002 DUSUN DAYA KARYA,WAWAN DARMAWAN,wansdrmwn@gmail.com,+62 881-0234-05766,ACHMAD ABDURROUF,achmadabdurrouf153@gmail.com,+62 081-2244-42413
3209,010 - WALED,009 - WALED KOTA,000700 - RT 001 RW 003 DUSUN DAYA KARYA,WAWAN DARMAWAN,wansdrmwn@gmail.com,+62 881-0234-05766,ACHMAD ABDURROUF,achmadabdurrouf153@gmail.com,+62 081-2244-42413
3209,010 - WALED,009 - WALED KOTA,000800 - RT 002 RW 003 DUSUN DAYA KARYA,WAWAN DARMAWAN,wansdrmwn@gmail.com,+62 881-0234-05766,ACHMAD ABDURROUF,achmadabdurrouf153@gmail.com,+62 081-2244-42413
3209,010 - WALED,009 - WALED KOTA,001700 - RT 002 RW 006 DUSUN SILIWANGI,WAWAN DARMAWAN,wansdrmwn@gmail.com,+62 881-0234-05766,DODDY SUGIANTO RAHAYU,sugiantododdy@gmail.com,+62 813-2441-7988
3209,010 - WALED,009 - WALED KOTA,002000 - RT 002 RW 007 DUSUN KARYAWAN,WAWAN DARMAWAN,wansdrmwn@gmail.com,+62 881-0234-05766,DODDY SUGIANTO RAHAYU,sugiantododdy@gmail.com,+62 813-2441-7988
3209,010 - WALED,009 - WALED KOTA,002300 - RT 002 RW 008 DUSUN KARYAWAN,WAWAN DARMAWAN,wansdrmwn@gmail.com,+62 881-0234-05766,DODDY SUGIANTO RAHAYU,sugiantododdy@gmail.com,+62 813-2441-7988
3209,010 - WALED,009 - WALED KOTA,002500 - RT 001 RW 009 DUSUN KARYAWAN,WAWAN DARMAWAN,wansdrmwn@gmail.com,+62 881-0234-05766,DODDY SUGIANTO RAHAYU,sugiantododdy@gmail.com,+62 813-2441-7988
3209,010 - WALED,009 - WALED KOTA,002700 - RT 001 RW 010 DUSUN PEMBANGUNAN,WAWAN DARMAWAN,wansdrmwn@gmail.com,+62 881-0234-05766,CAHYADI,cahyadibohem@gmail.com,+62 812-2115-4830
3209,010 - WALED,009 - WALED KOTA,002800 - RT 002 RW 010 DUSUN PEMBANGUNAN,WAWAN DARMAWAN,wansdrmwn@gmail.com,+62 881-0234-05766,CAHYADI,cahyadibohem@gmail.com,+62 812-2115-4830
3209,010 - WALED,009 - WALED KOTA,002900 - RT 003 RW 010 DUSUN PEMBANGUNAN,WAWAN DARMAWAN,wansdrmwn@gmail.com,+62 881-0234-05766,CAHYADI,cahyadibohem@gmail.com,+62 812-2115-4830
3209,010 - WALED,009 - WALED KOTA,003000 - RT 001 RW 011 DUSUN PEMBANGUNAN,WAWAN DARMAWAN,wansdrmwn@gmail.com,+62 881-0234-05766,CAHYADI,cahyadibohem@gmail.com,+62 812-2115-4830
3209,010 - WALED,009 - WALED KOTA,003100 - RT 002 RW 011 DUSUN PEMBANGUNAN,WAWAN DARMAWAN,wansdrmwn@gmail.com,+62 881-0234-05766,CAHYADI,cahyadibohem@gmail.com,+62 812-2115-4830
3209,010 - WALED,009 - WALED KOTA,003200 - RT 003 RW 011 DUSUN PEMBANGUNAN,WAWAN DARMAWAN,wansdrmwn@gmail.com,+62 881-0234-05766,CAHYADI,cahyadibohem@gmail.com,+62 812-2115-4830
3209,010 - WALED,009 - WALED KOTA,003300 - RT 001 RW 012 DUSUN PEMBANGUNAN,WAWAN DARMAWAN,wansdrmwn@gmail.com,+62 881-0234-05766,CAHYADI,cahyadibohem@gmail.com,+62 812-2115-4830
3209,010 - WALED,009 - WALED KOTA,003400 - RT 002 RW 012 DUSUN PEMBANGUNAN,WAWAN DARMAWAN,wansdrmwn@gmail.com,+62 881-0234-05766,CAHYADI,cahyadibohem@gmail.com,+62 812-2115-4830
3209,010 - WALED,009 - WALED KOTA,003500 - RT 003 RW 012 DUSUN PEMBANGUNAN,WAWAN DARMAWAN,wansdrmwn@gmail.com,+62 881-0234-05766,CAHYADI,cahyadibohem@gmail.com,+62 812-2115-4830
3209,010 - WALED,009 - WALED KOTA,100100 - SAWAH 1,WAWAN DARMAWAN,wansdrmwn@gmail.com,+62 881-0234-05766,ACHMAD ABDURROUF,achmadabdurrouf153@gmail.com,+62 081-2244-42413
3209,010 - WALED,010 - MEKARSARI,000100 - RT 001 RW 001 DUSUN KLIWON,ZEMI SAEFUL AZMI,azmymajestic@gmail.com,+62 815-4641-3515,MUHAMMAD RASYID AZIM ,rasyidazim123@gmail.com,+62 822-1094-715
3209,010 - WALED,010 - MEKARSARI,000200 - RT 002 RW 001 DUSUN KLIWON,ZEMI SAEFUL AZMI,azmymajestic@gmail.com,+62 815-4641-3515,MUHAMMAD RASYID AZIM ,rasyidazim123@gmail.com,+62 822-1094-715
3209,010 - WALED,010 - MEKARSARI,000300 - RT 003 RW 001 DUSUN KLIWON,ZEMI SAEFUL AZMI,azmymajestic@gmail.com,+62 815-4641-3515,MUHAMMAD RASYID AZIM ,rasyidazim123@gmail.com,+62 822-1094-715
3209,010 - WALED,010 - MEKARSARI,000500 - RT 007 RW 002 DUSUN MANIS,ZEMI SAEFUL AZMI,azmymajestic@gmail.com,+62 815-4641-3515,GIGIN GINARIO GUSTIANA,giginginario809@gmail.com,0
3209,010 - WALED,010 - MEKARSARI,000800 - RT 010 RW 003 DUSUN PAHING,ZEMI SAEFUL AZMI,azmymajestic@gmail.com,+62 815-4641-3515,MUHAMMAD RASYID AZIM ,rasyidazim123@gmail.com,+62 822-1094-715
3209,010 - WALED,010 - MEKARSARI,000900 - RT 011 RW 003 DUSUN PAHING,ZEMI SAEFUL AZMI,azmymajestic@gmail.com,+62 815-4641-3515,MUHAMMAD RASYID AZIM ,rasyidazim123@gmail.com,+62 822-1094-715
3209,010 - WALED,010 - MEKARSARI,001000 - RT 012 RW 003 DUSUN PAHING,ZEMI SAEFUL AZMI,azmymajestic@gmail.com,+62 815-4641-3515,MUHAMMAD RASYID AZIM ,rasyidazim123@gmail.com,+62 822-1094-715
3209,010 - WALED,010 - MEKARSARI,001100 - RT 013 RW 003 DUSUN PAHING,ZEMI SAEFUL AZMI,azmymajestic@gmail.com,+62 815-4641-3515,MUHAMMAD RASYID AZIM ,rasyidazim123@gmail.com,+62 822-1094-715
3209,010 - WALED,010 - MEKARSARI,001400 - RT 016 RW 004 DUSUN PON,ZEMI SAEFUL AZMI,azmymajestic@gmail.com,+62 815-4641-3515,GIGIN GINARIO GUSTIANA,giginginario809@gmail.com,0
3209,010 - WALED,010 - MEKARSARI,001700 - RT 005 RW 005 DUSUN WAGE,ZEMI SAEFUL AZMI,azmymajestic@gmail.com,+62 815-4641-3515,MUHAMMAD RASYID AZIM ,rasyidazim123@gmail.com,+62 822-1094-715
3209,010 - WALED,010 - MEKARSARI,001800 - RT 018 RW 005 DUSUN WAGE,ZEMI SAEFUL AZMI,azmymajestic@gmail.com,+62 815-4641-3515,MUHAMMAD RASYID AZIM ,rasyidazim123@gmail.com,+62 822-1094-715
3209,010 - WALED,011 - WALED ASEM,000800 - RT 001 RW 003 DUSUN BALONG,WAWAN DARMAWAN,wansdrmwn@gmail.com,+62 881-0234-05766,RIDWAN,firda7243@gmail.com,+62 813-1370-1392
3209,010 - WALED,011 - WALED ASEM,000900 - RT 002 RW 003 DUSUN BALONG,WAWAN DARMAWAN,wansdrmwn@gmail.com,+62 881-0234-05766,RIDWAN,firda7243@gmail.com,+62 813-1370-1392
3209,010 - WALED,011 - WALED ASEM,001000 - RT 001 RW 004 DUSUN BALONG,WAWAN DARMAWAN,wansdrmwn@gmail.com,+62 881-0234-05766,RIDWAN,firda7243@gmail.com,+62 813-1370-1392
3209,010 - WALED,011 - WALED ASEM,001200 - RT 003 RW 004 DUSUN BALONG,WAWAN DARMAWAN,wansdrmwn@gmail.com,+62 881-0234-05766,RIDWAN,firda7243@gmail.com,+62 813-1370-1392
3209,010 - WALED,011 - WALED ASEM,100200 - SAWAH CANGKRING,WAWAN DARMAWAN,wansdrmwn@gmail.com,+62 881-0234-05766,SANTI SUSANTI,santriyadimaulana@gmail.com,+62 838-0527-9798
3209,010 - WALED,011 - WALED ASEM,200100 - HUTAN RAKYAT GENJAH,WAWAN DARMAWAN,wansdrmwn@gmail.com,+62 881-0234-05766,RIDWAN,firda7243@gmail.com,+62 813-1370-1392
3209,010 - WALED,012 - AMBIT,000300 - RT 003 RW 001 DUSUN MANIS,WAHYU,wahyubule44@gmail.com,+62 813-9806-4943,MAHSUS SABANA,soes718@gmail.com,+62 896-0882-9699
3209,010 - WALED,012 - AMBIT,000700 - RT 007 RW 002 DUSUN MANIS,WAHYU,wahyubule44@gmail.com,+62 813-9806-4943,YANI TRI YANTI,yanitriyanti1981@gmail.com,+62 085-7598-81201
3209,010 - WALED,012 - AMBIT,000900 - RT 002 RW 003 DUSUN PAHING,WAHYU,wahyubule44@gmail.com,+62 813-9806-4943,YANI TRI YANTI,yanitriyanti1981@gmail.com,+62 085-7598-81201
3209,010 - WALED,013 - CIUYAH,000300 - RT 003 RW 001 BLOK I,WAHYU,wahyubule44@gmail.com,+62 813-9806-4943,ACHMAD JAENI,jentahua@gmail.com,0
3209,010 - WALED,013 - CIUYAH,000700 - RT 003 RW 002 BLOK I,WAHYU,wahyubule44@gmail.com,+62 813-9806-4943,NAHIDUDIN,nahidudincrb@gmail.com,+62 821-1772-6658
3209,010 - WALED,013 - CIUYAH,000800 - RT 001 RW 003 BLOK II,WAHYU,wahyubule44@gmail.com,+62 813-9806-4943,MOEH ALAMSYAH,moeh.alamsyah@gmail.com,+62 822-1906-2983
3209,010 - WALED,013 - CIUYAH,000900 - RT 002 RW 003 BLOK II,WAHYU,wahyubule44@gmail.com,+62 813-9806-4943,MOEH ALAMSYAH,moeh.alamsyah@gmail.com,+62 822-1906-2983
3209,010 - WALED,013 - CIUYAH,001000 - RT 003 RW 003 BLOK II,WAHYU,wahyubule44@gmail.com,+62 813-9806-4943,MOEH ALAMSYAH,moeh.alamsyah@gmail.com,+62 822-1906-2983
3209,010 - WALED,013 - CIUYAH,001100 - RT 004 RW 003 BLOK II,WAHYU,wahyubule44@gmail.com,+62 813-9806-4943,MOEH ALAMSYAH,moeh.alamsyah@gmail.com,+62 822-1906-2983
3209,010 - WALED,013 - CIUYAH,001200 - RT 001 RW 004 BLOK II,WAHYU,wahyubule44@gmail.com,+62 813-9806-4943,MOEH ALAMSYAH,moeh.alamsyah@gmail.com,+62 822-1906-2983
3209,010 - WALED,013 - CIUYAH,001300 - RT 002 RW 004 BLOK II,WAHYU,wahyubule44@gmail.com,+62 813-9806-4943,MOEH ALAMSYAH,moeh.alamsyah@gmail.com,+62 822-1906-2983
3209,010 - WALED,013 - CIUYAH,001400 - RT 003 RW 004 BLOK II,WAHYU,wahyubule44@gmail.com,+62 813-9806-4943,MOEH ALAMSYAH,moeh.alamsyah@gmail.com,+62 822-1906-2983
3209,010 - WALED,013 - CIUYAH,001600 - RT 002 RW 005 BLOK III,WAHYU,wahyubule44@gmail.com,+62 813-9806-4943,NAHIDUDIN,nahidudincrb@gmail.com,+62 821-1772-6658
3209,010 - WALED,013 - CIUYAH,100100 - TANAH GG,WAHYU,wahyubule44@gmail.com,+62 813-9806-4943,ACHMAD JAENI,jentahua@gmail.com,0
3209,010 - WALED,014 - GUNUNGSARI,000100 - RT 001 RW 001 DUSUN SATU,SRI RAHAYU ,srirahayucantikcisaat@gmail.com,+62 085-2218-15792,KRISWANTO,krishwanto602@gmail.com,+62 812-8564-8072
3209,010 - WALED,014 - GUNUNGSARI,000200 - RT 002 RW 001 DUSUN SATU,SRI RAHAYU ,srirahayucantikcisaat@gmail.com,+62 085-2218-15792,KRISWANTO,krishwanto602@gmail.com,+62 812-8564-8072
3209,010 - WALED,014 - GUNUNGSARI,000300 - RT 001 RW 005 DUSUN LIMA,SRI RAHAYU ,srirahayucantikcisaat@gmail.com,+62 085-2218-15792,KRISWANTO,krishwanto602@gmail.com,+62 812-8564-8072
3209,010 - WALED,014 - GUNUNGSARI,000400 - RT 002 RW 005 DUSUN LIMA,SRI RAHAYU ,srirahayucantikcisaat@gmail.com,+62 085-2218-15792,KRISWANTO,krishwanto602@gmail.com,+62 812-8564-8072
3209,010 - WALED,014 - GUNUNGSARI,000600 - RT 002 RW 002 DUSUN DUA,SRI RAHAYU ,srirahayucantikcisaat@gmail.com,+62 085-2218-15792,NANANG HENDRIYANA,hendriyanananang47@gmail.com,+62 813-2473-2394
3209,010 - WALED,014 - GUNUNGSARI,000900 - RT 001 RW 003 DUSUN TIGA,SRI RAHAYU ,srirahayucantikcisaat@gmail.com,+62 085-2218-15792,KRISWANTO,krishwanto602@gmail.com,+62 812-8564-8072
3209,010 - WALED,014 - GUNUNGSARI,001000 - RT 002 RW 003 DUSUN TIGA,SRI RAHAYU ,srirahayucantikcisaat@gmail.com,+62 085-2218-15792,KRISWANTO,krishwanto602@gmail.com,+62 812-8564-8072
3209,010 - WALED,014 - GUNUNGSARI,001100 - RT 003 RW 003 DUSUN TIGA,SRI RAHAYU ,srirahayucantikcisaat@gmail.com,+62 085-2218-15792,KRISWANTO,krishwanto602@gmail.com,+62 812-8564-8072
3209,010 - WALED,014 - GUNUNGSARI,100200 - WILAYAH BERVEGETASI PERTANIAN,SRI RAHAYU ,srirahayucantikcisaat@gmail.com,+62 085-2218-15792,KRISWANTO,krishwanto602@gmail.com,+62 812-8564-8072
3209,010 - WALED,015 - KARANGSARI,000300 - RT 003 RW 001 DUSUN KLIWON,HASAN BASRI,abas160275@gmail.com,+62 081-3240-42142,AROH,ara221291@gmail.com,+62 859-2141-5791
3209,010 - WALED,015 - KARANGSARI,000400 - RT 001 RW 002 DUSUN MANIS,HASAN BASRI,abas160275@gmail.com,+62 081-3240-42142,AAH RODIAH,aah.rodiah1254@gmail.com,+62 083-1477-88120
3209,010 - WALED,015 - KARANGSARI,000500 - RT 002 RW 002 DUSUN MANIS,HASAN BASRI,abas160275@gmail.com,+62 081-3240-42142,AAH RODIAH,aah.rodiah1254@gmail.com,+62 083-1477-88120
3209,010 - WALED,015 - KARANGSARI,000700 - RT 001 RW 003 DUSUN PAHING,HASAN BASRI,abas160275@gmail.com,+62 081-3240-42142,AROH,ara221291@gmail.com,+62 859-2141-5791
3209,010 - WALED,015 - KARANGSARI,000900 - RT 001 RW 004 DUSUN PON,HASAN BASRI,abas160275@gmail.com,+62 081-3240-42142,AAH RODIAH,aah.rodiah1254@gmail.com,+62 083-1477-88120
3209,010 - WALED,015 - KARANGSARI,001000 - RT 002 RW 004 DUSUN PON,HASAN BASRI,abas160275@gmail.com,+62 081-3240-42142,AAH RODIAH,aah.rodiah1254@gmail.com,+62 083-1477-88120
3209,010 - WALED,015 - KARANGSARI,001100 - RT 003 RW 004 DUSUN PON,HASAN BASRI,abas160275@gmail.com,+62 081-3240-42142,AAH RODIAH,aah.rodiah1254@gmail.com,+62 083-1477-88120
3209,010 - WALED,015 - KARANGSARI,001400 - RT 003 RW 005 DUSUN WAGE,HASAN BASRI,abas160275@gmail.com,+62 081-3240-42142,AROH,ara221291@gmail.com,+62 859-2141-5791
3209,010 - WALED,016 - CIKULAK KIDUL,000300 - RT 003 RW 001 DUSUN BALONG,HASAN BASRI,abas160275@gmail.com,+62 081-3240-42142,MUHAMMAD AUFAL MAROM,amar962578@gmail.com,+62 877-4279-2926
3209,010 - WALED,016 - CIKULAK KIDUL,000900 - RT 001 RW 003 DUSUN BALONG,HASAN BASRI,abas160275@gmail.com,+62 081-3240-42142,YULIANA,anay89116@gmail.com,0
3209,010 - WALED,016 - CIKULAK KIDUL,002500 - RT 001 RW 007 DUSUN BOJONG,HASAN BASRI,abas160275@gmail.com,+62 081-3240-42142,AHMAD SONHAJI,ajiasha94@gmail.com,+62 821-3027-5067
3209,010 - WALED,016 - CIKULAK KIDUL,003000 - RT 002 RW 008 DUSUN BOJONG,HASAN BASRI,abas160275@gmail.com,+62 081-3240-42142,AHMAD SONHAJI,ajiasha94@gmail.com,+62 821-3027-5067
3209,010 - WALED,016 - CIKULAK KIDUL,003100 - RT 003 RW 008 DUSUN BOJONG,HASAN BASRI,abas160275@gmail.com,+62 081-3240-42142,AHMAD SONHAJI,ajiasha94@gmail.com,+62 821-3027-5067
3209,010 - WALED,016 - CIKULAK KIDUL,003300 - RT 001 RW 009 DUSUN BALE MALANG,HASAN BASRI,abas160275@gmail.com,+62 081-3240-42142,PURI ANJANI,purianjani1996@gmail.com,+62 087-7299-11754
3209,010 - WALED,017 - CIKULAK,000100 - RT 001 RW 001 DUSUN 1,ZEMI SAEFUL AZMI,azmymajestic@gmail.com,+62 815-4641-3515,IIN KUSRINI,iindedekusrini24@gmail.com,+62 851-5083-6056
3209,010 - WALED,017 - CIKULAK,001300 - RT 013 RW 003 DUSUN 3,ZEMI SAEFUL AZMI,azmymajestic@gmail.com,+62 815-4641-3515,DESI AULIATUL FAIJAH ,desiaslam318@gmail.com,+62 881-0235-75428
3209,010 - WALED,017 - CIKULAK,001501 - RT 015 RW 004 DUSUN 4,ZEMI SAEFUL AZMI,azmymajestic@gmail.com,+62 815-4641-3515,DESI AULIATUL FAIJAH ,desiaslam318@gmail.com,+62 881-0235-75428
3209,010 - WALED,017 - CIKULAK,001800 - RT 018 RW 004 DUSUN 4,ZEMI SAEFUL AZMI,azmymajestic@gmail.com,+62 815-4641-3515,ROSIRIN,roserin1988@gmail.com,+62 831-2443-3416
3209,010 - WALED,017 - CIKULAK,002100 - RT 021 RW 005 DUSUN 5,ZEMI SAEFUL AZMI,azmymajestic@gmail.com,+62 815-4641-3515,MUHAMAD ROMDONI ,muhamadromdoni12344567890@gmail.com,+62 831-0810-9147
3209,010 - WALED,017 - CIKULAK,002200 - RT 022 RW 005 DUSUN 5,ZEMI SAEFUL AZMI,azmymajestic@gmail.com,+62 815-4641-3515,MUHAMAD ROMDONI ,muhamadromdoni12344567890@gmail.com,+62 831-0810-9147
3209,010 - WALED,017 - CIKULAK,002400 - RT 024 RW 005 DUSUN 5,ZEMI SAEFUL AZMI,azmymajestic@gmail.com,+62 815-4641-3515,MUHAMAD ROMDONI ,muhamadromdoni12344567890@gmail.com,+62 831-0810-9147
3209,010 - WALED,018 - CIBOGO,000100 - RT 001 RW 001 DUSUN 4,SRI RAHAYU ,srirahayucantikcisaat@gmail.com,+62 085-2218-15792,LADIA MEGIANNA PERMANI,ladiamegiana@gmail.com,+62 897-8475-832
3209,010 - WALED,018 - CIBOGO,000200 - RT 002 RW 001 DUSUN 4,SRI RAHAYU ,srirahayucantikcisaat@gmail.com,+62 085-2218-15792,LADIA MEGIANNA PERMANI,ladiamegiana@gmail.com,+62 897-8475-832
3209,010 - WALED,018 - CIBOGO,000300 - RT 003 RW 001 DUSUN 4,SRI RAHAYU ,srirahayucantikcisaat@gmail.com,+62 085-2218-15792,LADIA MEGIANNA PERMANI,ladiamegiana@gmail.com,+62 897-8475-832
3209,010 - WALED,018 - CIBOGO,000400 - RT 004 RW 001 DUSUN 3,SRI RAHAYU ,srirahayucantikcisaat@gmail.com,+62 085-2218-15792,LADIA MEGIANNA PERMANI,ladiamegiana@gmail.com,+62 897-8475-832
3209,010 - WALED,018 - CIBOGO,000500 - RT 005 RW 001 DUSUN 3,SRI RAHAYU ,srirahayucantikcisaat@gmail.com,+62 085-2218-15792,LADIA MEGIANNA PERMANI,ladiamegiana@gmail.com,+62 897-8475-832
3209,010 - WALED,018 - CIBOGO,000600 - RT 006 RW 002 DUSUN 3,SRI RAHAYU ,srirahayucantikcisaat@gmail.com,+62 085-2218-15792,LADIA MEGIANNA PERMANI,ladiamegiana@gmail.com,+62 897-8475-832
3209,010 - WALED,018 - CIBOGO,000700 - RT 007 RW 002 DUSUN 3,SRI RAHAYU ,srirahayucantikcisaat@gmail.com,+62 085-2218-15792,LADIA MEGIANNA PERMANI,ladiamegiana@gmail.com,+62 897-8475-832
3209,010 - WALED,018 - CIBOGO,000800 - RT 008 RW 002 DUSUN 3,SRI RAHAYU ,srirahayucantikcisaat@gmail.com,+62 085-2218-15792,LADIA MEGIANNA PERMANI,ladiamegiana@gmail.com,+62 897-8475-832
3209,010 - WALED,018 - CIBOGO,000900 - RT 009 RW 003 DUSUN 2,SRI RAHAYU ,srirahayucantikcisaat@gmail.com,+62 085-2218-15792,ECO WARSA,ecowarsa127@gmail.com,0
3209,010 - WALED,018 - CIBOGO,001000 - RT 010 RW 003 DUSUN 2,SRI RAHAYU ,srirahayucantikcisaat@gmail.com,+62 085-2218-15792,ECO WARSA,ecowarsa127@gmail.com,0
3209,010 - WALED,018 - CIBOGO,001100 - RT 011 RW 003 DUSUN 2,SRI RAHAYU ,srirahayucantikcisaat@gmail.com,+62 085-2218-15792,ECO WARSA,ecowarsa127@gmail.com,0
3209,010 - WALED,018 - CIBOGO,001200 - RT 012 RW 003 DUSUN 2,SRI RAHAYU ,srirahayucantikcisaat@gmail.com,+62 085-2218-15792,ECO WARSA,ecowarsa127@gmail.com,0
3209,010 - WALED,018 - CIBOGO,001400 - RT 014 RW 004 DUSUN 2,SRI RAHAYU ,srirahayucantikcisaat@gmail.com,+62 085-2218-15792,ECO WARSA,ecowarsa127@gmail.com,0
3209,010 - WALED,018 - CIBOGO,001700 - RT 017 RW 005 DUSUN 1,SRI RAHAYU ,srirahayucantikcisaat@gmail.com,+62 085-2218-15792,SITTY MURDIANI ALIYAH,sittymurdiani099@gmail.com,+62 897-9390-598
3209,010 - WALED,018 - CIBOGO,001900 - RT 019 RW 006 DUSUN 1,SRI RAHAYU ,srirahayucantikcisaat@gmail.com,+62 085-2218-15792,SITTY MURDIANI ALIYAH,sittymurdiani099@gmail.com,+62 897-9390-598
3209,010 - WALED,018 - CIBOGO,002000 - RT 020 RW 006 DUSUN 1,SRI RAHAYU ,srirahayucantikcisaat@gmail.com,+62 085-2218-15792,SITTY MURDIANI ALIYAH,sittymurdiani099@gmail.com,+62 897-9390-598
3209,010 - WALED,018 - CIBOGO,100100 - SAWAH,SRI RAHAYU ,srirahayucantikcisaat@gmail.com,+62 085-2218-15792,SITTY MURDIANI ALIYAH,sittymurdiani099@gmail.com,+62 897-9390-598
3209,010 - WALED,019 - CISAAT,000100 - RT 001 RW 001 DUSUN 1,SRI RAHAYU ,srirahayucantikcisaat@gmail.com,+62 085-2218-15792,RIYKI HERNAWAN,riykihernawan019@gmail.com,+62 085-3157-30946
3209,010 - WALED,019 - CISAAT,000300 - RT 003 RW 001 DUSUN 1,SRI RAHAYU ,srirahayucantikcisaat@gmail.com,+62 085-2218-15792,RIYKI HERNAWAN,riykihernawan019@gmail.com,+62 085-3157-30946
3209,010 - WALED,019 - CISAAT,000400 - RT 004 RW 001 DUSUN 1,SRI RAHAYU ,srirahayucantikcisaat@gmail.com,+62 085-2218-15792,RIYKI HERNAWAN,riykihernawan019@gmail.com,+62 085-3157-30946
3209,010 - WALED,019 - CISAAT,000500 - RT 005 RW 001 DUSUN 1,SRI RAHAYU ,srirahayucantikcisaat@gmail.com,+62 085-2218-15792,RIYKI HERNAWAN,riykihernawan019@gmail.com,+62 085-3157-30946
3209,010 - WALED,019 - CISAAT,000900 - RT 004 RW 002 DUSUN 4,SRI RAHAYU ,srirahayucantikcisaat@gmail.com,+62 085-2218-15792,RIYKI HERNAWAN,riykihernawan019@gmail.com,+62 085-3157-30946
3209,010 - WALED,019 - CISAAT,001000 - RT 005 RW 002 DUSUN 4,SRI RAHAYU ,srirahayucantikcisaat@gmail.com,+62 085-2218-15792,RIYKI HERNAWAN,riykihernawan019@gmail.com,+62 085-3157-30946
3209,010 - WALED,019 - CISAAT,001100 - RT 001 RW 003 DUSUN 2,SRI RAHAYU ,srirahayucantikcisaat@gmail.com,+62 085-2218-15792,ELIS ANNISA,shenada01@gmail.com,+62 083-8242-42131
3209,010 - WALED,019 - CISAAT,001200 - RT 002 RW 003 DUSUN 2,SRI RAHAYU ,srirahayucantikcisaat@gmail.com,+62 085-2218-15792,ELIS ANNISA,shenada01@gmail.com,+62 083-8242-42131
3209,010 - WALED,019 - CISAAT,001300 - RT 003 RW 003 DUSUN 2,SRI RAHAYU ,srirahayucantikcisaat@gmail.com,+62 085-2218-15792,ELIS ANNISA,shenada01@gmail.com,+62 083-8242-42131
3209,010 - WALED,019 - CISAAT,001400 - RT 001 RW 004 DUSUN 2,SRI RAHAYU ,srirahayucantikcisaat@gmail.com,+62 085-2218-15792,ELIS ANNISA,shenada01@gmail.com,+62 083-8242-42131
3209,010 - WALED,019 - CISAAT,001600 - RT 003 RW 004 DUSUN 2,SRI RAHAYU ,srirahayucantikcisaat@gmail.com,+62 085-2218-15792,ELIS ANNISA,shenada01@gmail.com,+62 083-8242-42131
3209,010 - WALED,019 - CISAAT,001700 - RT 004 RW 004 DUSUN 2,SRI RAHAYU ,srirahayucantikcisaat@gmail.com,+62 085-2218-15792,ELIS ANNISA,shenada01@gmail.com,+62 083-8242-42131
3209,010 - WALED,019 - CISAAT,001800 - RT 001 RW 005 DUSUN 3,SRI RAHAYU ,srirahayucantikcisaat@gmail.com,+62 085-2218-15792,RIKA PUSPITA 86,setiaadhiwiguna03@gmail.com,+62 877-7964-4903
3209,010 - WALED,019 - CISAAT,001900 - RT 002 RW 005 DUSUN 3,SRI RAHAYU ,srirahayucantikcisaat@gmail.com,+62 085-2218-15792,RIKA PUSPITA 86,setiaadhiwiguna03@gmail.com,+62 877-7964-4903
3209,010 - WALED,019 - CISAAT,002100 - RT 004 RW 005 DUSUN 3,SRI RAHAYU ,srirahayucantikcisaat@gmail.com,+62 085-2218-15792,RIKA PUSPITA 86,setiaadhiwiguna03@gmail.com,+62 877-7964-4903
3209,010 - WALED,019 - CISAAT,002200 - RT 001 RW 006 DUSUN 3,SRI RAHAYU ,srirahayucantikcisaat@gmail.com,+62 085-2218-15792,RIKA PUSPITA 86,setiaadhiwiguna03@gmail.com,+62 877-7964-4903
3209,010 - WALED,019 - CISAAT,002300 - RT 002 RW 006 DUSUN 3,SRI RAHAYU ,srirahayucantikcisaat@gmail.com,+62 085-2218-15792,RIKA PUSPITA 86,setiaadhiwiguna03@gmail.com,+62 877-7964-4903
3209,010 - WALED,019 - CISAAT,002400 - RT 003 RW 006 DUSUN 3,SRI RAHAYU ,srirahayucantikcisaat@gmail.com,+62 085-2218-15792,RIKA PUSPITA 86,setiaadhiwiguna03@gmail.com,+62 877-7964-4903
3209,010 - WALED,019 - CISAAT,002500 - RT 004 RW 006 DUSUN 3,SRI RAHAYU ,srirahayucantikcisaat@gmail.com,+62 085-2218-15792,RIKA PUSPITA 86,setiaadhiwiguna03@gmail.com,+62 877-7964-4903
3209,010 - WALED,019 - CISAAT,100100 - SAWAH,SRI RAHAYU ,srirahayucantikcisaat@gmail.com,+62 085-2218-15792,ELIS ANNISA,shenada01@gmail.com,+62 083-8242-42131
3209,010 - WALED,019 - CISAAT,100200 - SAWAH,SRI RAHAYU ,srirahayucantikcisaat@gmail.com,+62 085-2218-15792,RIYKI HERNAWAN,riykihernawan019@gmail.com,+62 085-3157-30946
3209,011 - PASALEMAN,001 - TONJONG,000100 - RT 001 RW 001 DUSUN TONJONG 1,AMAD WIWID RESTU ALAM,wiwie666@gmail.com,+62 831-4422-7838,RISMAWATI,rismawati241201@gmail.com,+62 831-2062-6727
3209,011 - PASALEMAN,001 - TONJONG,000500 - RT 001 RW 002 DUSUN TONJONG 1,AMAD WIWID RESTU ALAM,wiwie666@gmail.com,+62 831-4422-7838,RISMAWATI,rismawati241201@gmail.com,+62 831-2062-6727
3209,011 - PASALEMAN,001 - TONJONG,000600 - RT 002 RW 002 DUSUN TONJONG 1,AMAD WIWID RESTU ALAM,wiwie666@gmail.com,+62 831-4422-7838,RISMAWATI,rismawati241201@gmail.com,+62 831-2062-6727
3209,011 - PASALEMAN,001 - TONJONG,000700 - RT 003 RW 002 DUSUN TONJONG 1,AMAD WIWID RESTU ALAM,wiwie666@gmail.com,+62 831-4422-7838,RISMAWATI,rismawati241201@gmail.com,+62 831-2062-6727
3209,011 - PASALEMAN,001 - TONJONG,000900 - RT 002 RW 003 DUSUN TONJONG 2,AMAD WIWID RESTU ALAM,wiwie666@gmail.com,+62 831-4422-7838,RISMAWATI,rismawati241201@gmail.com,+62 831-2062-6727
3209,011 - PASALEMAN,001 - TONJONG,001300 - RT 002 RW 004 DUSUN TONJONG 2,AMAD WIWID RESTU ALAM,wiwie666@gmail.com,+62 831-4422-7838,ANNISA SOLIHAH,annisasolihah1@gmail.com,0
3209,011 - PASALEMAN,001 - TONJONG,001400 - RT 003 RW 004 DUSUN TONJONG 2,AMAD WIWID RESTU ALAM,wiwie666@gmail.com,+62 831-4422-7838,ANNISA SOLIHAH,annisasolihah1@gmail.com,0
3209,011 - PASALEMAN,001 - TONJONG,001500 - RT 004 RW 004 DUSUN TONJONG 2,AMAD WIWID RESTU ALAM,wiwie666@gmail.com,+62 831-4422-7838,ANNISA SOLIHAH,annisasolihah1@gmail.com,0
3209,011 - PASALEMAN,001 - TONJONG,001700 - RT 002 RW 005 DUSUN TONJONG 3,AMAD WIWID RESTU ALAM,wiwie666@gmail.com,+62 831-4422-7838,ANNISA SOLIHAH,annisasolihah1@gmail.com,0
3209,011 - PASALEMAN,001 - TONJONG,001800 - RT 003 RW 005 DUSUN TONJONG 3,AMAD WIWID RESTU ALAM,wiwie666@gmail.com,+62 831-4422-7838,ANNISA SOLIHAH,annisasolihah1@gmail.com,0
3209,011 - PASALEMAN,001 - TONJONG,001900 - RT 001 RW 006 DUSUN TONJONG 4,AMAD WIWID RESTU ALAM,wiwie666@gmail.com,+62 831-4422-7838,ANNISA SOLIHAH,annisasolihah1@gmail.com,0
3209,011 - PASALEMAN,001 - TONJONG,002000 - RT 002 RW 006 DUSUN TONJONG 4,AMAD WIWID RESTU ALAM,wiwie666@gmail.com,+62 831-4422-7838,ANNISA SOLIHAH,annisasolihah1@gmail.com,0
3209,011 - PASALEMAN,001 - TONJONG,003200 - RT 004 RW 005 DUSUN TONJONG 3,AMAD WIWID RESTU ALAM,wiwie666@gmail.com,+62 831-4422-7838,ANNISA SOLIHAH,annisasolihah1@gmail.com,0
3209,011 - PASALEMAN,002 - TANJUNG ANOM,000100 - RT 001 RW 001 DUSUN GANDOL 1,AMAD WIWID RESTU ALAM,wiwie666@gmail.com,+62 831-4422-7838,SYAEPUL AMRI,syaepulamri1@gmail.com,+62 858-6089-1416
3209,011 - PASALEMAN,002 - TANJUNG ANOM,000200 - RT 002 RW 001 DUSUN GANDOL 1,AMAD WIWID RESTU ALAM,wiwie666@gmail.com,+62 831-4422-7838,SYAEPUL AMRI,syaepulamri1@gmail.com,+62 858-6089-1416
3209,011 - PASALEMAN,002 - TANJUNG ANOM,000300 - RT 003 RW 001 DUSUN GANDOL 1,AMAD WIWID RESTU ALAM,wiwie666@gmail.com,+62 831-4422-7838,SYAEPUL AMRI,syaepulamri1@gmail.com,+62 858-6089-1416
3209,011 - PASALEMAN,002 - TANJUNG ANOM,000400 - RT 001 RW 002 DUSUN GANDOL 1,AMAD WIWID RESTU ALAM,wiwie666@gmail.com,+62 831-4422-7838,SYAEPUL AMRI,syaepulamri1@gmail.com,+62 858-6089-1416
3209,011 - PASALEMAN,002 - TANJUNG ANOM,000500 - RT 002 RW 002 DUSUN GANDOL 1,AMAD WIWID RESTU ALAM,wiwie666@gmail.com,+62 831-4422-7838,SYAEPUL AMRI,syaepulamri1@gmail.com,+62 858-6089-1416
3209,011 - PASALEMAN,002 - TANJUNG ANOM,000600 - RT 003 RW 002 DUSUN GANDOL 1,AMAD WIWID RESTU ALAM,wiwie666@gmail.com,+62 831-4422-7838,SYAEPUL AMRI,syaepulamri1@gmail.com,+62 858-6089-1416
3209,011 - PASALEMAN,002 - TANJUNG ANOM,000700 - RT 001 RW 003 DUSUN GANDOL 2,AMAD WIWID RESTU ALAM,wiwie666@gmail.com,+62 831-4422-7838,SYAEPUL AMRI,syaepulamri1@gmail.com,+62 858-6089-1416
3209,011 - PASALEMAN,002 - TANJUNG ANOM,000800 - RT 002 RW 003 DUSUN GANDOL 2,AMAD WIWID RESTU ALAM,wiwie666@gmail.com,+62 831-4422-7838,SYAEPUL AMRI,syaepulamri1@gmail.com,+62 858-6089-1416
3209,011 - PASALEMAN,002 - TANJUNG ANOM,000900 - RT 003 RW 003 DUSUN GANDOL 2,AMAD WIWID RESTU ALAM,wiwie666@gmail.com,+62 831-4422-7838,SYAEPUL AMRI,syaepulamri1@gmail.com,+62 858-6089-1416
3209,011 - PASALEMAN,002 - TANJUNG ANOM,001000 - RT 001 RW 004 DUSUN GANDOL 2,AMAD WIWID RESTU ALAM,wiwie666@gmail.com,+62 831-4422-7838,SYAEPUL AMRI,syaepulamri1@gmail.com,+62 858-6089-1416
3209,011 - PASALEMAN,002 - TANJUNG ANOM,001500 - RT 003 RW 005 DUSUN GETRAK,AMAD WIWID RESTU ALAM,wiwie666@gmail.com,+62 831-4422-7838,MAMAY KUSMANTO,mamaysinyo88@gmail.com,+62 858-4628-5980
3209,011 - PASALEMAN,002 - TANJUNG ANOM,002200 - RT 004 RW 007 DUSUN KAROYA,AMAD WIWID RESTU ALAM,wiwie666@gmail.com,+62 831-4422-7838,FAJAR ASHSHIDDIQI ,fajarashshiddiqi22@gmail.com,+62 813-5932-4480
3209,011 - PASALEMAN,002 - TANJUNG ANOM,002300 - RT 005 RW 007 DUSUN KAROYA,AMAD WIWID RESTU ALAM,wiwie666@gmail.com,+62 831-4422-7838,FAJAR ASHSHIDDIQI ,fajarashshiddiqi22@gmail.com,+62 813-5932-4480
3209,011 - PASALEMAN,003 - CILENGKRANG GIRANG,000100 - RT 001 RW 001 DUSUN POMPA,AMAD WIWID RESTU ALAM,wiwie666@gmail.com,+62 831-4422-7838,WIJI HARTI,wijiharti40@gmail.com,+62 085-3542-83352
3209,011 - PASALEMAN,003 - CILENGKRANG GIRANG,000300 - RT 003 RW 001 DUSUN POMPA,AMAD WIWID RESTU ALAM,wiwie666@gmail.com,+62 831-4422-7838,WIJI HARTI,wijiharti40@gmail.com,+62 085-3542-83352
3209,011 - PASALEMAN,003 - CILENGKRANG GIRANG,000600 - RT 003 RW 002 DUSUN POMPA,AMAD WIWID RESTU ALAM,wiwie666@gmail.com,+62 831-4422-7838,WIJI HARTI,wijiharti40@gmail.com,+62 085-3542-83352
3209,011 - PASALEMAN,003 - CILENGKRANG GIRANG,000900 - RT 003 RW 003 DUSUN SALAKARLA,AMAD WIWID RESTU ALAM,wiwie666@gmail.com,+62 831-4422-7838,ROSMAWATI ANANSE ,rosmawatiananse@gmail.com,+62 823-2409-1355
3209,011 - PASALEMAN,003 - CILENGKRANG GIRANG,001300 - RT 003 RW 004 DUSUN SALAKARLA,AMAD WIWID RESTU ALAM,wiwie666@gmail.com,+62 831-4422-7838,ROSMAWATI ANANSE ,rosmawatiananse@gmail.com,+62 823-2409-1355
3209,011 - PASALEMAN,003 - CILENGKRANG GIRANG,001400 - RT 001 RW 005 DUSUN PEMBANGUNAN,AMAD WIWID RESTU ALAM,wiwie666@gmail.com,+62 831-4422-7838,ROSMAWATI ANANSE ,rosmawatiananse@gmail.com,+62 823-2409-1355
3209,011 - PASALEMAN,003 - CILENGKRANG GIRANG,001500 - RT 002 RW 005 DUSUN PEMBANGUNAN,AMAD WIWID RESTU ALAM,wiwie666@gmail.com,+62 831-4422-7838,ROSMAWATI ANANSE ,rosmawatiananse@gmail.com,+62 823-2409-1355
3209,011 - PASALEMAN,003 - CILENGKRANG GIRANG,001600 - RT 003 RW 005 DUSUN PEMBANGUNAN,AMAD WIWID RESTU ALAM,wiwie666@gmail.com,+62 831-4422-7838,ROSMAWATI ANANSE ,rosmawatiananse@gmail.com,+62 823-2409-1355
3209,011 - PASALEMAN,004 - CILENGKRANG,000100 - RT 001 RW 001 DUSUN 1,AMAD WIWID RESTU ALAM,wiwie666@gmail.com,+62 831-4422-7838,AFRI SUMIATY,sumiatyafri6@gmail.com,0
3209,011 - PASALEMAN,004 - CILENGKRANG,000200 - RT 002 RW 001 DUSUN 1,AMAD WIWID RESTU ALAM,wiwie666@gmail.com,+62 831-4422-7838,AFRI SUMIATY,sumiatyafri6@gmail.com,0
3209,011 - PASALEMAN,004 - CILENGKRANG,000300 - RT 003 RW 001 DUSUN 1,AMAD WIWID RESTU ALAM,wiwie666@gmail.com,+62 831-4422-7838,AFRI SUMIATY,sumiatyafri6@gmail.com,0
3209,011 - PASALEMAN,004 - CILENGKRANG,000400 - RT 004 RW 001 DUSUN 1,AMAD WIWID RESTU ALAM,wiwie666@gmail.com,+62 831-4422-7838,AFRI SUMIATY,sumiatyafri6@gmail.com,0
3209,011 - PASALEMAN,004 - CILENGKRANG,000500 - RT 005 RW 001 DUSUN 1,AMAD WIWID RESTU ALAM,wiwie666@gmail.com,+62 831-4422-7838,AFRI SUMIATY,sumiatyafri6@gmail.com,0
3209,011 - PASALEMAN,004 - CILENGKRANG,000700 - RT 002 RW 002 DUSUN 1,AMAD WIWID RESTU ALAM,wiwie666@gmail.com,+62 831-4422-7838,AFRI SUMIATY,sumiatyafri6@gmail.com,0
3209,011 - PASALEMAN,004 - CILENGKRANG,000800 - RT 003 RW 002 DUSUN 1,AMAD WIWID RESTU ALAM,wiwie666@gmail.com,+62 831-4422-7838,AFRI SUMIATY,sumiatyafri6@gmail.com,0
3209,011 - PASALEMAN,004 - CILENGKRANG,000900 - RT 001 RW 003 DUSUN 2,AMAD WIWID RESTU ALAM,wiwie666@gmail.com,+62 831-4422-7838,AFRI SUMIATY,sumiatyafri6@gmail.com,0
3209,011 - PASALEMAN,004 - CILENGKRANG,001000 - RT 002 RW 003 DUSUN 2,AMAD WIWID RESTU ALAM,wiwie666@gmail.com,+62 831-4422-7838,AFRI SUMIATY,sumiatyafri6@gmail.com,0
3209,011 - PASALEMAN,004 - CILENGKRANG,001100 - RT 003 RW 003 DUSUN 2,AMAD WIWID RESTU ALAM,wiwie666@gmail.com,+62 831-4422-7838,AFRI SUMIATY,sumiatyafri6@gmail.com,0
3209,011 - PASALEMAN,004 - CILENGKRANG,001200 - RT 004 RW 003 DUSUN 2,AMAD WIWID RESTU ALAM,wiwie666@gmail.com,+62 831-4422-7838,AFRI SUMIATY,sumiatyafri6@gmail.com,0
3209,011 - PASALEMAN,004 - CILENGKRANG,001300 - RT 005 RW 003 DUSUN 2,AMAD WIWID RESTU ALAM,wiwie666@gmail.com,+62 831-4422-7838,AFRI SUMIATY,sumiatyafri6@gmail.com,0
3209,011 - PASALEMAN,004 - CILENGKRANG,001400 - RT 001 RW 004 DUSUN 2,AMAD WIWID RESTU ALAM,wiwie666@gmail.com,+62 831-4422-7838,AFRI SUMIATY,sumiatyafri6@gmail.com,0
3209,011 - PASALEMAN,004 - CILENGKRANG,001500 - RT 002 RW 004 DUSUN 2,AMAD WIWID RESTU ALAM,wiwie666@gmail.com,+62 831-4422-7838,AFRI SUMIATY,sumiatyafri6@gmail.com,0
3209,011 - PASALEMAN,004 - CILENGKRANG,001600 - RT 003 RW 004 DUSUN 2,AMAD WIWID RESTU ALAM,wiwie666@gmail.com,+62 831-4422-7838,AFRI SUMIATY,sumiatyafri6@gmail.com,0
3209,011 - PASALEMAN,004 - CILENGKRANG,001700 - RT 004 RW 004 DUSUN 2,BANGUN ANTON SETIAWAN,bangunanton001@gmail.com,+62 852-2018-4834,VITRON ADI PRATAMA ,vitronadipratama@gmail.com,+62 857-7567-0819
3209,011 - PASALEMAN,004 - CILENGKRANG,001800 - RT 001 RW 005 DUSUN 3,BANGUN ANTON SETIAWAN,bangunanton001@gmail.com,+62 852-2018-4834,VITRON ADI PRATAMA ,vitronadipratama@gmail.com,+62 857-7567-0819
3209,011 - PASALEMAN,004 - CILENGKRANG,001900 - RT 002 RW 005 DUSUN 3,BANGUN ANTON SETIAWAN,bangunanton001@gmail.com,+62 852-2018-4834,VITRON ADI PRATAMA ,vitronadipratama@gmail.com,+62 857-7567-0819
3209,011 - PASALEMAN,004 - CILENGKRANG,002000 - RT 003 RW 005 DUSUN 3,BANGUN ANTON SETIAWAN,bangunanton001@gmail.com,+62 852-2018-4834,VITRON ADI PRATAMA ,vitronadipratama@gmail.com,+62 857-7567-0819
3209,011 - PASALEMAN,004 - CILENGKRANG,002100 - RT 004 RW 005 DUSUN 3,BANGUN ANTON SETIAWAN,bangunanton001@gmail.com,+62 852-2018-4834,VITRON ADI PRATAMA ,vitronadipratama@gmail.com,+62 857-7567-0819
3209,011 - PASALEMAN,004 - CILENGKRANG,002200 - RT 005 RW 005 DUSUN 3,BANGUN ANTON SETIAWAN,bangunanton001@gmail.com,+62 852-2018-4834,VITRON ADI PRATAMA ,vitronadipratama@gmail.com,+62 857-7567-0819
3209,011 - PASALEMAN,004 - CILENGKRANG,002300 - RT 001 RW 006 DUSUN 3,BANGUN ANTON SETIAWAN,bangunanton001@gmail.com,+62 852-2018-4834,VITRON ADI PRATAMA ,vitronadipratama@gmail.com,+62 857-7567-0819
3209,011 - PASALEMAN,004 - CILENGKRANG,002400 - RT 002 RW 006 DUSUN 3,BANGUN ANTON SETIAWAN,bangunanton001@gmail.com,+62 852-2018-4834,VITRON ADI PRATAMA ,vitronadipratama@gmail.com,+62 857-7567-0819
3209,011 - PASALEMAN,004 - CILENGKRANG,002500 - RT 003 RW 006 DUSUN 3,BANGUN ANTON SETIAWAN,bangunanton001@gmail.com,+62 852-2018-4834,VITRON ADI PRATAMA ,vitronadipratama@gmail.com,+62 857-7567-0819
3209,011 - PASALEMAN,004 - CILENGKRANG,002600 - RT 004 RW 006 DUSUN 3,BANGUN ANTON SETIAWAN,bangunanton001@gmail.com,+62 852-2018-4834,VITRON ADI PRATAMA ,vitronadipratama@gmail.com,+62 857-7567-0819
3209,011 - PASALEMAN,004 - CILENGKRANG,002700 - RT 005 RW 006 DUSUN 3,BANGUN ANTON SETIAWAN,bangunanton001@gmail.com,+62 852-2018-4834,VITRON ADI PRATAMA ,vitronadipratama@gmail.com,+62 857-7567-0819
3209,011 - PASALEMAN,004 - CILENGKRANG,002800 - RT 001 RW 007 DUSUN 4,BANGUN ANTON SETIAWAN,bangunanton001@gmail.com,+62 852-2018-4834,VITRON ADI PRATAMA ,vitronadipratama@gmail.com,+62 857-7567-0819
3209,011 - PASALEMAN,004 - CILENGKRANG,002900 - RT 002 RW 007 DUSUN 4,BANGUN ANTON SETIAWAN,bangunanton001@gmail.com,+62 852-2018-4834,VITRON ADI PRATAMA ,vitronadipratama@gmail.com,+62 857-7567-0819
3209,011 - PASALEMAN,004 - CILENGKRANG,003000 - RT 003 RW 007 DUSUN 4,BANGUN ANTON SETIAWAN,bangunanton001@gmail.com,+62 852-2018-4834,VITRON ADI PRATAMA ,vitronadipratama@gmail.com,+62 857-7567-0819
3209,011 - PASALEMAN,004 - CILENGKRANG,003100 - RT 004 RW 007 DUSUN 4,BANGUN ANTON SETIAWAN,bangunanton001@gmail.com,+62 852-2018-4834,VITRON ADI PRATAMA ,vitronadipratama@gmail.com,+62 857-7567-0819
3209,011 - PASALEMAN,004 - CILENGKRANG,003200 - RT 001 RW 008 DUSUN 4,BANGUN ANTON SETIAWAN,bangunanton001@gmail.com,+62 852-2018-4834,VITRON ADI PRATAMA ,vitronadipratama@gmail.com,+62 857-7567-0819
3209,011 - PASALEMAN,004 - CILENGKRANG,003300 - RT 002 RW 008 DUSUN 4,BANGUN ANTON SETIAWAN,bangunanton001@gmail.com,+62 852-2018-4834,VITRON ADI PRATAMA ,vitronadipratama@gmail.com,+62 857-7567-0819
3209,011 - PASALEMAN,005 - PASALEMAN,000100 - RT 001 RW 001 DUSUN WAGE,BANGUN ANTON SETIAWAN,bangunanton001@gmail.com,+62 852-2018-4834,SUBHAN ARIA PRIATNA,subhanaria17@gmail.com,+62 896-0618-5355
3209,011 - PASALEMAN,005 - PASALEMAN,000200 - RT 002 RW 001 DUSUN WAGE,BANGUN ANTON SETIAWAN,bangunanton001@gmail.com,+62 852-2018-4834,SUBHAN ARIA PRIATNA,subhanaria17@gmail.com,+62 896-0618-5355
3209,011 - PASALEMAN,005 - PASALEMAN,000300 - RT 003 RW 001 DUSUN WAGE,BANGUN ANTON SETIAWAN,bangunanton001@gmail.com,+62 852-2018-4834,SUBHAN ARIA PRIATNA,subhanaria17@gmail.com,+62 896-0618-5355
3209,011 - PASALEMAN,005 - PASALEMAN,000400 - RT 004 RW 002 DUSUN WAGE,BANGUN ANTON SETIAWAN,bangunanton001@gmail.com,+62 852-2018-4834,SUBHAN ARIA PRIATNA,subhanaria17@gmail.com,+62 896-0618-5355
3209,011 - PASALEMAN,005 - PASALEMAN,000500 - RT 005 RW 002 DUSUN WAGE,BANGUN ANTON SETIAWAN,bangunanton001@gmail.com,+62 852-2018-4834,SUBHAN ARIA PRIATNA,subhanaria17@gmail.com,+62 896-0618-5355
3209,011 - PASALEMAN,005 - PASALEMAN,000600 - RT 006 RW 003 DUSUN PON,BANGUN ANTON SETIAWAN,bangunanton001@gmail.com,+62 852-2018-4834,SUBHAN ARIA PRIATNA,subhanaria17@gmail.com,+62 896-0618-5355
3209,011 - PASALEMAN,005 - PASALEMAN,000700 - RT 007 RW 003 DUSUN PON,BANGUN ANTON SETIAWAN,bangunanton001@gmail.com,+62 852-2018-4834,SUBHAN ARIA PRIATNA,subhanaria17@gmail.com,+62 896-0618-5355
3209,011 - PASALEMAN,005 - PASALEMAN,000800 - RT 008 RW 003 DUSUN PON,BANGUN ANTON SETIAWAN,bangunanton001@gmail.com,+62 852-2018-4834,SUBHAN ARIA PRIATNA,subhanaria17@gmail.com,+62 896-0618-5355
3209,011 - PASALEMAN,005 - PASALEMAN,001000 - RT 010 RW 004 DUSUN PON,BANGUN ANTON SETIAWAN,bangunanton001@gmail.com,+62 852-2018-4834,SUBHAN ARIA PRIATNA,subhanaria17@gmail.com,+62 896-0618-5355
3209,011 - PASALEMAN,005 - PASALEMAN,001100 - RT 011 RW 005 DUSUN PAHING,BANGUN ANTON SETIAWAN,bangunanton001@gmail.com,+62 852-2018-4834,SUBHAN ARIA PRIATNA,subhanaria17@gmail.com,+62 896-0618-5355
3209,011 - PASALEMAN,005 - PASALEMAN,001200 - RT 012 RW 005 DUSUN PAHING,BANGUN ANTON SETIAWAN,bangunanton001@gmail.com,+62 852-2018-4834,GHIFARY RAFAEL FATHIAR,gifarirafael@gmail.com,+62 838-2518-7273
3209,011 - PASALEMAN,005 - PASALEMAN,001300 - RT 013 RW 005 DUSUN PAHING,BANGUN ANTON SETIAWAN,bangunanton001@gmail.com,+62 852-2018-4834,GHIFARY RAFAEL FATHIAR,gifarirafael@gmail.com,+62 838-2518-7273
3209,011 - PASALEMAN,005 - PASALEMAN,001400 - RT 014 RW 006 DUSUN PAHING,BANGUN ANTON SETIAWAN,bangunanton001@gmail.com,+62 852-2018-4834,GHIFARY RAFAEL FATHIAR,gifarirafael@gmail.com,+62 838-2518-7273
3209,011 - PASALEMAN,005 - PASALEMAN,001500 - RT 015 RW 006 DUSUN PAHING,BANGUN ANTON SETIAWAN,bangunanton001@gmail.com,+62 852-2018-4834,GHIFARY RAFAEL FATHIAR,gifarirafael@gmail.com,+62 838-2518-7273
3209,011 - PASALEMAN,005 - PASALEMAN,001600 - RT 016 RW 007 DUSUN MANIS,BANGUN ANTON SETIAWAN,bangunanton001@gmail.com,+62 852-2018-4834,GHIFARY RAFAEL FATHIAR,gifarirafael@gmail.com,+62 838-2518-7273
3209,011 - PASALEMAN,005 - PASALEMAN,001700 - RT 017 RW 007 DUSUN MANIS,BANGUN ANTON SETIAWAN,bangunanton001@gmail.com,+62 852-2018-4834,GHIFARY RAFAEL FATHIAR,gifarirafael@gmail.com,+62 838-2518-7273
3209,011 - PASALEMAN,005 - PASALEMAN,001800 - RT 018 RW 007 DUSUN MANIS,BANGUN ANTON SETIAWAN,bangunanton001@gmail.com,+62 852-2018-4834,GHIFARY RAFAEL FATHIAR,gifarirafael@gmail.com,+62 838-2518-7273
3209,011 - PASALEMAN,005 - PASALEMAN,100200 - KUBANG KARASAK,BANGUN ANTON SETIAWAN,bangunanton001@gmail.com,+62 852-2018-4834,DEDE ALIFAH,cydeaqueency@gmail.com,+62 895-3851-73082
3209,011 - PASALEMAN,006 - CIGOBANGWANGI,000100 - RT 001 RW 001 DUSUN SUMUR DALAM,BANGUN ANTON SETIAWAN,bangunanton001@gmail.com,+62 852-2018-4834,RISMA LESTARI,indriyanikani321@gmail.com,+62 813-1262-9165
3209,011 - PASALEMAN,006 - CIGOBANGWANGI,000300 - RT 003 RW 001 DUSUN SUMUR DALAM,BANGUN ANTON SETIAWAN,bangunanton001@gmail.com,+62 852-2018-4834,RISMA LESTARI,indriyanikani321@gmail.com,+62 813-1262-9165
3209,011 - PASALEMAN,006 - CIGOBANGWANGI,000600 - RT 001 RW 003 DUSUN SUMUR SARI,BANGUN ANTON SETIAWAN,bangunanton001@gmail.com,+62 852-2018-4834,RISMA LESTARI,indriyanikani321@gmail.com,+62 813-1262-9165
3209,011 - PASALEMAN,006 - CIGOBANGWANGI,000800 - RT 003 RW 003 DUSUN SUMUR SARI,BANGUN ANTON SETIAWAN,bangunanton001@gmail.com,+62 852-2018-4834,RISMA LESTARI,indriyanikani321@gmail.com,+62 813-1262-9165
3209,011 - PASALEMAN,006 - CIGOBANGWANGI,001200 - RT 002 RW 005 DUSUN SUMUR BANDUNG,BANGUN ANTON SETIAWAN,bangunanton001@gmail.com,+62 852-2018-4834,NOPI KRISTIANTI,elflifelittle@gmail.com,+62 081-2121-28424
3209,011 - PASALEMAN,006 - CIGOBANGWANGI,001300 - RT 003 RW 005 DUSUN SUMUR BANDUNG,BANGUN ANTON SETIAWAN,bangunanton001@gmail.com,+62 852-2018-4834,NOPI KRISTIANTI,elflifelittle@gmail.com,+62 081-2121-28424
3209,011 - PASALEMAN,006 - CIGOBANGWANGI,001400 - RT 001 RW 006 DUSUN SUMUR BANDUNG,BANGUN ANTON SETIAWAN,bangunanton001@gmail.com,+62 852-2018-4834,NOPI KRISTIANTI,elflifelittle@gmail.com,+62 081-2121-28424
3209,011 - PASALEMAN,006 - CIGOBANGWANGI,001500 - RT 002 RW 006 DUSUN SUMUR BANDUNG,BANGUN ANTON SETIAWAN,bangunanton001@gmail.com,+62 852-2018-4834,NOPI KRISTIANTI,elflifelittle@gmail.com,+62 081-2121-28424
3209,011 - PASALEMAN,006 - CIGOBANGWANGI,200100 - HUTAN,BANGUN ANTON SETIAWAN,bangunanton001@gmail.com,+62 852-2018-4834,NOPI KRISTIANTI,elflifelittle@gmail.com,+62 081-2121-28424
3209,011 - PASALEMAN,007 - CIGOBANG,000600 - RT 001 RW 002 DUSUN KARANG ANYAR,BANGUN ANTON SETIAWAN,bangunanton001@gmail.com,+62 852-2018-4834,DITA RATNAWATI,ditaratnawati448@gmail.com,+62 838-6790-4849
3209,011 - PASALEMAN,007 - CIGOBANG,000700 - RT 002 RW 002 DUSUN KARANG ANYAR,BANGUN ANTON SETIAWAN,bangunanton001@gmail.com,+62 852-2018-4834,DITA RATNAWATI,ditaratnawati448@gmail.com,+62 838-6790-4849
3209,011 - PASALEMAN,007 - CIGOBANG,001000 - RT 001 RW 003 DUSUN KERAMAT MULYA,BANGUN ANTON SETIAWAN,bangunanton001@gmail.com,+62 852-2018-4834,LILIS FITRIA,miminaliyah132@gmail.com,+62 831-9599-8304
3209,011 - PASALEMAN,007 - CIGOBANG,001100 - RT 002 RW 003 DUSUN KERAMAT MULYA,BANGUN ANTON SETIAWAN,bangunanton001@gmail.com,+62 852-2018-4834,LILIS FITRIA,miminaliyah132@gmail.com,+62 831-9599-8304
3209,011 - PASALEMAN,007 - CIGOBANG,002100 - RT 002 RW 004 DUSUN BOJONGSARI,BANGUN ANTON SETIAWAN,bangunanton001@gmail.com,+62 852-2018-4834,TATANG NURLANO,tatanglano@gmail.com,0
3209,011 - PASALEMAN,007 - CIGOBANG,002300 - RT 004 RW 004 DUSUN BOJONGSARI,BANGUN ANTON SETIAWAN,bangunanton001@gmail.com,+62 852-2018-4834,TATANG NURLANO,tatanglano@gmail.com,0
3209,011 - PASALEMAN,007 - CIGOBANG,002400 - RT 005 RW 002 DUSUN KARANG ANYAR,BANGUN ANTON SETIAWAN,bangunanton001@gmail.com,+62 852-2018-4834,LILIS FITRIA,miminaliyah132@gmail.com,+62 831-9599-8304
3209,011 - PASALEMAN,007 - CIGOBANG,100200 - BOJONG SARI,BANGUN ANTON SETIAWAN,bangunanton001@gmail.com,+62 852-2018-4834,TATANG NURLANO,tatanglano@gmail.com,0
3209,020 - CILEDUG,008 - LEUWEUNGGAJAH,000400 - RT 004 RW 01 DUSUN 01,WISNU,wisnupramudya34@gmail.com,+62 853-5337-3761,CECEP ARDIANSYAH ,cecepardiansyah485@gmail.com,+62 815-7233-8566
3209,020 - CILEDUG,008 - LEUWEUNGGAJAH,000700 - RT 001 RW 02 DUSUN 02,WISNU,wisnupramudya34@gmail.com,+62 853-5337-3761,CECEP ARDIANSYAH ,cecepardiansyah485@gmail.com,+62 815-7233-8566
3209,020 - CILEDUG,008 - LEUWEUNGGAJAH,001200 - RT 002 RW 03 DUSUN 03,MAMAT HIKMAT SAWABIQ,mahisa417@gmail.com,+62 853-1648-9651,ELA AMELIA,ellaamel00@gmail.com,+62 898-1878-530
3209,020 - CILEDUG,009 - TENJOMAYA,000200 - RT 002 RW 001 DUSUN 01,JAPAR SODIK,www.japarsodikelghaz09@gmail.com,+62 822-9511-6255,CHANDRA MAULANA,chandramaulana653@gmail.com,+62 881-3001-799
3209,020 - CILEDUG,009 - TENJOMAYA,000300 - RT 003 RW 001 DUSUN 01,WISNU,wisnupramudya34@gmail.com,+62 853-5337-3761,TAHLIA,fluffyyola3@gmail.com,+62 838-7253-0720
3209,020 - CILEDUG,009 - TENJOMAYA,000700 - RT 002 RW 002 DUSUN 02,WISNU,wisnupramudya34@gmail.com,+62 853-5337-3761,TAHLIA,fluffyyola3@gmail.com,+62 838-7253-0720
3209,020 - CILEDUG,009 - TENJOMAYA,000800 - RT 003 RW 002 DUSUN 02,WISNU,wisnupramudya34@gmail.com,+62 853-5337-3761,TAHLIA,fluffyyola3@gmail.com,+62 838-7253-0720
3209,020 - CILEDUG,009 - TENJOMAYA,000900 - RT 004 RW 002 DUSUN 02,WISNU,wisnupramudya34@gmail.com,+62 853-5337-3761,TAHLIA,fluffyyola3@gmail.com,+62 838-7253-0720
3209,020 - CILEDUG,009 - TENJOMAYA,001200 - RT 003 RW 003 DUSUN 03,WISNU,wisnupramudya34@gmail.com,+62 853-5337-3761,TAHLIA,fluffyyola3@gmail.com,+62 838-7253-0720
3209,020 - CILEDUG,009 - TENJOMAYA,001700 - RT 003 RW 004 DUSUN 04,JAPAR SODIK,www.japarsodikelghaz09@gmail.com,+62 822-9511-6255,CHANDRA MAULANA,chandramaulana653@gmail.com,+62 881-3001-799
3209,020 - CILEDUG,009 - TENJOMAYA,001800 - RT 004 RW 004 DUSUN 04,JAPAR SODIK,www.japarsodikelghaz09@gmail.com,+62 822-9511-6255,ABDUL AZIS ,azis45006@gmail.com,+62 083-8231-05535
3209,020 - CILEDUG,009 - TENJOMAYA,100100 - PERSAWAHAN (014P),JAPAR SODIK,www.japarsodikelghaz09@gmail.com,+62 822-9511-6255,ABDUL AZIS ,azis45006@gmail.com,+62 083-8231-05535
3209,020 - CILEDUG,009 - TENJOMAYA,100200 - PERSAWAHAN (015P),WISNU,wisnupramudya34@gmail.com,+62 853-5337-3761,TAHLIA,fluffyyola3@gmail.com,+62 838-7253-0720
3209,020 - CILEDUG,009 - TENJOMAYA,100300 - PERSAWAHAN,JAPAR SODIK,www.japarsodikelghaz09@gmail.com,+62 822-9511-6255,CHANDRA MAULANA,chandramaulana653@gmail.com,+62 881-3001-799
3209,020 - CILEDUG,010 - DAMARGUNA,000100 - RT 001 RW 001 BLOK PAHING,JAPAR SODIK,www.japarsodikelghaz09@gmail.com,+62 822-9511-6255,NURLAELI,laeli0257@gmail.com,+62 882-0002-91217
3209,020 - CILEDUG,010 - DAMARGUNA,000300 - RT 003 RW 001 BLOK PAHING,JAPAR SODIK,www.japarsodikelghaz09@gmail.com,+62 822-9511-6255,SRI ULPAH HIDAYAH,ulpah1988@gmail.com,+62 821-3001-3832_
3209,020 - CILEDUG,010 - DAMARGUNA,000400 - RT 004 RW 001 BLOK PAHING,JAPAR SODIK,www.japarsodikelghaz09@gmail.com,+62 822-9511-6255,LILIS SUMIYATI,imelati707@gmail.com,+62 812-2214-4465
3209,020 - CILEDUG,010 - DAMARGUNA,000800 - RT 001 RW 002 BLOK PON,JAPAR SODIK,www.japarsodikelghaz09@gmail.com,+62 822-9511-6255,LILIS SUMIYATI,imelati707@gmail.com,+62 812-2214-4465
3209,020 - CILEDUG,010 - DAMARGUNA,000900 - RT 002 RW 002 BLOK PON,JAPAR SODIK,www.japarsodikelghaz09@gmail.com,+62 822-9511-6255,LILIS SUMIYATI,imelati707@gmail.com,+62 812-2214-4465
3209,020 - CILEDUG,010 - DAMARGUNA,001100 - RT 004 RW 002 BLOK PON,JAPAR SODIK,www.japarsodikelghaz09@gmail.com,+62 822-9511-6255,SRI ULPAH HIDAYAH,ulpah1988@gmail.com,+62 821-3001-3832_
3209,020 - CILEDUG,010 - DAMARGUNA,001400 - RT 001 RW 003 BLOK WAGE,JAPAR SODIK,www.japarsodikelghaz09@gmail.com,+62 822-9511-6255,NURLAELI,laeli0257@gmail.com,+62 882-0002-91217
3209,020 - CILEDUG,010 - DAMARGUNA,001500 - RT 002 RW 003 BLOK WAGE,JAPAR SODIK,www.japarsodikelghaz09@gmail.com,+62 822-9511-6255,NURLAELI,laeli0257@gmail.com,+62 882-0002-91217
3209,020 - CILEDUG,010 - DAMARGUNA,001600 - RT 003 RW 003 BLOK WAGE,JAPAR SODIK,www.japarsodikelghaz09@gmail.com,+62 822-9511-6255,LILIS SUMIYATI,imelati707@gmail.com,+62 812-2214-4465
3209,020 - CILEDUG,010 - DAMARGUNA,001800 - RT 005 RW 003 BLOK WAGE,JAPAR SODIK,www.japarsodikelghaz09@gmail.com,+62 822-9511-6255,SRI ULPAH HIDAYAH,ulpah1988@gmail.com,+62 821-3001-3832_
3209,020 - CILEDUG,010 - DAMARGUNA,100100 - SAWAH,JAPAR SODIK,www.japarsodikelghaz09@gmail.com,+62 822-9511-6255,ASEP SEPIAMUJI,asepsepiamuji@gmail.com,+62 896-1965-0301
3209,020 - CILEDUG,011 - JATISEENG,000500 - RT 002 RW 002 DUSUN PAHING,WISNU,wisnupramudya34@gmail.com,+62 853-5337-3761,FERI FERDIAN,feriferdian378@gmail.com,+62 812-2225-7203
3209,020 - CILEDUG,011 - JATISEENG,000600 - RT 003 RW 002 DUSUN PAHING,WISNU,wisnupramudya34@gmail.com,+62 853-5337-3761,FERI FERDIAN,feriferdian378@gmail.com,+62 812-2225-7203
3209,020 - CILEDUG,011 - JATISEENG,001200 - RT 002 RW 004 DUSUN WAGE,WISNU,wisnupramudya34@gmail.com,+62 853-5337-3761,YULI NURMALASARI,nurmalasariyl19@gmail.com,+62 822-1566-1932
3209,020 - CILEDUG,012 - JATISEENG KIDUL,000100 - RT 001 RW 001 BLOK WAGE,MAMAT HIKMAT SAWABIQ,mahisa417@gmail.com,+62 853-1648-9651,HERIYANTO,jayabaya031275@gmail.com,+62 851-6810-0809
3209,020 - CILEDUG,012 - JATISEENG KIDUL,000700 - RT 002 RW 002 BLOK WAGE,MAMAT HIKMAT SAWABIQ,mahisa417@gmail.com,+62 853-1648-9651,HERIYANTO,jayabaya031275@gmail.com,+62 851-6810-0809
3209,020 - CILEDUG,012 - JATISEENG KIDUL,000800 - RT 003 RW 002 BLOK WAGE,MAMAT HIKMAT SAWABIQ,mahisa417@gmail.com,+62 853-1648-9651,MUHAMMAD YUSMAN ARIF,yusman.arif4@gmail.com,+62 813-2239-0922
3209,020 - CILEDUG,012 - JATISEENG KIDUL,001100 - RT 002 RW 003 BLOK KLIWON,MAMAT HIKMAT SAWABIQ,mahisa417@gmail.com,+62 853-1648-9651,KASIH MARISA,kasihmarisa51@gmail.com,+62 081-3719-15810
3209,020 - CILEDUG,012 - JATISEENG KIDUL,001300 - RT 004 RW 003 BLOK KLIWON,MAMAT HIKMAT SAWABIQ,mahisa417@gmail.com,+62 853-1648-9651,KASIH MARISA,kasihmarisa51@gmail.com,+62 081-3719-15810
3209,020 - CILEDUG,012 - JATISEENG KIDUL,001900 - RT 002 RW 005 BLOK KLIWON,MAMAT HIKMAT SAWABIQ,mahisa417@gmail.com,+62 853-1648-9651,ROHITA,itarohita50@gmail.com,+62 896-7608-8094
3209,020 - CILEDUG,012 - JATISEENG KIDUL,002300 - RT 002 RW 006 BLOK MANIS,MAMAT HIKMAT SAWABIQ,mahisa417@gmail.com,+62 853-1648-9651,ROHITA,itarohita50@gmail.com,+62 896-7608-8094
3209,020 - CILEDUG,012 - JATISEENG KIDUL,002400 - RT 003 RW 006 BLOK MANIS,MAMAT HIKMAT SAWABIQ,mahisa417@gmail.com,+62 853-1648-9651,ROHITA,itarohita50@gmail.com,+62 896-7608-8094
3209,020 - CILEDUG,012 - JATISEENG KIDUL,002600 - RT 001 RW 007 BLOK MANIS,MAMAT HIKMAT SAWABIQ,mahisa417@gmail.com,+62 853-1648-9651,INTEN HAPRIATI DEWI,dewiintenhapriati@gmail.com,+62 822-4004-5789
3209,020 - CILEDUG,012 - JATISEENG KIDUL,002700 - RT 002 RW 007 BLOK MANIS,MAMAT HIKMAT SAWABIQ,mahisa417@gmail.com,+62 853-1648-9651,INTEN HAPRIATI DEWI,dewiintenhapriati@gmail.com,+62 822-4004-5789
3209,020 - CILEDUG,012 - JATISEENG KIDUL,002800 - RT 003 RW 007 BLOK MANIS,MAMAT HIKMAT SAWABIQ,mahisa417@gmail.com,+62 853-1648-9651,INTEN HAPRIATI DEWI,dewiintenhapriati@gmail.com,+62 822-4004-5789
3209,020 - CILEDUG,012 - JATISEENG KIDUL,003300 - RT 004 RW 008 BLOK MANIS,MAMAT HIKMAT SAWABIQ,mahisa417@gmail.com,+62 853-1648-9651,ASEP MULYANA,asepmulyana737@yahoo.com,+62 838-2226-8652
3209,020 - CILEDUG,012 - JATISEENG KIDUL,004500 - RT 004 RW 011 BLOK PAHING,MAMAT HIKMAT SAWABIQ,mahisa417@gmail.com,+62 853-1648-9651,INTEN HAPRIATI DEWI,dewiintenhapriati@gmail.com,+62 822-4004-5789
3209,020 - CILEDUG,013 - CILEDUG KULON,000100 - RT 001 RW 001 DUSUN PON,KOMARUDIN,hamzahf865@gmail.com,+62 823-1576-0509,INDAH DAMAYANTI,indahdamayanti452@gmail.com,+62 895-3645-61121
3209,020 - CILEDUG,013 - CILEDUG KULON,000200 - RT 002 RW 001 DUSUN PON,KOMARUDIN,hamzahf865@gmail.com,+62 823-1576-0509,MOH ALIP IDAMAN,alipidaman1983@gmail.com,0
3209,020 - CILEDUG,013 - CILEDUG KULON,000400 - RT 004 RW 001 DUSUN PON,KOMARUDIN,hamzahf865@gmail.com,+62 823-1576-0509,MOH ALIP IDAMAN,alipidaman1983@gmail.com,0
3209,020 - CILEDUG,013 - CILEDUG KULON,000700 - RT 002 RW 002 DUSUN WAGE,KOMARUDIN,hamzahf865@gmail.com,+62 823-1576-0509,DIKI SADIKI,dikcykewoy76@gmail.com,+62 896-6098-7446
3209,020 - CILEDUG,013 - CILEDUG KULON,000800 - RT 003 RW 002 DUSUN WAGE,KOMARUDIN,hamzahf865@gmail.com,+62 823-1576-0509,DIKI SADIKI,dikcykewoy76@gmail.com,+62 896-6098-7446
3209,020 - CILEDUG,013 - CILEDUG KULON,001000 - RT 005 RW 002 DUSUN WAGE,KOMARUDIN,hamzahf865@gmail.com,+62 823-1576-0509,DIKI SADIKI,dikcykewoy76@gmail.com,+62 896-6098-7446
3209,020 - CILEDUG,013 - CILEDUG KULON,001100 - RT 006 RW 002 DUSUN WAGE,KOMARUDIN,hamzahf865@gmail.com,+62 823-1576-0509,INDAH DAMAYANTI,indahdamayanti452@gmail.com,+62 895-3645-61121
3209,020 - CILEDUG,013 - CILEDUG KULON,001201 - RT 001 RW 003 DUSUN KLIWON,KOMARUDIN,hamzahf865@gmail.com,+62 823-1576-0509,INDAH DAMAYANTI,indahdamayanti452@gmail.com,+62 895-3645-61121
3209,020 - CILEDUG,013 - CILEDUG KULON,001300 - RT 002 RW 003 DUSUN KLIWON,KOMARUDIN,hamzahf865@gmail.com,+62 823-1576-0509,INDAH DAMAYANTI,indahdamayanti452@gmail.com,+62 895-3645-61121
3209,020 - CILEDUG,013 - CILEDUG KULON,001400 - RT 003 RW 003 DUSUN KLIWON,KOMARUDIN,hamzahf865@gmail.com,+62 823-1576-0509,INDAH DAMAYANTI,indahdamayanti452@gmail.com,+62 895-3645-61121
3209,020 - CILEDUG,013 - CILEDUG KULON,001600 - RT 005 RW 003 DUSUN KLIWON,KOMARUDIN,hamzahf865@gmail.com,+62 823-1576-0509,DIKI SADIKI,dikcykewoy76@gmail.com,+62 896-6098-7446
3209,020 - CILEDUG,013 - CILEDUG KULON,001700 - RT 006 RW 003 DUSUN KLIWON,KOMARUDIN,hamzahf865@gmail.com,+62 823-1576-0509,MOH ALIP IDAMAN,alipidaman1983@gmail.com,0
3209,020 - CILEDUG,013 - CILEDUG KULON,100100 - PERSAWAHAN,KOMARUDIN,hamzahf865@gmail.com,+62 823-1576-0509,DIKI SADIKI,dikcykewoy76@gmail.com,+62 896-6098-7446
3209,020 - CILEDUG,014 - CILEDUG WETAN,000700 - RT 003 RW 005 BLOK PALABUAN,KOMARUDIN,hamzahf865@gmail.com,+62 823-1576-0509,NAUFIK MULDIANA,naufikmuldiana20@gmail.com,+62 896-6122-6959
3209,020 - CILEDUG,014 - CILEDUG WETAN,100100 - PERSAWAHAN,KOMARUDIN,hamzahf865@gmail.com,+62 823-1576-0509,ANTO SUSANTO ,haikhal.naufhal91@gmail.com,+62 831-7000-7351
3209,020 - CILEDUG,015 - CILEDUG LOR,000100 - RT 001 RW 001 BLOK PAMOSONGAN,WISNU,wisnupramudya34@gmail.com,+62 853-5337-3761,PRIMAHAYANTI,primahayanti89@gmail.com,0
3209,020 - CILEDUG,015 - CILEDUG LOR,000500 - RT 001 RW 002 BLOK KAMPUNG BARU,WISNU,wisnupramudya34@gmail.com,+62 853-5337-3761,PRIMAHAYANTI,primahayanti89@gmail.com,0
3209,020 - CILEDUG,015 - CILEDUG LOR,000800 - RT 004 RW 002 BLOK KAMPUNG BARU,WISNU,wisnupramudya34@gmail.com,+62 853-5337-3761,PRIMAHAYANTI,primahayanti89@gmail.com,0
3209,020 - CILEDUG,015 - CILEDUG LOR,001100 - RT 003 RW 003 BLOK KARANG ANYAR,WISNU,wisnupramudya34@gmail.com,+62 853-5337-3761,IIS AISYAH,03iisaisyah@gmail.com,+62 857-9474-3878
3209,020 - CILEDUG,016 - CILEDUG TENGAH,000300 - RT 003 RW 001 BLOK MANIS,JAPAR SODIK,www.japarsodikelghaz09@gmail.com,+62 822-9511-6255,NAZWA AZZAHRA ,nazwanazwa79647@gmail.com,+62 083-1611-83411
3209,020 - CILEDUG,016 - CILEDUG TENGAH,000700 - RT 003 RW 002 BLOK MANIS,JAPAR SODIK,www.japarsodikelghaz09@gmail.com,+62 822-9511-6255,JUHANDI,handi98@gmail.com,0
3209,020 - CILEDUG,016 - CILEDUG TENGAH,000800 - RT 001 RW 003 BLOK PAING,JAPAR SODIK,www.japarsodikelghaz09@gmail.com,+62 822-9511-6255,JUHANDI,handi98@gmail.com,0
3209,020 - CILEDUG,016 - CILEDUG TENGAH,000900 - RT 002 RW 003 BLOK PAING,JAPAR SODIK,www.japarsodikelghaz09@gmail.com,+62 822-9511-6255,WAWAN ERNAWAN,wawanernawan342@gmail.com,+62 857-4685-1015
3209,020 - CILEDUG,016 - CILEDUG TENGAH,001000 - RT 003 RW 003 BLOK PAING,JAPAR SODIK,www.japarsodikelghaz09@gmail.com,+62 822-9511-6255,JUHANDI,handi98@gmail.com,0
3209,020 - CILEDUG,016 - CILEDUG TENGAH,001100 - RT 004 RW 003 BLOK PAING,JAPAR SODIK,www.japarsodikelghaz09@gmail.com,+62 822-9511-6255,JUHANDI,handi98@gmail.com,0
3209,020 - CILEDUG,016 - CILEDUG TENGAH,001200 - RT 001 RW 004 BLOK PAING,JAPAR SODIK,www.japarsodikelghaz09@gmail.com,+62 822-9511-6255,WAWAN ERNAWAN,wawanernawan342@gmail.com,+62 857-4685-1015
3209,020 - CILEDUG,016 - CILEDUG TENGAH,001300 - RT 002 RW 004 BLOK PAING,JAPAR SODIK,www.japarsodikelghaz09@gmail.com,+62 822-9511-6255,WAWAN ERNAWAN,wawanernawan342@gmail.com,+62 857-4685-1015
3209,020 - CILEDUG,016 - CILEDUG TENGAH,001400 - RT 003 RW 004 BLOK PAING,JAPAR SODIK,www.japarsodikelghaz09@gmail.com,+62 822-9511-6255,WAWAN ERNAWAN,wawanernawan342@gmail.com,+62 857-4685-1015
3209,020 - CILEDUG,016 - CILEDUG TENGAH,001500 - RT 004 RW 004 BLOK PAING,JAPAR SODIK,www.japarsodikelghaz09@gmail.com,+62 822-9511-6255,WAWAN ERNAWAN,wawanernawan342@gmail.com,+62 857-4685-1015
3209,020 - CILEDUG,016 - CILEDUG TENGAH,001600 - RT 001 RW 005 BLOK AMPERA,JAPAR SODIK,www.japarsodikelghaz09@gmail.com,+62 822-9511-6255,JUHANDI,handi98@gmail.com,0
3209,020 - CILEDUG,016 - CILEDUG TENGAH,001700 - RT 002 RW 005 BLOK AMPERA,JAPAR SODIK,www.japarsodikelghaz09@gmail.com,+62 822-9511-6255,WAWAN ERNAWAN,wawanernawan342@gmail.com,+62 857-4685-1015
3209,020 - CILEDUG,017 - BOJONGNEGARA,000100 - RT 001 RW 001 BLOK MANIS,KOMARUDIN,hamzahf865@gmail.com,+62 823-1576-0509,YAYAN WIRYANTO,yayanwiryanto695@gmail.com,+62 838-2302-6408
3209,020 - CILEDUG,017 - BOJONGNEGARA,000400 - RT 004 RW 001 BLOK MANIS,KOMARUDIN,hamzahf865@gmail.com,+62 823-1576-0509,YAYAN WIRYANTO,yayanwiryanto695@gmail.com,+62 838-2302-6408
3209,020 - CILEDUG,017 - BOJONGNEGARA,000900 - RT 005 RW 002 BLOK PAHING,KOMARUDIN,hamzahf865@gmail.com,+62 823-1576-0509,YAYAN WIRYANTO,yayanwiryanto695@gmail.com,+62 838-2302-6408
3209,020 - CILEDUG,017 - BOJONGNEGARA,001200 - RT 003 RW 003 BLOK PON,KOMARUDIN,hamzahf865@gmail.com,+62 823-1576-0509,HARIS BA'ADILAH KHAIRO ,bekabaadilah@gmail.com,+62 088-2245-71153
3209,020 - CILEDUG,017 - BOJONGNEGARA,001300 - RT 004 RW 003 BLOK PON,KOMARUDIN,hamzahf865@gmail.com,+62 823-1576-0509,HARIS BA'ADILAH KHAIRO ,bekabaadilah@gmail.com,+62 088-2245-71153
3209,020 - CILEDUG,017 - BOJONGNEGARA,001500 - RT 001 RW 004 BLOK WAGE,KOMARUDIN,hamzahf865@gmail.com,+62 823-1576-0509,ANDI SUPRIANDI ,andisupriandi1983@gmail.com,+62 882-9798-3445
3209,020 - CILEDUG,017 - BOJONGNEGARA,001600 - RT 002 RW 004 BLOK WAGE,KOMARUDIN,hamzahf865@gmail.com,+62 823-1576-0509,ANDI SUPRIANDI ,andisupriandi1983@gmail.com,+62 882-9798-3445
3209,020 - CILEDUG,017 - BOJONGNEGARA,001800 - RT 004 RW 004 BLOK WAGE,KOMARUDIN,hamzahf865@gmail.com,+62 823-1576-0509,HARIS BA'ADILAH KHAIRO ,bekabaadilah@gmail.com,+62 088-2245-71153
3209,020 - CILEDUG,017 - BOJONGNEGARA,100300 - PERSAWAHAN,KOMARUDIN,hamzahf865@gmail.com,+62 823-1576-0509,HARIS BA'ADILAH KHAIRO ,bekabaadilah@gmail.com,+62 088-2245-71153
3209,020 - CILEDUG,017 - BOJONGNEGARA,100400 - PERSAWAHAN,KOMARUDIN,hamzahf865@gmail.com,+62 823-1576-0509,HARIS BA'ADILAH KHAIRO ,bekabaadilah@gmail.com,+62 088-2245-71153
3209,021 - PABUARAN,001 - SUKADANA,000900 - RT 002 RW 004 DUSUN 2,UUS KUSNANTO SETIAWAN,uuskusnanto6472@gmail.com,+62 895-1042-0559,MAELIA ROFANI NURBAETI,fanimaelia@gmail.com,0
3209,021 - PABUARAN,001 - SUKADANA,001300 - RT 003 RW 005 DUSUN 2,DARSONO,nakhalfan0@gmail.com,+62 813-1262-9165,SITI HAYATUN,hastisyifa12@gmail.com,+62 838-4485-3505
3209,021 - PABUARAN,001 - SUKADANA,001400 - RT 001 RW 006 DUSUN 2,DARSONO,nakhalfan0@gmail.com,+62 813-1262-9165,FITRIA WIDIANINGRUM ,fitri.young1@gmail.com,0
3209,021 - PABUARAN,001 - SUKADANA,001500 - RT 002 RW 006 DUSUN 2,DARSONO,nakhalfan0@gmail.com,+62 813-1262-9165,FITRIA WIDIANINGRUM ,fitri.young1@gmail.com,0
3209,021 - PABUARAN,001 - SUKADANA,001600 - RT 003 RW 006 DUSUN 2,DARSONO,nakhalfan0@gmail.com,+62 813-1262-9165,FITRIA WIDIANINGRUM ,fitri.young1@gmail.com,0
3209,021 - PABUARAN,001 - SUKADANA,002100 - RT 002 RW 008 DUSUN 3,DARSONO,nakhalfan0@gmail.com,+62 813-1262-9165,FITRIA WIDIANINGRUM ,fitri.young1@gmail.com,0
3209,021 - PABUARAN,001 - SUKADANA,002300 - RT 002 RW 009 DUSUN 3,DARSONO,nakhalfan0@gmail.com,+62 813-1262-9165,SITI HAYATUN,hastisyifa12@gmail.com,+62 838-4485-3505
3209,021 - PABUARAN,002 - PABUARAN KIDUL,000101 - RT 001 RW 001 DUSUN 1,DARSONO,nakhalfan0@gmail.com,+62 813-1262-9165,ROHMAT HIDAYAT,rohmath263@gmail.com,0
3209,021 - PABUARAN,002 - PABUARAN KIDUL,001700 - RT 001 RW 005 DUSUN 3,DARSONO,nakhalfan0@gmail.com,+62 813-1262-9165,MULYADI ,mulyadi.0309@gmail.com,+62 813-2450-8175
3209,021 - PABUARAN,002 - PABUARAN KIDUL,002200 - RT 002 RW 006 DUSUN 3,DARSONO,nakhalfan0@gmail.com,+62 813-1262-9165,INTAN YUSTIE MARTATIYAH,imartatiyah@gmail.com,+62 085-7032-46169
3209,021 - PABUARAN,002 - PABUARAN KIDUL,002400 - RT 004 RW 006 DUSUN 3,DARSONO,nakhalfan0@gmail.com,+62 813-1262-9165,INTAN YUSTIE MARTATIYAH,imartatiyah@gmail.com,+62 085-7032-46169
3209,021 - PABUARAN,003 - PABUARAN WETAN,000101 - RT 001 RW 001 BLOK 01,DARSONO,nakhalfan0@gmail.com,+62 813-1262-9165,I'ANATURROPIQ ,ianaturropiq1505@gmail.com,+62 895-3214-62136
3209,021 - PABUARAN,003 - PABUARAN WETAN,000300 - RT 003 RW 001 BLOK 01,UUS KUSNANTO SETIAWAN,uuskusnanto6472@gmail.com,+62 895-1042-0559,AHMAD SIROJUDDIN MUNIER,ahmadsirojuddinmunier@gmail.com,+62 857-2424-6687
3209,021 - PABUARAN,003 - PABUARAN WETAN,000600 - RT 002 RW 002 BLOK 01,UUS KUSNANTO SETIAWAN,uuskusnanto6472@gmail.com,+62 895-1042-0559,AHMAD SIROJUDDIN MUNIER,ahmadsirojuddinmunier@gmail.com,+62 857-2424-6687
3209,021 - PABUARAN,003 - PABUARAN WETAN,000700 - RT 003 RW 002 BLOK 01,UUS KUSNANTO SETIAWAN,uuskusnanto6472@gmail.com,+62 895-1042-0559,AHMAD SIROJUDDIN MUNIER,ahmadsirojuddinmunier@gmail.com,+62 857-2424-6687
3209,021 - PABUARAN,003 - PABUARAN WETAN,000900 - RT 002 RW 003 BLOK 01,UUS KUSNANTO SETIAWAN,uuskusnanto6472@gmail.com,+62 895-1042-0559,MUHAMMAD FAQIH SULAEMAN ,faqihslmn31@gmail.com,+62 838-2328-3174
3209,021 - PABUARAN,003 - PABUARAN WETAN,001000 - RT 003 RW 003 BLOK 01,UUS KUSNANTO SETIAWAN,uuskusnanto6472@gmail.com,+62 895-1042-0559,MUHAMMAD FAQIH SULAEMAN ,faqihslmn31@gmail.com,+62 838-2328-3174
3209,021 - PABUARAN,003 - PABUARAN WETAN,001800 - RT 001 RW 006 BLOK 02,UUS KUSNANTO SETIAWAN,uuskusnanto6472@gmail.com,+62 895-1042-0559,LISA LAYYINATUL LISSANY,lissanylisa@gmail.com,0
3209,021 - PABUARAN,003 - PABUARAN WETAN,002700 - RT 002 RW 008 BLOK 03,UUS KUSNANTO SETIAWAN,uuskusnanto6472@gmail.com,+62 895-1042-0559,HASAN HASIDIN SETIAWAN,2hsetiawan@gmail.com,+62 823-1994-4567
3209,021 - PABUARAN,004 - PABUARAN LOR,000200 - RT 002 RW 001 DUSUN 001,DIDING JOHARUDIN,didingjoharudin22@gmail.com,+62 813-9553-8477,SUHARNI,nanidiba05@gmail.com,+62 085-2101-45758
3209,021 - PABUARAN,004 - PABUARAN LOR,000400 - RT 004 RW 001 DUSUN 001,DIDING JOHARUDIN,didingjoharudin22@gmail.com,+62 813-9553-8477,SUHARNI,nanidiba05@gmail.com,+62 085-2101-45758
3209,021 - PABUARAN,004 - PABUARAN LOR,000500 - RT 001 RW 002 DUSUN 001,DIDING JOHARUDIN,didingjoharudin22@gmail.com,+62 813-9553-8477,SUHARNI,nanidiba05@gmail.com,+62 085-2101-45758
3209,021 - PABUARAN,004 - PABUARAN LOR,000600 - RT 002 RW 002 DUSUN 001,DIDING JOHARUDIN,didingjoharudin22@gmail.com,+62 813-9553-8477,SUHARNI,nanidiba05@gmail.com,+62 085-2101-45758
3209,021 - PABUARAN,004 - PABUARAN LOR,000700 - RT 003 RW 002 DUSUN 001,DIDING JOHARUDIN,didingjoharudin22@gmail.com,+62 813-9553-8477,SUHARNI,nanidiba05@gmail.com,+62 085-2101-45758
3209,021 - PABUARAN,004 - PABUARAN LOR,000800 - RT 004 RW 002 DUSUN 001,DIDING JOHARUDIN,didingjoharudin22@gmail.com,+62 813-9553-8477,SUHARNI,nanidiba05@gmail.com,+62 085-2101-45758
3209,021 - PABUARAN,004 - PABUARAN LOR,000900 - RT 001 RW 003 DUSUN 002,DIDING JOHARUDIN,didingjoharudin22@gmail.com,+62 813-9553-8477,MUHAMMAD FATHUR ALHAJMI,fathuralhajmi@gmail.com,+62 857-2120-2689
3209,021 - PABUARAN,004 - PABUARAN LOR,001000 - RT 002 RW 003 DUSUN 002,DIDING JOHARUDIN,didingjoharudin22@gmail.com,+62 813-9553-8477,MUHAMMAD FATHUR ALHAJMI,fathuralhajmi@gmail.com,+62 857-2120-2689
3209,021 - PABUARAN,004 - PABUARAN LOR,001100 - RT 003 RW 003 DUSUN 002,DIDING JOHARUDIN,didingjoharudin22@gmail.com,+62 813-9553-8477,MUHAMMAD FATHUR ALHAJMI,fathuralhajmi@gmail.com,+62 857-2120-2689
3209,021 - PABUARAN,004 - PABUARAN LOR,001300 - RT 002 RW 004 DUSUN 002,DIDING JOHARUDIN,didingjoharudin22@gmail.com,+62 813-9553-8477,MUHAMMAD FATHUR ALHAJMI,fathuralhajmi@gmail.com,+62 857-2120-2689
3209,021 - PABUARAN,004 - PABUARAN LOR,001400 - RT 001 RW 005 DUSUN 002,DIDING JOHARUDIN,didingjoharudin22@gmail.com,+62 813-9553-8477,MUHAMMAD FATHUR ALHAJMI,fathuralhajmi@gmail.com,+62 857-2120-2689
3209,021 - PABUARAN,004 - PABUARAN LOR,001600 - RT 003 RW 005 DUSUN 002,DIDING JOHARUDIN,didingjoharudin22@gmail.com,+62 813-9553-8477,MUHAMMAD FATHUR ALHAJMI,fathuralhajmi@gmail.com,+62 857-2120-2689
3209,021 - PABUARAN,004 - PABUARAN LOR,001700 - RT 001 RW 006 DUSUN 003,DIDING JOHARUDIN,didingjoharudin22@gmail.com,+62 813-9553-8477,KARNO,karno9743@gmail.com,+62 856-0369-3079
3209,021 - PABUARAN,004 - PABUARAN LOR,001800 - RT 002 RW 006 DUSUN 003,DIDING JOHARUDIN,didingjoharudin22@gmail.com,+62 813-9553-8477,KARNO,karno9743@gmail.com,+62 856-0369-3079
3209,021 - PABUARAN,004 - PABUARAN LOR,001900 - RT 003 RW 006 DUSUN 003,DIDING JOHARUDIN,didingjoharudin22@gmail.com,+62 813-9553-8477,KARNO,karno9743@gmail.com,+62 856-0369-3079
3209,021 - PABUARAN,004 - PABUARAN LOR,002000 - RT 004 RW 006 DUSUN 003,DIDING JOHARUDIN,didingjoharudin22@gmail.com,+62 813-9553-8477,KARNO,karno9743@gmail.com,+62 856-0369-3079
3209,021 - PABUARAN,004 - PABUARAN LOR,002100 - RT 001 RW 007 DUSUN 003,DIDING JOHARUDIN,didingjoharudin22@gmail.com,+62 813-9553-8477,KARNO,karno9743@gmail.com,+62 856-0369-3079
3209,021 - PABUARAN,004 - PABUARAN LOR,003000 - RT 001 RW 010 DUSUN 004,SITI MUTMAINAH,mutmainahsiti294@gmail.com,+62 813-2464-0404,MARATU THO'AH,maratuthoah15@gmail.com,+62 813-9559-7448
3209,021 - PABUARAN,004 - PABUARAN LOR,003100 - RT 002 RW 010 DUSUN 004,SITI MUTMAINAH,mutmainahsiti294@gmail.com,+62 813-2464-0404,MARATU THO'AH,maratuthoah15@gmail.com,+62 813-9559-7448
3209,021 - PABUARAN,004 - PABUARAN LOR,003200 - RT 003 RW 010 DUSUN 004,SITI MUTMAINAH,mutmainahsiti294@gmail.com,+62 813-2464-0404,MARATU THO'AH,maratuthoah15@gmail.com,+62 813-9559-7448
3209,021 - PABUARAN,004 - PABUARAN LOR,003400 - RT 002 RW 011 DUSUN 005,DIDING JOHARUDIN,didingjoharudin22@gmail.com,+62 813-9553-8477,IIN MUCHINAH,iinmuchinah86@gmail.com,+62 822-4034-3738
3209,021 - PABUARAN,004 - PABUARAN LOR,003500 - RT 003 RW 011 DUSUN 005,DIDING JOHARUDIN,didingjoharudin22@gmail.com,+62 813-9553-8477,IIN MUCHINAH,iinmuchinah86@gmail.com,+62 822-4034-3738
3209,021 - PABUARAN,004 - PABUARAN LOR,003600 - RT 001 RW 012 DUSUN 005,DIDING JOHARUDIN,didingjoharudin22@gmail.com,+62 813-9553-8477,IIN MUCHINAH,iinmuchinah86@gmail.com,+62 822-4034-3738
3209,021 - PABUARAN,004 - PABUARAN LOR,003700 - RT 002 RW 012 DUSUN 005,DIDING JOHARUDIN,didingjoharudin22@gmail.com,+62 813-9553-8477,IIN MUCHINAH,iinmuchinah86@gmail.com,+62 822-4034-3738
3209,021 - PABUARAN,004 - PABUARAN LOR,003800 - RT 003 RW 012 DUSUN 005,DIDING JOHARUDIN,didingjoharudin22@gmail.com,+62 813-9553-8477,IIN MUCHINAH,iinmuchinah86@gmail.com,+62 822-4034-3738
3209,021 - PABUARAN,004 - PABUARAN LOR,003900 - RT 001 RW 013 DUSUN 006,DARSONO,nakhalfan0@gmail.com,+62 813-1262-9165,ROSITA,ros583137@gmail.com,0
3209,021 - PABUARAN,005 - JATIRENGGANG,000500 - RT 002 RW 002 DUSUN 01,DIDING JOHARUDIN,didingjoharudin22@gmail.com,+62 813-9553-8477,RAGIL PRAMIYADI,dho.rock.dock@gmail.com,+62 822-1924-4406
3209,021 - PABUARAN,005 - JATIRENGGANG,000900 - RT 003 RW 003 DUSUN 01 SELATAN,DIDING JOHARUDIN,didingjoharudin22@gmail.com,+62 813-9553-8477,RAGIL PRAMIYADI,dho.rock.dock@gmail.com,+62 822-1924-4406
3209,021 - PABUARAN,005 - JATIRENGGANG,001000 - RT 001 RW 004 DUSUN 02 TENGAH,DIDING JOHARUDIN,didingjoharudin22@gmail.com,+62 813-9553-8477,RAGIL PRAMIYADI,dho.rock.dock@gmail.com,+62 822-1924-4406
3209,021 - PABUARAN,005 - JATIRENGGANG,001200 - RT 003 RW 004 DUSUN 02,DIDING JOHARUDIN,didingjoharudin22@gmail.com,+62 813-9553-8477,DIDING DIHARJO,didingdi122@gmail.com,+62 853-1567-9655
3209,021 - PABUARAN,005 - JATIRENGGANG,001300 - RT 001 RW 005 DUSUN 02,DIDING JOHARUDIN,didingjoharudin22@gmail.com,+62 813-9553-8477,DIDING DIHARJO,didingdi122@gmail.com,+62 853-1567-9655
3209,021 - PABUARAN,005 - JATIRENGGANG,001400 - RT 002 RW 005 DUSUN 02,DIDING JOHARUDIN,didingjoharudin22@gmail.com,+62 813-9553-8477,RAGIL PRAMIYADI,dho.rock.dock@gmail.com,+62 822-1924-4406
3209,021 - PABUARAN,005 - JATIRENGGANG,001500 - RT 003 RW 005 DUSUN 02,DIDING JOHARUDIN,didingjoharudin22@gmail.com,+62 813-9553-8477,RAGIL PRAMIYADI,dho.rock.dock@gmail.com,+62 822-1924-4406
3209,021 - PABUARAN,005 - JATIRENGGANG,001600 - RT 001 RW 006 DUSUN 02,DIDING JOHARUDIN,didingjoharudin22@gmail.com,+62 813-9553-8477,DIDING DIHARJO,didingdi122@gmail.com,+62 853-1567-9655
3209,021 - PABUARAN,005 - JATIRENGGANG,001700 - RT 002 RW 006 DUSUN 02,DIDING JOHARUDIN,didingjoharudin22@gmail.com,+62 813-9553-8477,DIDING DIHARJO,didingdi122@gmail.com,+62 853-1567-9655
3209,021 - PABUARAN,005 - JATIRENGGANG,001800 - RT 003 RW 006 DUSUN 02 TENGAH,DIDING JOHARUDIN,didingjoharudin22@gmail.com,+62 813-9553-8477,DIDING DIHARJO,didingdi122@gmail.com,+62 853-1567-9655
3209,021 - PABUARAN,005 - JATIRENGGANG,001900 - RT 001 RW 007 DUSUN 03 UTARA,DIDING JOHARUDIN,didingjoharudin22@gmail.com,+62 813-9553-8477,DIDING DIHARJO,didingdi122@gmail.com,+62 853-1567-9655
3209,021 - PABUARAN,005 - JATIRENGGANG,002100 - RT 003 RW 007 DUSUN 03,DIDING JOHARUDIN,didingjoharudin22@gmail.com,+62 813-9553-8477,IRPAN TAUFIK ISMAIL ,irpantaufik181@gmail.com,+62 823-4122-6639
3209,021 - PABUARAN,005 - JATIRENGGANG,002200 - RT 001 RW 008 DUSUN 03,DIDING JOHARUDIN,didingjoharudin22@gmail.com,+62 813-9553-8477,IRPAN TAUFIK ISMAIL ,irpantaufik181@gmail.com,+62 823-4122-6639
3209,021 - PABUARAN,005 - JATIRENGGANG,002300 - RT 002 RW 008 DUSUN 03,DIDING JOHARUDIN,didingjoharudin22@gmail.com,+62 813-9553-8477,IRPAN TAUFIK ISMAIL ,irpantaufik181@gmail.com,+62 823-4122-6639
3209,021 - PABUARAN,006 - HULUBANTENG,000300 - RT 003 RW 001 DUSUN MANIS,SITI MUTMAINAH,mutmainahsiti294@gmail.com,+62 813-2464-0404,EDI JUNAEDI,asmaradeddy039@gmail.com,+62 812-8073-0631
3209,021 - PABUARAN,006 - HULUBANTENG,000400 - RT 004 RW 001 DUSUN MANIS,SITI MUTMAINAH,mutmainahsiti294@gmail.com,+62 813-2464-0404,EDI JUNAEDI,asmaradeddy039@gmail.com,+62 812-8073-0631
3209,021 - PABUARAN,006 - HULUBANTENG,001800 - RT 005 RW 004 DUSUN KLIWON,SITI MUTMAINAH,mutmainahsiti294@gmail.com,+62 813-2464-0404,DHUGI PRAYUGO,mahesasastraprayugo@gmail.com,+62 831-8857-6777
3209,021 - PABUARAN,006 - HULUBANTENG,002400 - RT 002 RW 006 DUSUN KLIWON,SITI MUTMAINAH,mutmainahsiti294@gmail.com,+62 813-2464-0404,MUKLIS,elfardhanmuklis@gmail.com,+62 852-2171-2542
3209,021 - PABUARAN,006 - HULUBANTENG,100100 - SAWAH,SITI MUTMAINAH,mutmainahsiti294@gmail.com,+62 813-2464-0404,MUKLIS,elfardhanmuklis@gmail.com,+62 852-2171-2542
3209,021 - PABUARAN,007 - HULUBANTENG LOR,000600 - RT 002 RW 02 DUSUN WAGE,SITI MUTMAINAH,mutmainahsiti294@gmail.com,+62 813-2464-0404,DICKY GUSTIYANA ,gustiyanadicky@gmail.com,+62 821-1974-0320
3209,021 - PABUARAN,007 - HULUBANTENG LOR,000700 - RT 003 RW 02 DUSUN WAGE,SITI MUTMAINAH,mutmainahsiti294@gmail.com,+62 813-2464-0404,DIDI TAHRONDI,diditahrondi@gmail.com,+62 085-2202-77205
3209,021 - PABUARAN,007 - HULUBANTENG LOR,001000 - RT 002 RW 03 DUSUN PON,SITI MUTMAINAH,mutmainahsiti294@gmail.com,+62 813-2464-0404,DICKY GUSTIYANA ,gustiyanadicky@gmail.com,+62 821-1974-0320
3209,021 - PABUARAN,007 - HULUBANTENG LOR,001100 - RT 003 RW 03 DUSUN PON,SITI MUTMAINAH,mutmainahsiti294@gmail.com,+62 813-2464-0404,DICKY GUSTIYANA ,gustiyanadicky@gmail.com,+62 821-1974-0320
3209,021 - PABUARAN,007 - HULUBANTENG LOR,001200 - RT 004 RW 03 DUSUN PON,SITI MUTMAINAH,mutmainahsiti294@gmail.com,+62 813-2464-0404,DIDI TAHRONDI,diditahrondi@gmail.com,+62 085-2202-77205
3209,021 - PABUARAN,007 - HULUBANTENG LOR,001300 - RT 005 RW 03 DUSUN PON,SITI MUTMAINAH,mutmainahsiti294@gmail.com,+62 813-2464-0404,DIDI TAHRONDI,diditahrondi@gmail.com,+62 085-2202-77205
3209,021 - PABUARAN,007 - HULUBANTENG LOR,001400 - RT 006 RW 03 DUSUN PON,SITI MUTMAINAH,mutmainahsiti294@gmail.com,+62 813-2464-0404,DICKY GUSTIYANA ,gustiyanadicky@gmail.com,+62 821-1974-0320
3209,021 - PABUARAN,007 - HULUBANTENG LOR,100100 - 007P,SITI MUTMAINAH,mutmainahsiti294@gmail.com,+62 813-2464-0404,DIDI TAHRONDI,diditahrondi@gmail.com,+62 085-2202-77205
3209,030 - LOSARI,009 - ASTANALANGGAR,000200 - RT 002 RW 001 DUSUN KIDUL,RUSTANTO,wildakaerunisa@gmail.com,+62 085-9422-08821,FAUZIYAH,fauziyahasgard@gmail.com,+62 812-2175-5645
3209,030 - LOSARI,009 - ASTANALANGGAR,000300 - RT 003 RW 001 DUSUN KIDUL,RUSTANTO,wildakaerunisa@gmail.com,+62 085-9422-08821,FAUZIYAH,fauziyahasgard@gmail.com,+62 812-2175-5645
3209,030 - LOSARI,009 - ASTANALANGGAR,000400 - RT 001 RW 002 DUSUN KIDUL,RUSTANTO,wildakaerunisa@gmail.com,+62 085-9422-08821,FAUZIYAH,fauziyahasgard@gmail.com,+62 812-2175-5645
3209,030 - LOSARI,009 - ASTANALANGGAR,000500 - RT 002 RW 002 DUSUN KIDUL,RUSTANTO,wildakaerunisa@gmail.com,+62 085-9422-08821,FAUZIYAH,fauziyahasgard@gmail.com,+62 812-2175-5645
3209,030 - LOSARI,009 - ASTANALANGGAR,000600 - RT 003 RW 002 DUSUN KIDUL,RUSTANTO,wildakaerunisa@gmail.com,+62 085-9422-08821,MUHAMMAD KHAERUL UMAM,khaerulumam636@gmail.com,0
3209,030 - LOSARI,009 - ASTANALANGGAR,000700 - RT 001 RW 003 DUSUN LOR,RUSTANTO,wildakaerunisa@gmail.com,+62 085-9422-08821,MUHAMMAD KHAERUL UMAM,khaerulumam636@gmail.com,0
3209,030 - LOSARI,009 - ASTANALANGGAR,001300 - RT 003 RW 005 DUSUN DUKUH/L,TUTI YULIANTI,tutiyulianti1997@gmail.com,+62 896-1644-1446,YUNI ANNA,yunianah58@gmail.com,+62 838-7951-4769
3209,030 - LOSARI,009 - ASTANALANGGAR,001400 - RT 004 RW 005 DUSUN DUKUH/L,RUSTANTO,wildakaerunisa@gmail.com,+62 085-9422-08821,FAUZIYAH,fauziyahasgard@gmail.com,+62 812-2175-5645
3209,030 - LOSARI,009 - ASTANALANGGAR,001600 - RT 002 RW 006 DUSUN DUKUH KIDUL,RUSTANTO,wildakaerunisa@gmail.com,+62 085-9422-08821,RIZQI MACHTEZAR RUSWANDI ,rizqimachtezar12@gmail.com,+62 896-6089-9902
3209,030 - LOSARI,009 - ASTANALANGGAR,001700 - RT 003 RW 006 DUSUN DUKUH KIDUL,RUSTANTO,wildakaerunisa@gmail.com,+62 085-9422-08821,RIZQI MACHTEZAR RUSWANDI ,rizqimachtezar12@gmail.com,+62 896-6089-9902
3209,030 - LOSARI,009 - ASTANALANGGAR,001800 - RT 004 RW 006 DUSUN DUKUH KIDUL,RUSTANTO,wildakaerunisa@gmail.com,+62 085-9422-08821,MUHAMMAD KHAERUL UMAM,khaerulumam636@gmail.com,0
3209,030 - LOSARI,009 - ASTANALANGGAR,001900 - RT 001 RW 007 DUSUN MENGGER,RUSTANTO,wildakaerunisa@gmail.com,+62 085-9422-08821,MUHAMMAD KHAERUL UMAM,khaerulumam636@gmail.com,0
3209,030 - LOSARI,009 - ASTANALANGGAR,002100 - RT 001 RW 008 DUSUN MENGGER,RUSTANTO,wildakaerunisa@gmail.com,+62 085-9422-08821,RIZQI MACHTEZAR RUSWANDI ,rizqimachtezar12@gmail.com,+62 896-6089-9902
3209,030 - LOSARI,009 - ASTANALANGGAR,002200 - RT 002 RW 008 DUSUN MENGGER,RUSTANTO,wildakaerunisa@gmail.com,+62 085-9422-08821,MUHAMMAD KHAERUL UMAM,khaerulumam636@gmail.com,0
3209,030 - LOSARI,009 - ASTANALANGGAR,002300 - RT 003 RW 008 DUSUN MENGGER,RUSTANTO,wildakaerunisa@gmail.com,+62 085-9422-08821,FAUZIYAH,fauziyahasgard@gmail.com,+62 812-2175-5645
3209,030 - LOSARI,009 - ASTANALANGGAR,100100 - SAWAH,RUSTANTO,wildakaerunisa@gmail.com,+62 085-9422-08821,MUHAMMAD KHAERUL UMAM,khaerulumam636@gmail.com,0
3209,030 - LOSARI,010 - BARISAN,000100 - RT 001 RW 001 BLOK MANIS,TUTI YULIANTI,tutiyulianti1997@gmail.com,+62 896-1644-1446,MASHADI,mashadi.shi@gmail.com,+62 896-5320-9271
3209,030 - LOSARI,010 - BARISAN,001300 - RT 014 RW 005 BLOK KLIWON,TUTI YULIANTI,tutiyulianti1997@gmail.com,+62 896-1644-1446,MUHAMMAD MUHTADIN,nurhidayah012798@gmail.com,+62 821-2132-6386
3209,030 - LOSARI,010 - BARISAN,100100 - SAWAH,TUTI YULIANTI,tutiyulianti1997@gmail.com,+62 896-1644-1446,NURHIDAYAH,nh34981@gmail.com,+62 881-8352-891
3209,030 - LOSARI,011 - LOSARI KIDUL,000900 - RT 009 RW 004 DUSUN PESANTREN,TUTI YULIANTI,tutiyulianti1997@gmail.com,+62 896-1644-1446,SITI MARYAM ,sitimaryam2531@gmail.com,+62 895-8065-10406
3209,030 - LOSARI,011 - LOSARI KIDUL,001000 - RT 010 RW 004 DUSUN PESANTREN,TUTI YULIANTI,tutiyulianti1997@gmail.com,+62 896-1644-1446,SITI MARYAM ,sitimaryam2531@gmail.com,+62 895-8065-10406
3209,030 - LOSARI,011 - LOSARI KIDUL,001400 - RT 014 RW 005 DUSUN PESANTREN,TUTI YULIANTI,tutiyulianti1997@gmail.com,+62 896-1644-1446,SITI MARYAM ,sitimaryam2531@gmail.com,+62 895-8065-10406
3209,030 - LOSARI,011 - LOSARI KIDUL,002000 - RT 020 RW 007 DUSUN KEPUDANG,TUTI YULIANTI,tutiyulianti1997@gmail.com,+62 896-1644-1446,SITI MARYAM ,sitimaryam2531@gmail.com,+62 895-8065-10406
3209,030 - LOSARI,012 - PANGGANGSARI,000300 - RT 003 RW 001 DUSUN 1,SUKRON,fadlucirebon6@gmail.com,+62 857-5987-3036,AULIA HANNY,auliahani.lia@gmail.com,+62 089-5039-16928
3209,030 - LOSARI,012 - PANGGANGSARI,000400 - RT 004 RW 001 DUSUN 1,SUKRON,fadlucirebon6@gmail.com,+62 857-5987-3036,AULIA HANNY,auliahani.lia@gmail.com,+62 089-5039-16928
3209,030 - LOSARI,012 - PANGGANGSARI,000500 - RT 005 RW 001 DUSUN 1,SUKRON,fadlucirebon6@gmail.com,+62 857-5987-3036,AULIA HANNY,auliahani.lia@gmail.com,+62 089-5039-16928
3209,030 - LOSARI,012 - PANGGANGSARI,001200 - RT 012 RW 003 DUSUN 1,SUKRON,fadlucirebon6@gmail.com,+62 857-5987-3036,NELY NAELATUL IZZA ,nellyizza7@gmail.com,+62 859-4209-8490
3209,030 - LOSARI,012 - PANGGANGSARI,001300 - RT 013 RW 003 DUSUN 1,SUKRON,fadlucirebon6@gmail.com,+62 857-5987-3036,NELY NAELATUL IZZA ,nellyizza7@gmail.com,+62 859-4209-8490
3209,030 - LOSARI,012 - PANGGANGSARI,001400 - RT 014 RW 004 DUSUN 2,SUKRON,fadlucirebon6@gmail.com,+62 857-5987-3036,NELY NAELATUL IZZA ,nellyizza7@gmail.com,+62 859-4209-8490
3209,030 - LOSARI,012 - PANGGANGSARI,001600 - RT 016 RW 004 DUSUN 2,SUKRON,fadlucirebon6@gmail.com,+62 857-5987-3036,NELY NAELATUL IZZA ,nellyizza7@gmail.com,+62 859-4209-8490
3209,030 - LOSARI,012 - PANGGANGSARI,001700 - RT 017 RW 004 DUSUN 2,SUKRON,fadlucirebon6@gmail.com,+62 857-5987-3036,NELY NAELATUL IZZA ,nellyizza7@gmail.com,+62 859-4209-8490
3209,030 - LOSARI,012 - PANGGANGSARI,001800 - RT 018 RW 005 DUSUN 2,SUKRON,fadlucirebon6@gmail.com,+62 857-5987-3036,NELY NAELATUL IZZA ,nellyizza7@gmail.com,+62 859-4209-8490
3209,030 - LOSARI,012 - PANGGANGSARI,002500 - RT 025 RW 006 DUSUN 2,SUKRON,fadlucirebon6@gmail.com,+62 857-5987-3036,AULIA MAULA NI’MAH,auliamaula01@gmail.com,+62 877-2030-3664
3209,030 - LOSARI,012 - PANGGANGSARI,003000 - RT 030 RW 007 DUSUN TUKSARI 3,RUSTANTO,wildakaerunisa@gmail.com,+62 085-9422-08821,HAFIZD FERDIANSYAH ,hafizferdiansyah637@gmail.com,+62 882-2456-0632
3209,030 - LOSARI,012 - PANGGANGSARI,003200 - RT 032 RW 008 DUSUN TUKSARI 3,RUSTANTO,wildakaerunisa@gmail.com,+62 085-9422-08821,HAFIZD FERDIANSYAH ,hafizferdiansyah637@gmail.com,+62 882-2456-0632
3209,030 - LOSARI,012 - PANGGANGSARI,100100 - PERSAWAHAN,RUSTANTO,wildakaerunisa@gmail.com,+62 085-9422-08821,HAFIZD FERDIANSYAH ,hafizferdiansyah637@gmail.com,+62 882-2456-0632
3209,030 - LOSARI,012 - PANGGANGSARI,200200 - LAPANG BOLA,RUSTANTO,wildakaerunisa@gmail.com,+62 085-9422-08821,HAFIZD FERDIANSYAH ,hafizferdiansyah637@gmail.com,+62 882-2456-0632
3209,030 - LOSARI,013 - LOSARI LOR,000200 - RT 002 RW 001,ALI SYAHRI,alysyahri@gmail.com,+62 838-6133-6824,AHMAD ARIS,aris.sukses45@gmail.com,+62 858-6228-3610
3209,030 - LOSARI,013 - LOSARI LOR,002200 - RT 004 RW 004,ALI SYAHRI,alysyahri@gmail.com,+62 838-6133-6824,HARI HANDOYO,harihandoyo053@gmail.com,+62 896-6013-2606
3209,030 - LOSARI,013 - LOSARI LOR,002400 - RT 006 RW 004,ALI SYAHRI,alysyahri@gmail.com,+62 838-6133-6824,HARI HANDOYO,harihandoyo053@gmail.com,+62 896-6013-2606
3209,030 - LOSARI,013 - LOSARI LOR,002500 - RT 007 RW 004,ALI SYAHRI,alysyahri@gmail.com,+62 838-6133-6824,HARI HANDOYO,harihandoyo053@gmail.com,+62 896-6013-2606
3209,030 - LOSARI,013 - LOSARI LOR,002600 - RT 008 RW 004,ALI SYAHRI,alysyahri@gmail.com,+62 838-6133-6824,HARI HANDOYO,harihandoyo053@gmail.com,+62 896-6013-2606
3209,030 - LOSARI,013 - LOSARI LOR,002800 - RT 002 RW 005,ALI SYAHRI,alysyahri@gmail.com,+62 838-6133-6824,AHMAD MUBAROK ,mubarok151201@gmail.com,+62 882-1883-3260
3209,030 - LOSARI,013 - LOSARI LOR,002900 - RT 003 RW 005,ALI SYAHRI,alysyahri@gmail.com,+62 838-6133-6824,AHMAD MUBAROK ,mubarok151201@gmail.com,+62 882-1883-3260
3209,030 - LOSARI,013 - LOSARI LOR,003000 - RT 004 RW 005,ALI SYAHRI,alysyahri@gmail.com,+62 838-6133-6824,AHMAD MUBAROK ,mubarok151201@gmail.com,+62 882-1883-3260
3209,030 - LOSARI,013 - LOSARI LOR,003100 - RT 005 RW 005,ALI SYAHRI,alysyahri@gmail.com,+62 838-6133-6824,AHMAD MUBAROK ,mubarok151201@gmail.com,+62 882-1883-3260
3209,030 - LOSARI,013 - LOSARI LOR,003200 - RT 006 RW 005,ALI SYAHRI,alysyahri@gmail.com,+62 838-6133-6824,AHMAD MUBAROK ,mubarok151201@gmail.com,+62 882-1883-3260
3209,030 - LOSARI,013 - LOSARI LOR,003300 - RT 007 RW 005,ALI SYAHRI,alysyahri@gmail.com,+62 838-6133-6824,AHMAD MUBAROK ,mubarok151201@gmail.com,+62 882-1883-3260
3209,030 - LOSARI,013 - LOSARI LOR,003400 - RT 001 RW 006,ALI SYAHRI,alysyahri@gmail.com,+62 838-6133-6824,AHMAD MUBAROK ,mubarok151201@gmail.com,+62 882-1883-3260
3209,030 - LOSARI,013 - LOSARI LOR,003500 - RT 002 RW 006,ALI SYAHRI,alysyahri@gmail.com,+62 838-6133-6824,AHMAD MUBAROK ,mubarok151201@gmail.com,+62 882-1883-3260
3209,030 - LOSARI,013 - LOSARI LOR,003600 - RT 003 RW 006,ALI SYAHRI,alysyahri@gmail.com,+62 838-6133-6824,HARI HANDOYO,harihandoyo053@gmail.com,+62 896-6013-2606
3209,030 - LOSARI,013 - LOSARI LOR,003700 - RT 004 RW 006,ALI SYAHRI,alysyahri@gmail.com,+62 838-6133-6824,HARI HANDOYO,harihandoyo053@gmail.com,+62 896-6013-2606
3209,030 - LOSARI,013 - LOSARI LOR,100200 - PERSAWAHAN,ALI SYAHRI,alysyahri@gmail.com,+62 838-6133-6824,AHMAD MUBAROK ,mubarok151201@gmail.com,+62 882-1883-3260
3209,030 - LOSARI,014 - MULYASARI,001300 - RT 004 RW 004,TOATUN IMSIYAH,toatunimsiyahcahlosari@gmail.com,+62 895-3749-01890,BISRI MUSTOFA,mustofabisri505@gmail.com,+62 895-3578-15507
3209,030 - LOSARI,014 - MULYASARI,001400 - RT 001 RW 005,TOATUN IMSIYAH,toatunimsiyahcahlosari@gmail.com,+62 895-3749-01890,BISRI MUSTOFA,mustofabisri505@gmail.com,+62 895-3578-15507
3209,030 - LOSARI,014 - MULYASARI,001500 - RT 002 RW 005,TOATUN IMSIYAH,toatunimsiyahcahlosari@gmail.com,+62 895-3749-01890,BISRI MUSTOFA,mustofabisri505@gmail.com,+62 895-3578-15507
3209,030 - LOSARI,014 - MULYASARI,001600 - RT 003 RW 005,TOATUN IMSIYAH,toatunimsiyahcahlosari@gmail.com,+62 895-3749-01890,BISRI MUSTOFA,mustofabisri505@gmail.com,+62 895-3578-15507
3209,030 - LOSARI,014 - MULYASARI,001700 - RT 001 RW 006,TOATUN IMSIYAH,toatunimsiyahcahlosari@gmail.com,+62 895-3749-01890,BISRI MUSTOFA,mustofabisri505@gmail.com,+62 895-3578-15507
3209,030 - LOSARI,014 - MULYASARI,001800 - RT 002 RW 006,TOATUN IMSIYAH,toatunimsiyahcahlosari@gmail.com,+62 895-3749-01890,BISRI MUSTOFA,mustofabisri505@gmail.com,+62 895-3578-15507
3209,030 - LOSARI,014 - MULYASARI,003000 - RT 002 RW 009,TOATUN IMSIYAH,toatunimsiyahcahlosari@gmail.com,+62 895-3749-01890,BISRI MUSTOFA,mustofabisri505@gmail.com,+62 895-3578-15507
3209,030 - LOSARI,014 - MULYASARI,003100 - RT 003 RW 009,TOATUN IMSIYAH,toatunimsiyahcahlosari@gmail.com,+62 895-3749-01890,BISRI MUSTOFA,mustofabisri505@gmail.com,+62 895-3578-15507
3209,030 - LOSARI,015 - KALIRAHAYU,000100 - RT 001 RW 001 DUSUN 1,RUSTANTO,wildakaerunisa@gmail.com,+62 085-9422-08821,SRI LUTFIYATI,lutfiyantisri11@gmail.com,+62 819-0996-6559
3209,030 - LOSARI,015 - KALIRAHAYU,000200 - RT 002 RW 001 DUSUN 1,RUSTANTO,wildakaerunisa@gmail.com,+62 085-9422-08821,SRI LUTFIYATI,lutfiyantisri11@gmail.com,+62 819-0996-6559
3209,030 - LOSARI,015 - KALIRAHAYU,000400 - RT 004 RW 001 DUSUN 1,RUSTANTO,wildakaerunisa@gmail.com,+62 085-9422-08821,SRI LUTFIYATI,lutfiyantisri11@gmail.com,+62 819-0996-6559
3209,030 - LOSARI,015 - KALIRAHAYU,000600 - RT 006 RW 002 DUSUN 2,RUSTANTO,wildakaerunisa@gmail.com,+62 085-9422-08821,SRI LUTFIYATI,lutfiyantisri11@gmail.com,+62 819-0996-6559
3209,030 - LOSARI,015 - KALIRAHAYU,001000 - RT 010 RW 003 DUSUN 3,RUSTANTO,wildakaerunisa@gmail.com,+62 085-9422-08821,YULIANAH ,anahyoulie@gmail.com,+62 878-2997-2415
3209,030 - LOSARI,015 - KALIRAHAYU,001200 - RT 012 RW 003 DUSUN 3,RUSTANTO,wildakaerunisa@gmail.com,+62 085-9422-08821,YULIANAH ,anahyoulie@gmail.com,+62 878-2997-2415
3209,030 - LOSARI,015 - KALIRAHAYU,001500 - RT 015 RW 004 DUSUN 4,RUSTANTO,wildakaerunisa@gmail.com,+62 085-9422-08821,YULIANAH ,anahyoulie@gmail.com,+62 878-2997-2415
3209,030 - LOSARI,015 - KALIRAHAYU,002600 - RT 026 RW 008 DUSUN 8,RUSTANTO,wildakaerunisa@gmail.com,+62 085-9422-08821,SOLLI AKBAR,solliakbar57@gmail.com,+62 831-3463-7111
3209,030 - LOSARI,015 - KALIRAHAYU,002800 - RT 028 RW 007 DUSUN 7,RUSTANTO,wildakaerunisa@gmail.com,+62 085-9422-08821,SOLLI AKBAR,solliakbar57@gmail.com,+62 831-3463-7111
3209,030 - LOSARI,015 - KALIRAHAYU,002900 - RT 029 RW 007 DUSUN 7,RUSTANTO,wildakaerunisa@gmail.com,+62 085-9422-08821,SOLLI AKBAR,solliakbar57@gmail.com,+62 831-3463-7111
3209,030 - LOSARI,015 - KALIRAHAYU,003000 - RT 030 RW 007 DUSUN 7,RUSTANTO,wildakaerunisa@gmail.com,+62 085-9422-08821,SOLLI AKBAR,solliakbar57@gmail.com,+62 831-3463-7111
3209,030 - LOSARI,015 - KALIRAHAYU,003100 - RT 031 RW 007 DUSUN 7,RUSTANTO,wildakaerunisa@gmail.com,+62 085-9422-08821,SOLLI AKBAR,solliakbar57@gmail.com,+62 831-3463-7111
3209,030 - LOSARI,015 - KALIRAHAYU,003200 - RT 032 RW 007 DUSUN 7,RUSTANTO,wildakaerunisa@gmail.com,+62 085-9422-08821,SOLLI AKBAR,solliakbar57@gmail.com,+62 831-3463-7111
3209,030 - LOSARI,015 - KALIRAHAYU,003300 - RT 033 RW 008 DUSUN 8,RUSTANTO,wildakaerunisa@gmail.com,+62 085-9422-08821,SOLLI AKBAR,solliakbar57@gmail.com,+62 831-3463-7111
3209,030 - LOSARI,015 - KALIRAHAYU,003400 - RT 034 RW 008 DUSUN 8,RUSTANTO,wildakaerunisa@gmail.com,+62 085-9422-08821,SOLLI AKBAR,solliakbar57@gmail.com,+62 831-3463-7111
3209,030 - LOSARI,016 - KALISARI,000200 - RT 002 RW 001,TOATUN IMSIYAH,toatunimsiyahcahlosari@gmail.com,+62 895-3749-01890,BINTI UMAMAH,umamahbinty.one91@gmail.com,+62 888-0959-0544
3209,030 - LOSARI,016 - KALISARI,000800 - RT 008 RW 003,TOATUN IMSIYAH,toatunimsiyahcahlosari@gmail.com,+62 895-3749-01890,ROZZAN NAJMUL MALA,hafatzahroh@gmail.com,+62 821-1956-6475
3209,030 - LOSARI,016 - KALISARI,001700 - RT 017 RW 005,TOATUN IMSIYAH,toatunimsiyahcahlosari@gmail.com,+62 895-3749-01890,SRI YUSRIYANI,sriyus1983@gmail.com,+62 813-9565-3344
3209,030 - LOSARI,016 - KALISARI,002300 - RT 023 RW 006,TOATUN IMSIYAH,toatunimsiyahcahlosari@gmail.com,+62 895-3749-01890,ROZZAN NAJMUL MALA,hafatzahroh@gmail.com,+62 821-1956-6475
3209,030 - LOSARI,016 - KALISARI,002400 - RT 024 RW 007,TOATUN IMSIYAH,toatunimsiyahcahlosari@gmail.com,+62 895-3749-01890,ROZZAN NAJMUL MALA,hafatzahroh@gmail.com,+62 821-1956-6475
3209,030 - LOSARI,017 - AMBULU,000100 - RT 001 RW 001,SUKRON,fadlucirebon6@gmail.com,+62 857-5987-3036,SITI NURHABIBAH ,snurhabibah501@gmail.com,+62 838-9019-9909
3209,030 - LOSARI,017 - AMBULU,000400 - RT 004 RW 001,SUKRON,fadlucirebon6@gmail.com,+62 857-5987-3036,SITI NURHABIBAH ,snurhabibah501@gmail.com,+62 838-9019-9909
3209,030 - LOSARI,017 - AMBULU,000600 - RT 006 RW 001,SUKRON,fadlucirebon6@gmail.com,+62 857-5987-3036,SITI NURHABIBAH ,snurhabibah501@gmail.com,+62 838-9019-9909
3209,030 - LOSARI,017 - AMBULU,600100 - PERAIRAN,SUKRON,fadlucirebon6@gmail.com,+62 857-5987-3036,KARTONO,kbae5359@gmail.com,0
3209,030 - LOSARI,017 - AMBULU,600200 - PERAIRAN,SUKRON,fadlucirebon6@gmail.com,+62 857-5987-3036,KARTONO,kbae5359@gmail.com,0
3209,030 - LOSARI,018 - TAWANGSARI,000800 - RT 004 RW 002 DUSUN 01,ALI SYAHRI,alysyahri@gmail.com,+62 838-6133-6824,WAHPUDIN,alloypirda84@gmail.com,+62 877-2950-3904
3209,030 - LOSARI,018 - TAWANGSARI,001000 - RT 002 RW 003 DUSUN 01,ALI SYAHRI,alysyahri@gmail.com,+62 838-6133-6824,GHEA PARINDURI,duriparin64@gmail.com,+62 083-8635-27173
3209,030 - LOSARI,018 - TAWANGSARI,001800 - RT 003 RW 005 DUSUN 02,ALI SYAHRI,alysyahri@gmail.com,+62 838-6133-6824,CARBUN,carbun1605@gmail.com,+62 818-0744-4973
3209,030 - LOSARI,018 - TAWANGSARI,002300 - RT 002 RW 007 DUSUN 04,ALI SYAHRI,alysyahri@gmail.com,+62 838-6133-6824,CARBUN,carbun1605@gmail.com,+62 818-0744-4973
3209,030 - LOSARI,018 - TAWANGSARI,002600 - RT 001 RW 008 DUSUN 04,ALI SYAHRI,alysyahri@gmail.com,+62 838-6133-6824,CARBUN,carbun1605@gmail.com,+62 818-0744-4973
3209,030 - LOSARI,018 - TAWANGSARI,100200 - SAWAH 2,ALI SYAHRI,alysyahri@gmail.com,+62 838-6133-6824,WAHPUDIN,alloypirda84@gmail.com,+62 877-2950-3904
3209,030 - LOSARI,018 - TAWANGSARI,600300 - EMPANG,ALI SYAHRI,alysyahri@gmail.com,+62 838-6133-6824,WAHPUDIN,alloypirda84@gmail.com,+62 877-2950-3904
3209,031 - PABEDILAN,001 - BABAKAN LOSARI,000100 - RT 001 RW 001 DUSUN KLIWON,BAMBANG APRIYANTO,bambangbaut733@gmail.com,+62 085-2247-37846,RAHMAT KURNIAWAN,rahmatkurniawa951@gmail.com,+62 587-5471-395
3209,031 - PABEDILAN,001 - BABAKAN LOSARI,000200 - RT 002 RW 001 DUSUN KLIWON,BAMBANG APRIYANTO,bambangbaut733@gmail.com,+62 085-2247-37846,RAHMAT KURNIAWAN,rahmatkurniawa951@gmail.com,+62 587-5471-395
3209,031 - PABEDILAN,001 - BABAKAN LOSARI,000300 - RT 003 RW 001 DUSUN KLIWON,BAMBANG APRIYANTO,bambangbaut733@gmail.com,+62 085-2247-37846,RAHMAT KURNIAWAN,rahmatkurniawa951@gmail.com,+62 587-5471-395
3209,031 - PABEDILAN,001 - BABAKAN LOSARI,000400 - RT 004 RW 001 DUSUN KLIWON,BAMBANG APRIYANTO,bambangbaut733@gmail.com,+62 085-2247-37846,RAHMAT KURNIAWAN,rahmatkurniawa951@gmail.com,+62 587-5471-395
3209,031 - PABEDILAN,001 - BABAKAN LOSARI,000500 - RT 001 RW 002 DUSUN MANIS,BAMBANG APRIYANTO,bambangbaut733@gmail.com,+62 085-2247-37846,RAHMAT KURNIAWAN,rahmatkurniawa951@gmail.com,+62 587-5471-395
3209,031 - PABEDILAN,001 - BABAKAN LOSARI,000700 - RT 003 RW 002 DUSUN MANIS,BAMBANG APRIYANTO,bambangbaut733@gmail.com,+62 085-2247-37846,TISJANG,ujangadit450@gmail.com,+62 813-1772-4163
3209,031 - PABEDILAN,001 - BABAKAN LOSARI,000900 - RT 002 RW 003 DUSUN PAING,BAMBANG APRIYANTO,bambangbaut733@gmail.com,+62 085-2247-37846,TISJANG,ujangadit450@gmail.com,+62 813-1772-4163
3209,031 - PABEDILAN,001 - BABAKAN LOSARI,001000 - RT 003 RW 003 DUSUN PAING,BAMBANG APRIYANTO,bambangbaut733@gmail.com,+62 085-2247-37846,TISJANG,ujangadit450@gmail.com,+62 813-1772-4163
3209,031 - PABEDILAN,001 - BABAKAN LOSARI,001100 - RT 001 RW 004 DUSUN PON,BAMBANG APRIYANTO,bambangbaut733@gmail.com,+62 085-2247-37846,TISJANG,ujangadit450@gmail.com,+62 813-1772-4163
3209,031 - PABEDILAN,002 - SIDARESMI,000500 - RT 005 RW 001 DUSUN MANIS,BAMBANG APRIYANTO,bambangbaut733@gmail.com,+62 085-2247-37846,RIDA FARIDA,regarcyut@gmail.com,+62 857-9732-9258
3209,031 - PABEDILAN,002 - SIDARESMI,000800 - RT 001 RW 002 DUSUN PAHING,EKA NUGRAHA,indiranugraha@gmail.com,+62 812-2211-3087,CACA TARSA,catar170183@gmail.com,0
3209,031 - PABEDILAN,002 - SIDARESMI,001000 - RT 003 RW 002 DUSUN PAHING,EKA NUGRAHA,indiranugraha@gmail.com,+62 812-2211-3087,CACA TARSA,catar170183@gmail.com,0
3209,031 - PABEDILAN,002 - SIDARESMI,001100 - RT 004 RW 002 DUSUN PAHING,EKA NUGRAHA,indiranugraha@gmail.com,+62 812-2211-3087,CACA TARSA,catar170183@gmail.com,0
3209,031 - PABEDILAN,002 - SIDARESMI,001200 - RT 005 RW 002 DUSUN PAHING,EKA NUGRAHA,indiranugraha@gmail.com,+62 812-2211-3087,CACA TARSA,catar170183@gmail.com,0
3209,031 - PABEDILAN,002 - SIDARESMI,001300 - RT 006 RW 002 DUSUN PAHING,EKA NUGRAHA,indiranugraha@gmail.com,+62 812-2211-3087,CACA TARSA,catar170183@gmail.com,0
3209,031 - PABEDILAN,002 - SIDARESMI,001400 - RT 007 RW 002 DUSUN PAHING,EKA NUGRAHA,indiranugraha@gmail.com,+62 812-2211-3087,WARSO,yuni.wahyuningsih1988@gmail.com,+62 823-1863-3790
3209,031 - PABEDILAN,002 - SIDARESMI,001500 - RT 001 RW 003 DUSUN PON,EKA NUGRAHA,indiranugraha@gmail.com,+62 812-2211-3087,WARSO,yuni.wahyuningsih1988@gmail.com,+62 823-1863-3790
3209,031 - PABEDILAN,002 - SIDARESMI,001600 - RT 002 RW 003 DUSUN PON,EKA NUGRAHA,indiranugraha@gmail.com,+62 812-2211-3087,WARSO,yuni.wahyuningsih1988@gmail.com,+62 823-1863-3790
3209,031 - PABEDILAN,002 - SIDARESMI,001700 - RT 003 RW 003 DUSUN PON,EKA NUGRAHA,indiranugraha@gmail.com,+62 812-2211-3087,WARSO,yuni.wahyuningsih1988@gmail.com,+62 823-1863-3790
3209,031 - PABEDILAN,002 - SIDARESMI,001800 - RT 004 RW 003 DUSUN PON,EKA NUGRAHA,indiranugraha@gmail.com,+62 812-2211-3087,WARSO,yuni.wahyuningsih1988@gmail.com,+62 823-1863-3790
3209,031 - PABEDILAN,002 - SIDARESMI,001900 - RT 005 RW 003 DUSUN PON,EKA NUGRAHA,indiranugraha@gmail.com,+62 812-2211-3087,WARSO,yuni.wahyuningsih1988@gmail.com,+62 823-1863-3790
3209,031 - PABEDILAN,002 - SIDARESMI,002000 - RT 006 RW 003 DUSUN PON,EKA NUGRAHA,indiranugraha@gmail.com,+62 812-2211-3087,WARSO,yuni.wahyuningsih1988@gmail.com,+62 823-1863-3790
3209,031 - PABEDILAN,002 - SIDARESMI,002100 - RT 001 RW 004 DUSUN WAGE,BAMBANG APRIYANTO,bambangbaut733@gmail.com,+62 085-2247-37846,SRI SUHARTA,sri.suharta@gmail.com,+62 823-1606-3694
3209,031 - PABEDILAN,002 - SIDARESMI,002200 - RT 002 RW 004 DUSUN WAGE,BAMBANG APRIYANTO,bambangbaut733@gmail.com,+62 085-2247-37846,SRI SUHARTA,sri.suharta@gmail.com,+62 823-1606-3694
3209,031 - PABEDILAN,002 - SIDARESMI,002400 - RT 004 RW 004 DUSUN WAGE,BAMBANG APRIYANTO,bambangbaut733@gmail.com,+62 085-2247-37846,SRI SUHARTA,sri.suharta@gmail.com,+62 823-1606-3694
3209,031 - PABEDILAN,002 - SIDARESMI,002700 - RT 002 RW 005 DUSUN KLIWON,BAMBANG APRIYANTO,bambangbaut733@gmail.com,+62 085-2247-37846,SRI SUHARTA,sri.suharta@gmail.com,+62 823-1606-3694
3209,031 - PABEDILAN,002 - SIDARESMI,200200 - SEMAK BELUKAR,BAMBANG APRIYANTO,bambangbaut733@gmail.com,+62 085-2247-37846,SRI SUHARTA,sri.suharta@gmail.com,+62 823-1606-3694
3209,031 - PABEDILAN,003 - KALIBUNTU,000200 - RT 002 RW 001 DUSUN MANIS,DEDI JAYA,bangd6249@gmail.com,+62 831-6915-0242,ASEP SAEPUNA,asep.saepuna2018@gmail.com,+62 082-3163-90931
3209,031 - PABEDILAN,003 - KALIBUNTU,000300 - RT 003 RW 001 DUSUN MANIS,DEDI JAYA,bangd6249@gmail.com,+62 831-6915-0242,ASEP SAEPUNA,asep.saepuna2018@gmail.com,+62 082-3163-90931
3209,031 - PABEDILAN,003 - KALIBUNTU,000400 - RT 001 RW 002 DUSUN PAHING,DEDI JAYA,bangd6249@gmail.com,+62 831-6915-0242,NUROKMAN,nur07052627@gmail.com,+62 852-2002-5510
3209,031 - PABEDILAN,003 - KALIBUNTU,000500 - RT 002 RW 002 DUSUN PAHING,DEDI JAYA,bangd6249@gmail.com,+62 831-6915-0242,NUROKMAN,nur07052627@gmail.com,+62 852-2002-5510
3209,031 - PABEDILAN,003 - KALIBUNTU,000600 - RT 003 RW 002 DUSUN PAHING,DEDI JAYA,bangd6249@gmail.com,+62 831-6915-0242,NUROKMAN,nur07052627@gmail.com,+62 852-2002-5510
3209,031 - PABEDILAN,003 - KALIBUNTU,000700 - RT 004 RW 002 DUSUN PAHING,DEDI JAYA,bangd6249@gmail.com,+62 831-6915-0242,NUROKMAN,nur07052627@gmail.com,+62 852-2002-5510
3209,031 - PABEDILAN,003 - KALIBUNTU,000900 - RT 002 RW 003 DUSUN PON,DEDI JAYA,bangd6249@gmail.com,+62 831-6915-0242,AHMAD YANI ,yaniahmad178@gmail.com,+62 878-7425-7933
3209,031 - PABEDILAN,003 - KALIBUNTU,001100 - RT 004 RW 003 DUSUN PON,DEDI JAYA,bangd6249@gmail.com,+62 831-6915-0242,AHMAD YANI ,yaniahmad178@gmail.com,+62 878-7425-7933
3209,031 - PABEDILAN,003 - KALIBUNTU,001200 - RT 001 RW 004 DUSUN WAGE,DEDI JAYA,bangd6249@gmail.com,+62 831-6915-0242,NUROKMAN,nur07052627@gmail.com,+62 852-2002-5510
3209,031 - PABEDILAN,003 - KALIBUNTU,001300 - RT 002 RW 004 DUSUN WAGE,DEDI JAYA,bangd6249@gmail.com,+62 831-6915-0242,FAJRI EKA PERMANA,fajriekapermana6@gmail.com,+62 812-9449-3113
3209,031 - PABEDILAN,003 - KALIBUNTU,001400 - RT 003 RW 004 DUSUN WAGE,DEDI JAYA,bangd6249@gmail.com,+62 831-6915-0242,FAJRI EKA PERMANA,fajriekapermana6@gmail.com,+62 812-9449-3113
3209,031 - PABEDILAN,003 - KALIBUNTU,001500 - RT 004 RW 004 DUSUN WAGE,DEDI JAYA,bangd6249@gmail.com,+62 831-6915-0242,FAJRI EKA PERMANA,fajriekapermana6@gmail.com,+62 812-9449-3113
3209,031 - PABEDILAN,003 - KALIBUNTU,001700 - RT 001 RW 005 DUSUN KLIWON,DEDI JAYA,bangd6249@gmail.com,+62 831-6915-0242,FAJRI EKA PERMANA,fajriekapermana6@gmail.com,+62 812-9449-3113
3209,031 - PABEDILAN,003 - KALIBUNTU,001800 - RT 002 RW 005 DUSUN KLIWON,DEDI JAYA,bangd6249@gmail.com,+62 831-6915-0242,FAJRI EKA PERMANA,fajriekapermana6@gmail.com,+62 812-9449-3113
3209,031 - PABEDILAN,003 - KALIBUNTU,100200 - SAWAH 2,DEDI JAYA,bangd6249@gmail.com,+62 831-6915-0242,NUROKMAN,nur07052627@gmail.com,+62 852-2002-5510
3209,031 - PABEDILAN,003 - KALIBUNTU,100300 - SAWAH 3,DEDI JAYA,bangd6249@gmail.com,+62 831-6915-0242,FAJRI EKA PERMANA,fajriekapermana6@gmail.com,+62 812-9449-3113
3209,031 - PABEDILAN,004 - DUKUHWIDARA,000100 - RT 001 RW 001 DUSUN MANIS,DIAN NUGRAHA AMBARAWATI,nilan6651@gmail.com,+62 813-1533-998,RIRIS RISMAYAH ,yiyisaja86@gmail.com,+62 812-1748-4796
3209,031 - PABEDILAN,004 - DUKUHWIDARA,000200 - RT 002 RW 001 DUSUN MANIS,DIAN NUGRAHA AMBARAWATI,nilan6651@gmail.com,+62 813-1533-998,RIRIS RISMAYAH ,yiyisaja86@gmail.com,+62 812-1748-4796
3209,031 - PABEDILAN,004 - DUKUHWIDARA,000300 - RT 003 RW 001 DUSUN MANIS,DIAN NUGRAHA AMBARAWATI,nilan6651@gmail.com,+62 813-1533-998,RIRIS RISMAYAH ,yiyisaja86@gmail.com,+62 812-1748-4796
3209,031 - PABEDILAN,004 - DUKUHWIDARA,000400 - RT 001 RW 002 DUSUN MANIS,DIAN NUGRAHA AMBARAWATI,nilan6651@gmail.com,+62 813-1533-998,RIRIS RISMAYAH ,yiyisaja86@gmail.com,+62 812-1748-4796
3209,031 - PABEDILAN,004 - DUKUHWIDARA,000500 - RT 002 RW 002 DUSUN MANIS,DIAN NUGRAHA AMBARAWATI,nilan6651@gmail.com,+62 813-1533-998,RIRIS RISMAYAH ,yiyisaja86@gmail.com,+62 812-1748-4796
3209,031 - PABEDILAN,004 - DUKUHWIDARA,000600 - RT 003 RW 002 DUSUN MANIS,DIAN NUGRAHA AMBARAWATI,nilan6651@gmail.com,+62 813-1533-998,RIRIS RISMAYAH ,yiyisaja86@gmail.com,+62 812-1748-4796
3209,031 - PABEDILAN,004 - DUKUHWIDARA,000800 - RT 002 RW 003 DUSUN PAHING,DEDI JAYA,bangd6249@gmail.com,+62 831-6915-0242,HELWA IMANIAL HAYATI,helwa.imanial03@gmail.com,+62 858-4663-5423
3209,031 - PABEDILAN,004 - DUKUHWIDARA,001100 - RT 002 RW 004 DUSUN PAHING,DEDI JAYA,bangd6249@gmail.com,+62 831-6915-0242,HELWA IMANIAL HAYATI,helwa.imanial03@gmail.com,+62 858-4663-5423
3209,031 - PABEDILAN,004 - DUKUHWIDARA,001200 - RT 003 RW 004 DUSUN PAHING,EKA NUGRAHA,indiranugraha@gmail.com,+62 812-2211-3087,MASYANTO ,antomasyanto7@gmail.com,+62 813-8297-4069
3209,031 - PABEDILAN,004 - DUKUHWIDARA,001300 - RT 001 RW 005 DUSUN PON,EKA NUGRAHA,indiranugraha@gmail.com,+62 812-2211-3087,FAISAL SUDRAJAT ,faisalsudrajat27@gmail.com,+62 813-1347-6644
3209,031 - PABEDILAN,004 - DUKUHWIDARA,001400 - RT 002 RW 005 DUSUN PON,EKA NUGRAHA,indiranugraha@gmail.com,+62 812-2211-3087,FAISAL SUDRAJAT ,faisalsudrajat27@gmail.com,+62 813-1347-6644
3209,031 - PABEDILAN,004 - DUKUHWIDARA,001800 - RT 003 RW 006 DUSUN PON,EKA NUGRAHA,indiranugraha@gmail.com,+62 812-2211-3087,FAISAL SUDRAJAT ,faisalsudrajat27@gmail.com,+62 813-1347-6644
3209,031 - PABEDILAN,004 - DUKUHWIDARA,001900 - RT 001 RW 007 DUSUN WAGE,DIAN NUGRAHA AMBARAWATI,nilan6651@gmail.com,+62 813-1533-998,RIRIS RISMAYAH ,yiyisaja86@gmail.com,+62 812-1748-4796
3209,031 - PABEDILAN,004 - DUKUHWIDARA,002400 - RT 003 RW 008 DUSUN WAGE,EKA NUGRAHA,indiranugraha@gmail.com,+62 812-2211-3087,ABDUL HADI,hadityayohimbe1772@gmail.com,+62 859-2315-4050
3209,031 - PABEDILAN,004 - DUKUHWIDARA,002800 - RT 001 RW 010 DUSUN KLIWON,EKA NUGRAHA,indiranugraha@gmail.com,+62 812-2211-3087,ABDUL HADI,hadityayohimbe1772@gmail.com,+62 859-2315-4050
3209,031 - PABEDILAN,004 - DUKUHWIDARA,002900 - RT 002 RW 010 DUSUN KLIWON,EKA NUGRAHA,indiranugraha@gmail.com,+62 812-2211-3087,ABDUL HADI,hadityayohimbe1772@gmail.com,+62 859-2315-4050
3209,031 - PABEDILAN,004 - DUKUHWIDARA,003000 - RT 003 RW 010 DUSUN KLIWON,EKA NUGRAHA,indiranugraha@gmail.com,+62 812-2211-3087,ABDUL HADI,hadityayohimbe1772@gmail.com,+62 859-2315-4050
3209,031 - PABEDILAN,004 - DUKUHWIDARA,100100 - SAWAH 1,EKA NUGRAHA,indiranugraha@gmail.com,+62 812-2211-3087,FAISAL SUDRAJAT ,faisalsudrajat27@gmail.com,+62 813-1347-6644
3209,031 - PABEDILAN,004 - DUKUHWIDARA,100200 - SAWAH 2,EKA NUGRAHA,indiranugraha@gmail.com,+62 812-2211-3087,FAISAL SUDRAJAT ,faisalsudrajat27@gmail.com,+62 813-1347-6644
3209,031 - PABEDILAN,005 - PASURUAN,000400 - RT 004 RW 001 DUSUN MANIS,CAHYANI,zidan201118@gmail.com,+62 853-5383-9493,TURIMAN LANANG,turimaneko38@gmail.com,+62 085-2957-57464
3209,031 - PABEDILAN,005 - PASURUAN,000500 - RT 005 RW 001 DUSUN MANIS,CAHYANI,zidan201118@gmail.com,+62 853-5383-9493,TURIMAN LANANG,turimaneko38@gmail.com,+62 085-2957-57464
3209,031 - PABEDILAN,005 - PASURUAN,000800 - RT 008 RW 002 DUSUN PAHING,CAHYANI,zidan201118@gmail.com,+62 853-5383-9493,URNIASIH,urninia04@gmail.com,+62 877-2305-7795
3209,031 - PABEDILAN,005 - PASURUAN,000900 - RT 009 RW 002 DUSUN PAHING,CAHYANI,zidan201118@gmail.com,+62 853-5383-9493,URNIASIH,urninia04@gmail.com,+62 877-2305-7795
3209,031 - PABEDILAN,005 - PASURUAN,001800 - RT 018 RW 005 DUSUN KLIWON,CAHYANI,zidan201118@gmail.com,+62 853-5383-9493,KUSWANTI,kuswanti2710@gmail.com,+62 838-6706-8373
3209,031 - PABEDILAN,005 - PASURUAN,001900 - RT 019 RW 005 DUSUN KLIWON,CAHYANI,zidan201118@gmail.com,+62 853-5383-9493,KUSWANTI,kuswanti2710@gmail.com,+62 838-6706-8373
3209,031 - PABEDILAN,005 - PASURUAN,002000 - RT 020 RW 005 DUSUN KLIWON,CAHYANI,zidan201118@gmail.com,+62 853-5383-9493,KUSWANTI,kuswanti2710@gmail.com,+62 838-6706-8373
3209,031 - PABEDILAN,005 - PASURUAN,002100 - RT 021 RW 005 DUSUN KLIWON,CAHYANI,zidan201118@gmail.com,+62 853-5383-9493,KUSWANTI,kuswanti2710@gmail.com,+62 838-6706-8373
3209,031 - PABEDILAN,006 - KALIMUKTI,000400 - RT 004 RW 001 DUSUN 01,EKA NUGRAHA,indiranugraha@gmail.com,+62 812-2211-3087,NALLUDIN,nalludin7@gmail.com,0
3209,031 - PABEDILAN,006 - KALIMUKTI,000500 - RT 001 RW 002 DUSUN 01,EKA NUGRAHA,indiranugraha@gmail.com,+62 812-2211-3087,NALLUDIN,nalludin7@gmail.com,0
3209,031 - PABEDILAN,006 - KALIMUKTI,000601 - RT 002 RW 002 DUSUN 01,EKA NUGRAHA,indiranugraha@gmail.com,+62 812-2211-3087,SYIFA FAUZIYAH,akusyifaa001@gmail.com,+62 823-2133-1558
3209,031 - PABEDILAN,006 - KALIMUKTI,000602 - RT 002 RW 002 DUSUN 01,EKA NUGRAHA,indiranugraha@gmail.com,+62 812-2211-3087,SYIFA FAUZIYAH,akusyifaa001@gmail.com,+62 823-2133-1558
3209,031 - PABEDILAN,006 - KALIMUKTI,000700 - RT 003 RW 002 DUSUN 01,EKA NUGRAHA,indiranugraha@gmail.com,+62 812-2211-3087,SYIFA FAUZIYAH,akusyifaa001@gmail.com,+62 823-2133-1558
3209,031 - PABEDILAN,006 - KALIMUKTI,000800 - RT 004 RW 002 DUSUN 01,EKA NUGRAHA,indiranugraha@gmail.com,+62 812-2211-3087,SYIFA FAUZIYAH,akusyifaa001@gmail.com,+62 823-2133-1558
3209,031 - PABEDILAN,006 - KALIMUKTI,000900 - RT 001 RW 003 DUSUN 02,EKA NUGRAHA,indiranugraha@gmail.com,+62 812-2211-3087,NALLUDIN,nalludin7@gmail.com,0
3209,031 - PABEDILAN,006 - KALIMUKTI,001000 - RT 002 RW 003 DUSUN 02,EKA NUGRAHA,indiranugraha@gmail.com,+62 812-2211-3087,SYIFA FAUZIYAH,akusyifaa001@gmail.com,+62 823-2133-1558
3209,031 - PABEDILAN,006 - KALIMUKTI,001200 - RT 001 RW 004 DUSUN 02,EKA NUGRAHA,indiranugraha@gmail.com,+62 812-2211-3087,MASYANTO ,antomasyanto7@gmail.com,+62 813-8297-4069
3209,031 - PABEDILAN,006 - KALIMUKTI,001500 - RT 001 RW 005 DUSUN 03,EKA NUGRAHA,indiranugraha@gmail.com,+62 812-2211-3087,MASYANTO ,antomasyanto7@gmail.com,+62 813-8297-4069
3209,031 - PABEDILAN,006 - KALIMUKTI,001700 - RT 003 RW 005 DUSUN 03,EKA NUGRAHA,indiranugraha@gmail.com,+62 812-2211-3087,SYIFA ISHMATUL MAULA SYAH,syifaishmatul78@gmail.com,+62 831-4855-3375
3209,031 - PABEDILAN,006 - KALIMUKTI,001800 - RT 001 RW 006 DUSUN 03,EKA NUGRAHA,indiranugraha@gmail.com,+62 812-2211-3087,SYIFA ISHMATUL MAULA SYAH,syifaishmatul78@gmail.com,+62 831-4855-3375
3209,031 - PABEDILAN,006 - KALIMUKTI,001900 - RT 002 RW 006 DUSUN 03,EKA NUGRAHA,indiranugraha@gmail.com,+62 812-2211-3087,SYIFA ISHMATUL MAULA SYAH,syifaishmatul78@gmail.com,+62 831-4855-3375
3209,031 - PABEDILAN,006 - KALIMUKTI,002000 - RT 003 RW 006 DUSUN 03,EKA NUGRAHA,indiranugraha@gmail.com,+62 812-2211-3087,SYIFA ISHMATUL MAULA SYAH,syifaishmatul78@gmail.com,+62 831-4855-3375
3209,031 - PABEDILAN,006 - KALIMUKTI,002100 - RT 004 RW 006 DUSUN 03,EKA NUGRAHA,indiranugraha@gmail.com,+62 812-2211-3087,SYIFA ISHMATUL MAULA SYAH,syifaishmatul78@gmail.com,+62 831-4855-3375
3209,031 - PABEDILAN,006 - KALIMUKTI,100200 - SAWAH 1,EKA NUGRAHA,indiranugraha@gmail.com,+62 812-2211-3087,SYIFA FAUZIYAH,akusyifaa001@gmail.com,+62 823-2133-1558
3209,031 - PABEDILAN,006 - KALIMUKTI,100300 - SAWAH 2,EKA NUGRAHA,indiranugraha@gmail.com,+62 812-2211-3087,NALLUDIN,nalludin7@gmail.com,0
3209,031 - PABEDILAN,006 - KALIMUKTI,200100 - SEMAK BELUKAR,EKA NUGRAHA,indiranugraha@gmail.com,+62 812-2211-3087,MASYANTO ,antomasyanto7@gmail.com,+62 813-8297-4069
3209,031 - PABEDILAN,007 - PABEDILAN KALER,001400 - RT 013 RW 004 DUSUN BATISARI,CAHYANI,zidan201118@gmail.com,+62 853-5383-9493,RATNA GUMILAR,nafizarpahri@gmail.com,+62 813-2444-5307
3209,031 - PABEDILAN,008 - BABAKAN LOSARI LOR,000100 - RT 001 RW 001 DUSUN PAHING,BAMBANG APRIYANTO,bambangbaut733@gmail.com,+62 085-2247-37846,PUTRI NAHDIYAH,putrinahdiyah322@gmail.com,+62 088-8624-9808
3209,031 - PABEDILAN,008 - BABAKAN LOSARI LOR,000600 - RT 006 RW 001 DUSUN PAHING,BAMBANG APRIYANTO,bambangbaut733@gmail.com,+62 085-2247-37846,NURYA ,nuryanunuy@gmail.com,+62 813-1338-0104
3209,031 - PABEDILAN,008 - BABAKAN LOSARI LOR,000700 - RT 001 RW 002 DUSUN PON,BAMBANG APRIYANTO,bambangbaut733@gmail.com,+62 085-2247-37846,NURYA ,nuryanunuy@gmail.com,+62 813-1338-0104
3209,031 - PABEDILAN,008 - BABAKAN LOSARI LOR,000800 - RT 002 RW 002 DUSUN PON,BAMBANG APRIYANTO,bambangbaut733@gmail.com,+62 085-2247-37846,NURYA ,nuryanunuy@gmail.com,+62 813-1338-0104
3209,031 - PABEDILAN,008 - BABAKAN LOSARI LOR,001700 - RT 005 RW 003 DUSUN WAGE 1,BAMBANG APRIYANTO,bambangbaut733@gmail.com,+62 085-2247-37846,NURYA ,nuryanunuy@gmail.com,+62 813-1338-0104
3209,031 - PABEDILAN,008 - BABAKAN LOSARI LOR,002000 - RT 003 RW 004 DUSUN WAGE 2,BAMBANG APRIYANTO,bambangbaut733@gmail.com,+62 085-2247-37846,MAULANA SYAFIQ AMIRULLAH,sfqmln@gmail.com,0
3209,031 - PABEDILAN,008 - BABAKAN LOSARI LOR,002100 - RT 004 RW 004 DUSUN WAGE 2,BAMBANG APRIYANTO,bambangbaut733@gmail.com,+62 085-2247-37846,MAULANA SYAFIQ AMIRULLAH,sfqmln@gmail.com,0
3209,031 - PABEDILAN,009 - PABEDILAN KIDUL,000200 - RT 002 RW 001 DUSUN 01,DIAN NUGRAHA AMBARAWATI,nilan6651@gmail.com,+62 813-1533-998,CARIYAH,kaduscariyah@gmail.com,+62 852-2235-7440
3209,031 - PABEDILAN,009 - PABEDILAN KIDUL,000300 - RT 003 RW 001 DUSUN 01,DIAN NUGRAHA AMBARAWATI,nilan6651@gmail.com,+62 813-1533-998,LINDAWATI,ndalicious1122@gmail.com,+62 089-6588-19942
3209,031 - PABEDILAN,009 - PABEDILAN KIDUL,000500 - RT 001 RW 002 DUSUN 01,DIAN NUGRAHA AMBARAWATI,nilan6651@gmail.com,+62 813-1533-998,CARIYAH,kaduscariyah@gmail.com,+62 852-2235-7440
3209,031 - PABEDILAN,009 - PABEDILAN KIDUL,000600 - RT 002 RW 002 DUSUN 01,DIAN NUGRAHA AMBARAWATI,nilan6651@gmail.com,+62 813-1533-998,CARIYAH,kaduscariyah@gmail.com,+62 852-2235-7440
3209,031 - PABEDILAN,009 - PABEDILAN KIDUL,000700 - RT 003 RW 002 DUSUN 01,DIAN NUGRAHA AMBARAWATI,nilan6651@gmail.com,+62 813-1533-998,CARIYAH,kaduscariyah@gmail.com,+62 852-2235-7440
3209,031 - PABEDILAN,009 - PABEDILAN KIDUL,000800 - RT 004 RW 002 DUSUN 01,DIAN NUGRAHA AMBARAWATI,nilan6651@gmail.com,+62 813-1533-998,CARIYAH,kaduscariyah@gmail.com,+62 852-2235-7440
3209,031 - PABEDILAN,009 - PABEDILAN KIDUL,001300 - RT 002 RW 004 DUSUN 02,DEDI JAYA,bangd6249@gmail.com,+62 831-6915-0242,MUHAMMAD MAKHRUS ALI,makhrusa600@gmail.com,+62 082-2140-20590
3209,031 - PABEDILAN,009 - PABEDILAN KIDUL,001700 - RT 003 RW 005 DUSUN 03,DEDI JAYA,bangd6249@gmail.com,+62 831-6915-0242,ARIP PAJAR PARHANI ,mangazah6@gmail.com,+62 813-1400-9577
3209,031 - PABEDILAN,009 - PABEDILAN KIDUL,001900 - RT 002 RW 006 DUSUN 03,DEDI JAYA,bangd6249@gmail.com,+62 831-6915-0242,ARIP PAJAR PARHANI ,mangazah6@gmail.com,+62 813-1400-9577
3209,031 - PABEDILAN,009 - PABEDILAN KIDUL,100300 - SAWAH 3,DIAN NUGRAHA AMBARAWATI,nilan6651@gmail.com,+62 813-1533-998,LINDAWATI,ndalicious1122@gmail.com,+62 089-6588-19942
3209,031 - PABEDILAN,010 - PABEDILAN KULON,000600 - RT 006 RW 001 DUSUN SUKAMAMPIR,DEDI JAYA,bangd6249@gmail.com,+62 831-6915-0242,AHMAD RIPAI,nurhidayati03051993@gmail.com,+62 838-2523-2561
3209,031 - PABEDILAN,010 - PABEDILAN KULON,000700 - RT 001 RW 002 DUSUN KARANGANYAR,DEDI JAYA,bangd6249@gmail.com,+62 831-6915-0242,AHMAD RIPAI,nurhidayati03051993@gmail.com,+62 838-2523-2561
3209,031 - PABEDILAN,010 - PABEDILAN KULON,000800 - RT 002 RW 002 DUSUN KARANGANYAR,DICKY CHRISTIANTO,dickynovie2244@gmail.com,+62 897-1811-207,WAHYUDI ,yudialfatih857@gmail.com,0
3209,031 - PABEDILAN,010 - PABEDILAN KULON,000900 - RT 003 RW 002 DUSUN KARANGANYAR,DICKY CHRISTIANTO,dickynovie2244@gmail.com,+62 897-1811-207,WAHYUDI ,yudialfatih857@gmail.com,0
3209,031 - PABEDILAN,010 - PABEDILAN KULON,001000 - RT 004 RW 002 DUSUN KARANGANYAR,DICKY CHRISTIANTO,dickynovie2244@gmail.com,+62 897-1811-207,WAHYUDI ,yudialfatih857@gmail.com,0
3209,031 - PABEDILAN,010 - PABEDILAN KULON,001200 - RT 006 RW 002 DUSUN KARANGANYAR,DICKY CHRISTIANTO,dickynovie2244@gmail.com,+62 897-1811-207,WAHYUDI ,yudialfatih857@gmail.com,0
3209,031 - PABEDILAN,010 - PABEDILAN KULON,001300 - RT 007 RW 002 DUSUN KARANGANYAR,DICKY CHRISTIANTO,dickynovie2244@gmail.com,+62 897-1811-207,WAHYUDI ,yudialfatih857@gmail.com,0
3209,031 - PABEDILAN,010 - PABEDILAN KULON,001600 - RT 002 RW 003 DUSUN KARANGANYAR,DICKY CHRISTIANTO,dickynovie2244@gmail.com,+62 897-1811-207,WAHADA,wahadahada@gmail.com,0
3209,031 - PABEDILAN,010 - PABEDILAN KULON,001700 - RT 003 RW 003 DUSUN KARANGANYAR,DICKY CHRISTIANTO,dickynovie2244@gmail.com,+62 897-1811-207,WAHADA,wahadahada@gmail.com,0
3209,031 - PABEDILAN,010 - PABEDILAN KULON,001800 - RT 004 RW 003 DUSUN KARANGANYAR,DICKY CHRISTIANTO,dickynovie2244@gmail.com,+62 897-1811-207,SITI JUBAEDAH,zidanehaq44@gmail.com,+62 082-2174-00503
3209,031 - PABEDILAN,010 - PABEDILAN KULON,002100 - RT 003 RW 004 DUSUN KARANGANYAR,DICKY CHRISTIANTO,dickynovie2244@gmail.com,+62 897-1811-207,WAHADA,wahadahada@gmail.com,0
3209,031 - PABEDILAN,010 - PABEDILAN KULON,002200 - RT 004 RW 004 DUSUN KARANGANYAR,DICKY CHRISTIANTO,dickynovie2244@gmail.com,+62 897-1811-207,YOHAN SURYANA,suryanayohan40@gmail.com,+62 082-3200-56752
3209,031 - PABEDILAN,010 - PABEDILAN KULON,002400 - RT 002 RW 005 DUSUN LOMBANG,DICKY CHRISTIANTO,dickynovie2244@gmail.com,+62 897-1811-207,WAHYUDI ,yudialfatih857@gmail.com,0
3209,031 - PABEDILAN,010 - PABEDILAN KULON,100200 - SAWAH 2,DEDI JAYA,bangd6249@gmail.com,+62 831-6915-0242,AHMAD RIPAI,nurhidayati03051993@gmail.com,+62 838-2523-2561
3209,031 - PABEDILAN,011 - PABEDILAN WETAN,000400 - RT 004 RW 002 DUSUN 02,DIAN NUGRAHA AMBARAWATI,nilan6651@gmail.com,+62 813-1533-998,CHOLIK,dedemerona@gmail.com,+62 852-2346-0528
3209,031 - PABEDILAN,011 - PABEDILAN WETAN,000700 - RT 007 RW 003 DUSUN 03,DIAN NUGRAHA AMBARAWATI,nilan6651@gmail.com,+62 813-1533-998,EKA SUSILAWATI,es975741@gmail.com,+62 896-2713-9335
3209,031 - PABEDILAN,011 - PABEDILAN WETAN,000800 - RT 008 RW 003 DUSUN 03,DIAN NUGRAHA AMBARAWATI,nilan6651@gmail.com,+62 813-1533-998,EKA SUSILAWATI,es975741@gmail.com,+62 896-2713-9335
3209,031 - PABEDILAN,011 - PABEDILAN WETAN,001000 - RT 010 RW 004 DUSUN 04,DIAN NUGRAHA AMBARAWATI,nilan6651@gmail.com,+62 813-1533-998,EKA SUSILAWATI,es975741@gmail.com,+62 896-2713-9335
3209,031 - PABEDILAN,011 - PABEDILAN WETAN,001500 - RT 015 RW 005 DUSUN 05,DIAN NUGRAHA AMBARAWATI,nilan6651@gmail.com,+62 813-1533-998,ADE SARI SUSANTI,adesusanti337@gmail.com,+62 859-3517-4828
3209,031 - PABEDILAN,011 - PABEDILAN WETAN,100100 - SAWAH 1,DIAN NUGRAHA AMBARAWATI,nilan6651@gmail.com,+62 813-1533-998,CHOLIK,dedemerona@gmail.com,+62 852-2346-0528
3209,031 - PABEDILAN,011 - PABEDILAN WETAN,100200 - SAWAH 2,DIAN NUGRAHA AMBARAWATI,nilan6651@gmail.com,+62 813-1533-998,ADE SARI SUSANTI,adesusanti337@gmail.com,+62 859-3517-4828
3209,031 - PABEDILAN,012 - TERSANA,000100 - RT 001 RW 001 DUSUN MANIS,DICKY CHRISTIANTO,dickynovie2244@gmail.com,+62 897-1811-207,MUHAMMAD EKA ASRUL,asruleka82@gmail.com,+62 859-1095-85719
3209,031 - PABEDILAN,012 - TERSANA,000202 - RT 002 RW 001 DUSUN MANIS,DICKY CHRISTIANTO,dickynovie2244@gmail.com,+62 897-1811-207,MUHAMMAD EKA ASRUL,asruleka82@gmail.com,+62 859-1095-85719
3209,031 - PABEDILAN,012 - TERSANA,000500 - RT 005 RW 001 DUSUN MANIS,DICKY CHRISTIANTO,dickynovie2244@gmail.com,+62 897-1811-207,YOHAN SURYANA,suryanayohan40@gmail.com,+62 082-3200-56752
3209,031 - PABEDILAN,012 - TERSANA,000600 - RT 006 RW 002 DUSUN PAHING,DICKY CHRISTIANTO,dickynovie2244@gmail.com,+62 897-1811-207,YOHAN SURYANA,suryanayohan40@gmail.com,+62 082-3200-56752
3209,031 - PABEDILAN,012 - TERSANA,000700 - RT 007 RW 002 DUSUN PAHING,DICKY CHRISTIANTO,dickynovie2244@gmail.com,+62 897-1811-207,MUHAMMAD EKA ASRUL,asruleka82@gmail.com,+62 859-1095-85719
3209,031 - PABEDILAN,012 - TERSANA,000800 - RT 008 RW 002 DUSUN PAHING,DICKY CHRISTIANTO,dickynovie2244@gmail.com,+62 897-1811-207,SITI JUBAEDAH,zidanehaq44@gmail.com,+62 082-2174-00503
3209,031 - PABEDILAN,012 - TERSANA,001000 - RT 010 RW 002 DUSUN PAHING,DICKY CHRISTIANTO,dickynovie2244@gmail.com,+62 897-1811-207,SITI JUBAEDAH,zidanehaq44@gmail.com,+62 082-2174-00503
3209,031 - PABEDILAN,012 - TERSANA,100100 - SAWAH,DICKY CHRISTIANTO,dickynovie2244@gmail.com,+62 897-1811-207,SITI JUBAEDAH,zidanehaq44@gmail.com,+62 082-2174-00503
3209,031 - PABEDILAN,013 - SILIHASIH,000101 - RT 001 RW 001 DUSUN WAGE,DICKY CHRISTIANTO,dickynovie2244@gmail.com,+62 897-1811-207,RIRIN HANAYA,ririnhanaya@gmail.com,+62 857-2137-8271
3209,031 - PABEDILAN,013 - SILIHASIH,000102 - RT 001 RW 001 DUSUN WAGE,DICKY CHRISTIANTO,dickynovie2244@gmail.com,+62 897-1811-207,RIRIN HANAYA,ririnhanaya@gmail.com,+62 857-2137-8271
3209,031 - PABEDILAN,013 - SILIHASIH,000301 - RT 003 RW 001 DUSUN WAGE,DICKY CHRISTIANTO,dickynovie2244@gmail.com,+62 897-1811-207,RIRIN HANAYA,ririnhanaya@gmail.com,+62 857-2137-8271
3209,031 - PABEDILAN,013 - SILIHASIH,000302 - RT 003 RW 001 DUSUN WAGE,DICKY CHRISTIANTO,dickynovie2244@gmail.com,+62 897-1811-207,RIRIN HANAYA,ririnhanaya@gmail.com,+62 857-2137-8271
3209,031 - PABEDILAN,013 - SILIHASIH,000600 - RT 006 RW 002 DUSUN WAGE,DICKY CHRISTIANTO,dickynovie2244@gmail.com,+62 897-1811-207,SUJATNA,sujatnaajat5@gmail.com,0
3209,031 - PABEDILAN,013 - SILIHASIH,000800 - RT 008 RW 003 DUSUN KLIWON,DICKY CHRISTIANTO,dickynovie2244@gmail.com,+62 897-1811-207,AGRARINO NUGROHO ,agrakorek21@gmail.com,+62 953-5731-1675
3209,031 - PABEDILAN,013 - SILIHASIH,000900 - RT 009 RW 004 DUSUN KLIWON,DICKY CHRISTIANTO,dickynovie2244@gmail.com,+62 897-1811-207,AGRARINO NUGROHO ,agrakorek21@gmail.com,+62 953-5731-1675
3209,031 - PABEDILAN,013 - SILIHASIH,001001 - RT 010 RW 004 DUSUN KLIWON,DICKY CHRISTIANTO,dickynovie2244@gmail.com,+62 897-1811-207,AGRARINO NUGROHO ,agrakorek21@gmail.com,+62 953-5731-1675
3209,031 - PABEDILAN,013 - SILIHASIH,001002 - RT 010 RW 004 DUSUN KLIWON,DICKY CHRISTIANTO,dickynovie2244@gmail.com,+62 897-1811-207,AGRARINO NUGROHO ,agrakorek21@gmail.com,+62 953-5731-1675
3209,031 - PABEDILAN,013 - SILIHASIH,001101 - RT 011 RW 005 DUSUN KALIGANDU,DICKY CHRISTIANTO,dickynovie2244@gmail.com,+62 897-1811-207,AGRARINO NUGROHO ,agrakorek21@gmail.com,+62 953-5731-1675
3209,031 - PABEDILAN,013 - SILIHASIH,001102 - RT 011 RW 005 DUSUN KALIGANDU,DICKY CHRISTIANTO,dickynovie2244@gmail.com,+62 897-1811-207,AGRARINO NUGROHO ,agrakorek21@gmail.com,+62 953-5731-1675
3209,031 - PABEDILAN,013 - SILIHASIH,001200 - RT 012 RW 005 DUSUN KALIGANDU,DICKY CHRISTIANTO,dickynovie2244@gmail.com,+62 897-1811-207,AGRARINO NUGROHO ,agrakorek21@gmail.com,+62 953-5731-1675
3209,031 - PABEDILAN,013 - SILIHASIH,100100 - SAWAH 1,DICKY CHRISTIANTO,dickynovie2244@gmail.com,+62 897-1811-207,SUJATNA,sujatnaajat5@gmail.com,0
3209,040 - BABAKAN,001 - CANGKUANG,000100 - RT 001 RW 001 DUSUN 001,"DHAIYANA MAULANA,S.E.",dhaiyana@gmail.com,+62 852-9430-1111,EKA SETIADI,ekasetiadi1010@gmail.com,+62 819-0107-5863
3209,040 - BABAKAN,001 - CANGKUANG,000200 - RT 002 RW 001 DUSUN 001,"DHAIYANA MAULANA,S.E.",dhaiyana@gmail.com,+62 852-9430-1111,EKA SETIADI,ekasetiadi1010@gmail.com,+62 819-0107-5863
3209,040 - BABAKAN,001 - CANGKUANG,000300 - RT 003 RW 001 DUSUN 001,"DHAIYANA MAULANA,S.E.",dhaiyana@gmail.com,+62 852-9430-1111,EKA SETIADI,ekasetiadi1010@gmail.com,+62 819-0107-5863
3209,040 - BABAKAN,001 - CANGKUANG,000400 - RT 004 RW 001 DUSUN 001,"DHAIYANA MAULANA,S.E.",dhaiyana@gmail.com,+62 852-9430-1111,EKA SETIADI,ekasetiadi1010@gmail.com,+62 819-0107-5863
3209,040 - BABAKAN,001 - CANGKUANG,000600 - RT 001 RW 002 DUSUN 002,"DHAIYANA MAULANA,S.E.",dhaiyana@gmail.com,+62 852-9430-1111,EKA SETIADI,ekasetiadi1010@gmail.com,+62 819-0107-5863
3209,040 - BABAKAN,001 - CANGKUANG,000700 - RT 002 RW 002 DUSUN 002,"DHAIYANA MAULANA,S.E.",dhaiyana@gmail.com,+62 852-9430-1111,EKA SETIADI,ekasetiadi1010@gmail.com,+62 819-0107-5863
3209,040 - BABAKAN,001 - CANGKUANG,000800 - RT 003 RW 002 DUSUN 002,"DHAIYANA MAULANA,S.E.",dhaiyana@gmail.com,+62 852-9430-1111,EKA SETIADI,ekasetiadi1010@gmail.com,+62 819-0107-5863
3209,040 - BABAKAN,001 - CANGKUANG,001500 - RT 005 RW 004 DUSUN 003,"DHAIYANA MAULANA,S.E.",dhaiyana@gmail.com,+62 852-9430-1111,KURNIATIN,hasbya034@gmail.com,+62 812-1051-4439
3209,040 - BABAKAN,001 - CANGKUANG,001600 - RT 006 RW 004 DUSUN 003,"DHAIYANA MAULANA,S.E.",dhaiyana@gmail.com,+62 852-9430-1111,KURNIATIN,hasbya034@gmail.com,+62 812-1051-4439
3209,040 - BABAKAN,001 - CANGKUANG,002200 - RT 001 RW 006 DUSUN 005,"DHAIYANA MAULANA,S.E.",dhaiyana@gmail.com,+62 852-9430-1111,SOFI HIDAYAT ,sofihidayat1490@gmail.com,+62 838-2919-3366
3209,040 - BABAKAN,001 - CANGKUANG,002600 - RT 001 RW 007 DUSUN 006,"DHAIYANA MAULANA,S.E.",dhaiyana@gmail.com,+62 852-9430-1111,SOFI HIDAYAT ,sofihidayat1490@gmail.com,+62 838-2919-3366
3209,040 - BABAKAN,001 - CANGKUANG,003000 - RT 005 RW 008 DUSUN 006,"DHAIYANA MAULANA,S.E.",dhaiyana@gmail.com,+62 852-9430-1111,ANIS HONESTY,anishonesty10@gmail.com,+62 852-2122-2428
3209,040 - BABAKAN,001 - CANGKUANG,100100 - BLOK,"DHAIYANA MAULANA,S.E.",dhaiyana@gmail.com,+62 852-9430-1111,SOFI HIDAYAT ,sofihidayat1490@gmail.com,+62 838-2919-3366
3209,040 - BABAKAN,001 - CANGKUANG,100200 - BLOK PANCEN,"DHAIYANA MAULANA,S.E.",dhaiyana@gmail.com,+62 852-9430-1111,SOFI HIDAYAT ,sofihidayat1490@gmail.com,+62 838-2919-3366
3209,040 - BABAKAN,002 - SERANG WETAN,000300 - RT 003 RW 001,TRI JAKA ADE SAPUTRA,tmmeubel80@gmail.com,+62 821-2751-1552,KARSIDI,maskarsidi789@gmail.com,+62 812-2214-5621
3209,040 - BABAKAN,002 - SERANG WETAN,000400 - RT 004 RW 001,TRI JAKA ADE SAPUTRA,tmmeubel80@gmail.com,+62 821-2751-1552,KARSIDI,maskarsidi789@gmail.com,+62 812-2214-5621
3209,040 - BABAKAN,002 - SERANG WETAN,000500 - RT 005 RW 002,TRI JAKA ADE SAPUTRA,tmmeubel80@gmail.com,+62 821-2751-1552,KARSIDI,maskarsidi789@gmail.com,+62 812-2214-5621
3209,040 - BABAKAN,002 - SERANG WETAN,000600 - RT 006 RW 002,TRI JAKA ADE SAPUTRA,tmmeubel80@gmail.com,+62 821-2751-1552,KARSIDI,maskarsidi789@gmail.com,+62 812-2214-5621
3209,040 - BABAKAN,002 - SERANG WETAN,000700 - RT 007 RW 002,TRI JAKA ADE SAPUTRA,tmmeubel80@gmail.com,+62 821-2751-1552,KARSIDI,maskarsidi789@gmail.com,+62 812-2214-5621
3209,040 - BABAKAN,002 - SERANG WETAN,000800 - RT 008 RW 002,TRI JAKA ADE SAPUTRA,tmmeubel80@gmail.com,+62 821-2751-1552,KARSIDI,maskarsidi789@gmail.com,+62 812-2214-5621
3209,040 - BABAKAN,002 - SERANG WETAN,000900 - RT 009 RW 002,TRI JAKA ADE SAPUTRA,tmmeubel80@gmail.com,+62 821-2751-1552,KARSIDI,maskarsidi789@gmail.com,+62 812-2214-5621
3209,040 - BABAKAN,002 - SERANG WETAN,001000 - RT 010 RW 003,TRI JAKA ADE SAPUTRA,tmmeubel80@gmail.com,+62 821-2751-1552,AHMAD ZAELANI,bomaxorangers12@gmail.com,+62 859-7295-2949
3209,040 - BABAKAN,002 - SERANG WETAN,001200 - RT 012 RW 003,TRI JAKA ADE SAPUTRA,tmmeubel80@gmail.com,+62 821-2751-1552,AHMAD ZAELANI,bomaxorangers12@gmail.com,+62 859-7295-2949
3209,040 - BABAKAN,002 - SERANG WETAN,001300 - RT 013 RW 003,TRI JAKA ADE SAPUTRA,tmmeubel80@gmail.com,+62 821-2751-1552,AHMAD ZAELANI,bomaxorangers12@gmail.com,+62 859-7295-2949
3209,040 - BABAKAN,002 - SERANG WETAN,001400 - RT 014 RW 004,TRI JAKA ADE SAPUTRA,tmmeubel80@gmail.com,+62 821-2751-1552,AHMAD ZAELANI,bomaxorangers12@gmail.com,+62 859-7295-2949
3209,040 - BABAKAN,002 - SERANG WETAN,001500 - RT 015 RW 004,TRI JAKA ADE SAPUTRA,tmmeubel80@gmail.com,+62 821-2751-1552,AHMAD ZAELANI,bomaxorangers12@gmail.com,+62 859-7295-2949
3209,040 - BABAKAN,002 - SERANG WETAN,001600 - RT 016 RW 004,TRI JAKA ADE SAPUTRA,tmmeubel80@gmail.com,+62 821-2751-1552,AHMAD ZAELANI,bomaxorangers12@gmail.com,+62 859-7295-2949
3209,040 - BABAKAN,002 - SERANG WETAN,100100 - SAWAH,TRI JAKA ADE SAPUTRA,tmmeubel80@gmail.com,+62 821-2751-1552,KARSIDI,maskarsidi789@gmail.com,+62 812-2214-5621
3209,040 - BABAKAN,003 - BOJONGGEBANG,000500 - RT 001 RW 002 DUSUN 002,"DHAIYANA MAULANA,S.E.",dhaiyana@gmail.com,+62 852-9430-1111,ADE SUNANTO,ade.sunanto78@gmail.com,+62 813-2414-3751
3209,040 - BABAKAN,003 - BOJONGGEBANG,000600 - RT 002 RW 002 DUSUN 002,"DHAIYANA MAULANA,S.E.",dhaiyana@gmail.com,+62 852-9430-1111,ADE SUNANTO,ade.sunanto78@gmail.com,+62 813-2414-3751
3209,040 - BABAKAN,003 - BOJONGGEBANG,001100 - RT 003 RW 003 DUSUN 003,"DHAIYANA MAULANA,S.E.",dhaiyana@gmail.com,+62 852-9430-1111,REZA KUSUMA FAHLEVI ,rezakusuma363@gmail.com,+62 812-2084-0055
3209,040 - BABAKAN,003 - BOJONGGEBANG,001200 - RT 004 RW 003 DUSUN 003,"DHAIYANA MAULANA,S.E.",dhaiyana@gmail.com,+62 852-9430-1111,REZA KUSUMA FAHLEVI ,rezakusuma363@gmail.com,+62 812-2084-0055
3209,040 - BABAKAN,003 - BOJONGGEBANG,001300 - RT 001 RW 004 DUSUN 004,"DHAIYANA MAULANA,S.E.",dhaiyana@gmail.com,+62 852-9430-1111,REZA KUSUMA FAHLEVI ,rezakusuma363@gmail.com,+62 812-2084-0055
3209,040 - BABAKAN,003 - BOJONGGEBANG,001400 - RT 002 RW 004 DUSUN 004,"DHAIYANA MAULANA,S.E.",dhaiyana@gmail.com,+62 852-9430-1111,AINI FITRIA,ainifitria8@gmail.com,+62 085-3524-90644
3209,040 - BABAKAN,003 - BOJONGGEBANG,001500 - RT 003 RW 004 DUSUN 004,"DHAIYANA MAULANA,S.E.",dhaiyana@gmail.com,+62 852-9430-1111,AINI FITRIA,ainifitria8@gmail.com,+62 085-3524-90644
3209,040 - BABAKAN,003 - BOJONGGEBANG,001600 - RT 004 RW 004 DUSUN 004,"DHAIYANA MAULANA,S.E.",dhaiyana@gmail.com,+62 852-9430-1111,AINI FITRIA,ainifitria8@gmail.com,+62 085-3524-90644
3209,040 - BABAKAN,003 - BOJONGGEBANG,100100 - SAWAH,"DHAIYANA MAULANA,S.E.",dhaiyana@gmail.com,+62 852-9430-1111,ADE SUNANTO,ade.sunanto78@gmail.com,+62 813-2414-3751
3209,040 - BABAKAN,004 - KUDUKERAS,000100 - RT 001 RW 001 DUSUN 01,TRI JAKA ADE SAPUTRA,tmmeubel80@gmail.com,+62 821-2751-1552,JAENUDIN,tsanyjaenudin@gmail.com,+62 081-3247-20145
3209,040 - BABAKAN,004 - KUDUKERAS,000200 - RT 002 RW 001 DUSUN 01,TRI JAKA ADE SAPUTRA,tmmeubel80@gmail.com,+62 821-2751-1552,JAENUDIN,tsanyjaenudin@gmail.com,+62 081-3247-20145
3209,040 - BABAKAN,004 - KUDUKERAS,000300 - RT 003 RW 001 DUSUN 01,TRI JAKA ADE SAPUTRA,tmmeubel80@gmail.com,+62 821-2751-1552,JAENUDIN,tsanyjaenudin@gmail.com,+62 081-3247-20145
3209,040 - BABAKAN,004 - KUDUKERAS,000500 - RT 001 RW 002 DUSUN 02,TRI JAKA ADE SAPUTRA,tmmeubel80@gmail.com,+62 821-2751-1552,JAENUDIN,tsanyjaenudin@gmail.com,+62 081-3247-20145
3209,040 - BABAKAN,004 - KUDUKERAS,001000 - RT 002 RW 003 DUSUN 02,TRI JAKA ADE SAPUTRA,tmmeubel80@gmail.com,+62 821-2751-1552,TRESNAEDI,tresnaedi91@gmail.com,0
3209,040 - BABAKAN,004 - KUDUKERAS,001100 - RT 003 RW 003 DUSUN 03,TRI JAKA ADE SAPUTRA,tmmeubel80@gmail.com,+62 821-2751-1552,KASRUN,salehkasrun@gmail.com,+62 852-2333-3153
3209,040 - BABAKAN,004 - KUDUKERAS,001200 - RT 004 RW 003 DUSUN 03,TRI JAKA ADE SAPUTRA,tmmeubel80@gmail.com,+62 821-2751-1552,KASRUN,salehkasrun@gmail.com,+62 852-2333-3153
3209,040 - BABAKAN,004 - KUDUKERAS,001300 - RT 001 RW 004 DUSUN 03,TRI JAKA ADE SAPUTRA,tmmeubel80@gmail.com,+62 821-2751-1552,KASRUN,salehkasrun@gmail.com,+62 852-2333-3153
3209,040 - BABAKAN,004 - KUDUKERAS,001400 - RT 002 RW 004 DUSUN 03,TRI JAKA ADE SAPUTRA,tmmeubel80@gmail.com,+62 821-2751-1552,KASRUN,salehkasrun@gmail.com,+62 852-2333-3153
3209,040 - BABAKAN,005 - SUMBER KIDUL,000100 - RT 001 RW 001 DUSUN 001,MUSRIPIN,luthfie.rivandra123@gmail.com,+62 821-1633-3155,NURCHOLIS,pemdes.sumberkidul@gmail.com,+62 813-1222-9224
3209,040 - BABAKAN,005 - SUMBER KIDUL,000200 - RT 002 RW 001 DUSUN 001,MUSRIPIN,luthfie.rivandra123@gmail.com,+62 821-1633-3155,NURCHOLIS,pemdes.sumberkidul@gmail.com,+62 813-1222-9224
3209,040 - BABAKAN,005 - SUMBER KIDUL,000300 - RT 003 RW 001 DUSUN 001,MUSRIPIN,luthfie.rivandra123@gmail.com,+62 821-1633-3155,NURCHOLIS,pemdes.sumberkidul@gmail.com,+62 813-1222-9224
3209,040 - BABAKAN,005 - SUMBER KIDUL,000500 - RT 001 RW 002 DUSUN 002,MUSRIPIN,luthfie.rivandra123@gmail.com,+62 821-1633-3155,NURCHOLIS,pemdes.sumberkidul@gmail.com,+62 813-1222-9224
3209,040 - BABAKAN,005 - SUMBER KIDUL,000600 - RT 002 RW 002 DUSUN 002,MUSRIPIN,luthfie.rivandra123@gmail.com,+62 821-1633-3155,NURCHOLIS,pemdes.sumberkidul@gmail.com,+62 813-1222-9224
3209,040 - BABAKAN,005 - SUMBER KIDUL,000700 - RT 003 RW 002 DUSUN 002,MUSRIPIN,luthfie.rivandra123@gmail.com,+62 821-1633-3155,TUTUTALFIYAH,tututalfiyah679@gmail.com,+62 812-1074-6892
3209,040 - BABAKAN,005 - SUMBER KIDUL,000800 - RT 004 RW 002 DUSUN 002,MUSRIPIN,luthfie.rivandra123@gmail.com,+62 821-1633-3155,NURCHOLIS,pemdes.sumberkidul@gmail.com,+62 813-1222-9224
3209,040 - BABAKAN,005 - SUMBER KIDUL,000900 - RT 001 RW 003 DUSUN 003,MUSRIPIN,luthfie.rivandra123@gmail.com,+62 821-1633-3155,TUTUTALFIYAH,tututalfiyah679@gmail.com,+62 812-1074-6892
3209,040 - BABAKAN,005 - SUMBER KIDUL,001000 - RT 002 RW 003 DUSUN 003,MUSRIPIN,luthfie.rivandra123@gmail.com,+62 821-1633-3155,TUTUTALFIYAH,tututalfiyah679@gmail.com,+62 812-1074-6892
3209,040 - BABAKAN,005 - SUMBER KIDUL,001100 - RT 003 RW 003 DUSUN 003,MUSRIPIN,luthfie.rivandra123@gmail.com,+62 821-1633-3155,SUKANDAR,sukandarcirtim160@gmail.com,+62 823-2024-6164
3209,040 - BABAKAN,005 - SUMBER KIDUL,001200 - RT 004 RW 003 DUSUN 003,MUSRIPIN,luthfie.rivandra123@gmail.com,+62 821-1633-3155,SUKANDAR,sukandarcirtim160@gmail.com,+62 823-2024-6164
3209,040 - BABAKAN,005 - SUMBER KIDUL,001500 - RT 003 RW 004 DUSUN 004,MUSRIPIN,luthfie.rivandra123@gmail.com,+62 821-1633-3155,SUKANDAR,sukandarcirtim160@gmail.com,+62 823-2024-6164
3209,040 - BABAKAN,005 - SUMBER KIDUL,001600 - RT 004 RW 004 DUSUN 004,MUSRIPIN,luthfie.rivandra123@gmail.com,+62 821-1633-3155,SUKANDAR,sukandarcirtim160@gmail.com,+62 823-2024-6164
3209,040 - BABAKAN,005 - SUMBER KIDUL,001700 - RT 001 RW 005 DUSUN 005,MUSRIPIN,luthfie.rivandra123@gmail.com,+62 821-1633-3155,TUTUTALFIYAH,tututalfiyah679@gmail.com,+62 812-1074-6892
3209,040 - BABAKAN,005 - SUMBER KIDUL,001800 - RT 002 RW 005 DUSUN 005,MUSRIPIN,luthfie.rivandra123@gmail.com,+62 821-1633-3155,TUTUTALFIYAH,tututalfiyah679@gmail.com,+62 812-1074-6892
3209,040 - BABAKAN,005 - SUMBER KIDUL,001900 - RT 003 RW 005 DUSUN 005,MUSRIPIN,luthfie.rivandra123@gmail.com,+62 821-1633-3155,SUKANDAR,sukandarcirtim160@gmail.com,+62 823-2024-6164
3209,040 - BABAKAN,005 - SUMBER KIDUL,002000 - RT 004 RW 005  DUSUN 005,MUSRIPIN,luthfie.rivandra123@gmail.com,+62 821-1633-3155,TUTUTALFIYAH,tututalfiyah679@gmail.com,+62 812-1074-6892
3209,040 - BABAKAN,005 - SUMBER KIDUL,100100 - BLOK CURAH,MUSRIPIN,luthfie.rivandra123@gmail.com,+62 821-1633-3155,TUTUTALFIYAH,tututalfiyah679@gmail.com,+62 812-1074-6892
3209,040 - BABAKAN,006 - KUDUMULYA,000100 - RT 001 RW 001 DUSUN 001,MUSRIPIN,luthfie.rivandra123@gmail.com,+62 821-1633-3155,DASUKI,dasukiklinting8@gmail.com,+62 823-2125-7935
3209,040 - BABAKAN,006 - KUDUMULYA,000200 - RT 002 RW 001 DUSUN 001,MUSRIPIN,luthfie.rivandra123@gmail.com,+62 821-1633-3155,DASUKI,dasukiklinting8@gmail.com,+62 823-2125-7935
3209,040 - BABAKAN,006 - KUDUMULYA,000900 - RT 009 RW 005 DUSUN 003,MUSRIPIN,luthfie.rivandra123@gmail.com,+62 821-1633-3155,ANDI SUPANDI,andisupandi436@gmail.com,+62 852-8166-6899
3209,040 - BABAKAN,006 - KUDUMULYA,100100 - BLOK JAMBLING DAN TALANG,MUSRIPIN,luthfie.rivandra123@gmail.com,+62 821-1633-3155,DASUKI,dasukiklinting8@gmail.com,+62 823-2125-7935
3209,040 - BABAKAN,007 - SUMBER LOR,000100 - RT 001 RW 001 DUSUN 001,MUSRIPIN,luthfie.rivandra123@gmail.com,+62 821-1633-3155,NURHADI,gitamudakarya25@gmail.com,+62 813-2159-0600
3209,040 - BABAKAN,007 - SUMBER LOR,000200 - RT 002 RW 001 DUSUN 001,MUSRIPIN,luthfie.rivandra123@gmail.com,+62 821-1633-3155,NURHADI,gitamudakarya25@gmail.com,+62 813-2159-0600
3209,040 - BABAKAN,007 - SUMBER LOR,000300 - RT 003 RW 001 DUSUN 001,MUSRIPIN,luthfie.rivandra123@gmail.com,+62 821-1633-3155,NURHADI,gitamudakarya25@gmail.com,+62 813-2159-0600
3209,040 - BABAKAN,007 - SUMBER LOR,000400 - RT 001 RW 002 DUSUN 002,MUSRIPIN,luthfie.rivandra123@gmail.com,+62 821-1633-3155,NURHADI,gitamudakarya25@gmail.com,+62 813-2159-0600
3209,040 - BABAKAN,007 - SUMBER LOR,000500 - RT 002 RW 002 DUSUN 002,MUSRIPIN,luthfie.rivandra123@gmail.com,+62 821-1633-3155,NURHADI,gitamudakarya25@gmail.com,+62 813-2159-0600
3209,040 - BABAKAN,007 - SUMBER LOR,000601 - RT 001 RW 003 DUSUN 003,MUSRIPIN,luthfie.rivandra123@gmail.com,+62 821-1633-3155,SUTRISNO,sutrisnorafi79@gmail.com,+62 852-2422-3332_
3209,040 - BABAKAN,007 - SUMBER LOR,000901 - RT 002 RW 004 DUSUN 004,MUSRIPIN,luthfie.rivandra123@gmail.com,+62 821-1633-3155,SOHENDA ,ghossanenda82@gmail.com,+62 852-2171-4266
3209,040 - BABAKAN,007 - SUMBER LOR,001000 - RT 001 RW 005 DUSUN 005,MUSRIPIN,luthfie.rivandra123@gmail.com,+62 821-1633-3155,SOHENDA ,ghossanenda82@gmail.com,+62 852-2171-4266
3209,040 - BABAKAN,007 - SUMBER LOR,001100 - RT 002 RW 005 DUSUN 005,MUSRIPIN,luthfie.rivandra123@gmail.com,+62 821-1633-3155,SOHENDA ,ghossanenda82@gmail.com,+62 852-2171-4266
3209,040 - BABAKAN,007 - SUMBER LOR,100100 - SAWAH,MUSRIPIN,luthfie.rivandra123@gmail.com,+62 821-1633-3155,NURHADI,gitamudakarya25@gmail.com,+62 813-2159-0600
3209,040 - BABAKAN,008 - BABAKAN,000400 - RT 002 RW 002 DUSUN 001,TORIKIN,torikinikin12@gmail.com,+62 085-3181-09393,IMRON NASIHIN,nasihinimron5@gmail.com,+62 081-2244-79947
3209,040 - BABAKAN,008 - BABAKAN,000500 - RT 003 RW 002 DUSUN 001,TORIKIN,torikinikin12@gmail.com,+62 085-3181-09393,MUKHLAS ,aufa13401@gmail.com,+62 813-2074-0948
3209,040 - BABAKAN,008 - BABAKAN,000602 - RT 001 RW 003 DUSUN 002,TORIKIN,torikinikin12@gmail.com,+62 085-3181-09393,IMRON NASIHIN,nasihinimron5@gmail.com,+62 081-2244-79947
3209,040 - BABAKAN,008 - BABAKAN,000700 - RT 002 RW 003 DUSUN 002,TORIKIN,torikinikin12@gmail.com,+62 085-3181-09393,MUKHLAS ,aufa13401@gmail.com,+62 813-2074-0948
3209,040 - BABAKAN,008 - BABAKAN,000900 - RT 001 RW 004 DUSUN 002,TORIKIN,torikinikin12@gmail.com,+62 085-3181-09393,MUKHLAS ,aufa13401@gmail.com,+62 813-2074-0948
3209,040 - BABAKAN,008 - BABAKAN,001000 - RT 002 RW 004 DUSUN 002,TORIKIN,torikinikin12@gmail.com,+62 085-3181-09393,MUKHLAS ,aufa13401@gmail.com,+62 813-2074-0948
3209,040 - BABAKAN,008 - BABAKAN,001100 - RT 003 RW 004 DUSUN 002,TORIKIN,torikinikin12@gmail.com,+62 085-3181-09393,MUKHLAS ,aufa13401@gmail.com,+62 813-2074-0948
3209,040 - BABAKAN,008 - BABAKAN,001300 - RT 002 RW 005 DUSUN 003,RASIDI,rasyid1110@gmail.com,0,KHUSAENI AMRIYAH,khusaeniamriyah@gmail.com,+62 881-7748-816
3209,040 - BABAKAN,008 - BABAKAN,100100 - BLOK KARANG MANGU DAN GUBANG JAMBU,TORIKIN,torikinikin12@gmail.com,+62 085-3181-09393,IMRON NASIHIN,nasihinimron5@gmail.com,+62 081-2244-79947
3209,040 - BABAKAN,009 - PAKUSAMBEN,000800 - RT 002 RW 004 DUSUN 002,YAN HARDIAN,31putramandiri@gmail.com,+62 896-7072-5879,FIKA RIZQIYAH,matematikafika@gmail.com,+62 898-4289-456
3209,040 - BABAKAN,009 - PAKUSAMBEN,000900 - RT 001 RW 005 DUSUN 003,YAN HARDIAN,31putramandiri@gmail.com,+62 896-7072-5879,ABDUL RAHMAT,abdulrahmatt165@gmail.com,+62 812-9313-2011
3209,040 - BABAKAN,009 - PAKUSAMBEN,001000 - RT 002 RW 005 DUSUN 003,YAN HARDIAN,31putramandiri@gmail.com,+62 896-7072-5879,ABDUL RAHMAT,abdulrahmatt165@gmail.com,+62 812-9313-2011
3209,040 - BABAKAN,009 - PAKUSAMBEN,001100 - RT 001 RW 006 DUSUN 003,YAN HARDIAN,31putramandiri@gmail.com,+62 896-7072-5879,ABDUL RAHMAT,abdulrahmatt165@gmail.com,+62 812-9313-2011
3209,040 - BABAKAN,009 - PAKUSAMBEN,001200 - RT 002 RW 006 DUSUN 003,YAN HARDIAN,31putramandiri@gmail.com,+62 896-7072-5879,ABDUL RAHMAT,abdulrahmatt165@gmail.com,+62 812-9313-2011
3209,040 - BABAKAN,009 - PAKUSAMBEN,001400 - RT 002 RW 007 DUSUN 004,YAN HARDIAN,31putramandiri@gmail.com,+62 896-7072-5879,ABDUL RAHMAT,abdulrahmatt165@gmail.com,+62 812-9313-2011
3209,040 - BABAKAN,009 - PAKUSAMBEN,001900 - RT 001 RW 010 DUSUN 005,YAN HARDIAN,31putramandiri@gmail.com,+62 896-7072-5879,MELLIA SHEFTIANIS,msmellshef@gmail.com,+62 821-2044-4593
3209,040 - BABAKAN,009 - PAKUSAMBEN,002300 - RT 001 RW 012 DUSUN 006,YAN HARDIAN,31putramandiri@gmail.com,+62 896-7072-5879,MELLIA SHEFTIANIS,msmellshef@gmail.com,+62 821-2044-4593
3209,040 - BABAKAN,009 - PAKUSAMBEN,002400 - RT 002 RW 012 DUSUN 006,YAN HARDIAN,31putramandiri@gmail.com,+62 896-7072-5879,MELLIA SHEFTIANIS,msmellshef@gmail.com,+62 821-2044-4593
3209,040 - BABAKAN,009 - PAKUSAMBEN,100100 - SAWAH,YAN HARDIAN,31putramandiri@gmail.com,+62 896-7072-5879,ABDUL RAHMAT,abdulrahmatt165@gmail.com,+62 812-9313-2011
3209,040 - BABAKAN,010 - KARANGWANGUN,000100 - RT 001 RW 001 DUSUN 01,YAN HARDIAN,31putramandiri@gmail.com,+62 896-7072-5879,ADE WAHYUDI,adewahyudi4792@gmail.com,0
3209,040 - BABAKAN,010 - KARANGWANGUN,000200 - RT 002 RW 001 DUSUN 01,YAN HARDIAN,31putramandiri@gmail.com,+62 896-7072-5879,ADE WAHYUDI,adewahyudi4792@gmail.com,0
3209,040 - BABAKAN,010 - KARANGWANGUN,000300 - RT 003 RW 001 DUSUN 01,YAN HARDIAN,31putramandiri@gmail.com,+62 896-7072-5879,CAHYADI ,yadi94633@gmail.com,+62 852-2064-4219
3209,040 - BABAKAN,010 - KARANGWANGUN,000700 - RT 002 RW 002 DUSUN 02,YAN HARDIAN,31putramandiri@gmail.com,+62 896-7072-5879,CAHYADI ,yadi94633@gmail.com,+62 852-2064-4219
3209,040 - BABAKAN,010 - KARANGWANGUN,000900 - RT 004 RW 002 DUSUN 02,YAN HARDIAN,31putramandiri@gmail.com,+62 896-7072-5879,CAHYADI ,yadi94633@gmail.com,+62 852-2064-4219
3209,040 - BABAKAN,010 - KARANGWANGUN,001000 - RT 001 RW 003 DUSUN 03,YAN HARDIAN,31putramandiri@gmail.com,+62 896-7072-5879,ADE WAHYUDI,adewahyudi4792@gmail.com,0
3209,040 - BABAKAN,010 - KARANGWANGUN,001100 - RT 002 RW 003 DUSUN 03,YAN HARDIAN,31putramandiri@gmail.com,+62 896-7072-5879,ADE WAHYUDI,adewahyudi4792@gmail.com,0
3209,040 - BABAKAN,010 - KARANGWANGUN,001200 - RT 003 RW 003 DUSUN 03,YAN HARDIAN,31putramandiri@gmail.com,+62 896-7072-5879,ADE WAHYUDI,adewahyudi4792@gmail.com,0
3209,040 - BABAKAN,010 - KARANGWANGUN,001300 - RT 004 RW 003 DUSUN 03,YAN HARDIAN,31putramandiri@gmail.com,+62 896-7072-5879,ADE WAHYUDI,adewahyudi4792@gmail.com,0
3209,040 - BABAKAN,010 - KARANGWANGUN,001400 - RT 001 RW 004 DUSUN 04,YAN HARDIAN,31putramandiri@gmail.com,+62 896-7072-5879,CAHYADI ,yadi94633@gmail.com,+62 852-2064-4219
3209,040 - BABAKAN,010 - KARANGWANGUN,001500 - RT 002 RW 004 DUSUN 04,YAN HARDIAN,31putramandiri@gmail.com,+62 896-7072-5879,ADE WAHYUDI,adewahyudi4792@gmail.com,0
3209,040 - BABAKAN,010 - KARANGWANGUN,001800 - RT 005 RW 004 DUSUN 04,YAN HARDIAN,31putramandiri@gmail.com,+62 896-7072-5879,FAJAR FADLUN,fajharfadllun158@gmail.com,+62 085-7593-24166
3209,040 - BABAKAN,010 - KARANGWANGUN,001900 - RT 001 RW 005 DUSUN 05,YAN HARDIAN,31putramandiri@gmail.com,+62 896-7072-5879,FAJAR FADLUN,fajharfadllun158@gmail.com,+62 085-7593-24166
3209,040 - BABAKAN,010 - KARANGWANGUN,002200 - RT 001 RW 006 DUSUN 05,YAN HARDIAN,31putramandiri@gmail.com,+62 896-7072-5879,CAHYADI ,yadi94633@gmail.com,+62 852-2064-4219
3209,040 - BABAKAN,010 - KARANGWANGUN,002600 - RT 002 RW 007 DUSUN 06,YAN HARDIAN,31putramandiri@gmail.com,+62 896-7072-5879,ROHAYATI,hayrohayati2@gmail.com,+62 821-1788-7811
3209,040 - BABAKAN,010 - KARANGWANGUN,002700 - RT 003 RW 007 DUSUN 06,YAN HARDIAN,31putramandiri@gmail.com,+62 896-7072-5879,ROHAYATI,hayrohayati2@gmail.com,+62 821-1788-7811
3209,040 - BABAKAN,010 - KARANGWANGUN,100100 - SAWAH,YAN HARDIAN,31putramandiri@gmail.com,+62 896-7072-5879,FAJAR FADLUN,fajharfadllun158@gmail.com,+62 085-7593-24166
3209,040 - BABAKAN,011 - BABAKAN GEBANG,000100 - RT 001 RW 001 DUSUN 001,TORIKIN,torikinikin12@gmail.com,+62 085-3181-09393,YUYUN SETIANINGSIH ,quiinluisa10@gmail.com,+62 852-2115-9686
3209,040 - BABAKAN,011 - BABAKAN GEBANG,000200 - RT 002 RW 001 DUSUN 001,TORIKIN,torikinikin12@gmail.com,+62 085-3181-09393,YUYUN SETIANINGSIH ,quiinluisa10@gmail.com,+62 852-2115-9686
3209,040 - BABAKAN,011 - BABAKAN GEBANG,000300 - RT 001 RW 002 DUSUN 001,TORIKIN,torikinikin12@gmail.com,+62 085-3181-09393,YUYUN SETIANINGSIH ,quiinluisa10@gmail.com,+62 852-2115-9686
3209,040 - BABAKAN,011 - BABAKAN GEBANG,000900 - RT 002 RW 004 DUSUN 002,TORIKIN,torikinikin12@gmail.com,+62 085-3181-09393,RIJKENI,mozafarha@gmail.com,+62 812-8809-6635
3209,040 - BABAKAN,011 - BABAKAN GEBANG,001900 - RT 002 RW 008 DUSUN 004,TORIKIN,torikinikin12@gmail.com,+62 085-3181-09393,DODI SUBHAN SAFARI,indiaruri@gmail.com,+62 813-1235-5643
3209,040 - BABAKAN,011 - BABAKAN GEBANG,002100 - RT 002 RW 009 DUSUN 005,TORIKIN,torikinikin12@gmail.com,+62 085-3181-09393,DODI SUBHAN SAFARI,indiaruri@gmail.com,+62 813-1235-5643
3209,040 - BABAKAN,011 - BABAKAN GEBANG,002200 - RT 003 RW 009 DUSUN 005,TORIKIN,torikinikin12@gmail.com,+62 085-3181-09393,AHMAD WIDYAN,pemdesbabakang@gmail.com,+62 813-9522-6721
3209,040 - BABAKAN,011 - BABAKAN GEBANG,002400 - RT 001 RW 010 DUSUN 005,TORIKIN,torikinikin12@gmail.com,+62 085-3181-09393,AHMAD WIDYAN,pemdesbabakang@gmail.com,+62 813-9522-6721
3209,040 - BABAKAN,011 - BABAKAN GEBANG,002500 - RT 002 RW 010 DUSUN 005,TORIKIN,torikinikin12@gmail.com,+62 085-3181-09393,AHMAD WIDYAN,pemdesbabakang@gmail.com,+62 813-9522-6721
3209,040 - BABAKAN,011 - BABAKAN GEBANG,002701 - RT 004 RW 010 DUSUN 005,"DHAIYANA MAULANA,S.E.",dhaiyana@gmail.com,+62 852-9430-1111,ANIS HONESTY,anishonesty10@gmail.com,+62 852-2122-2428
3209,040 - BABAKAN,011 - BABAKAN GEBANG,002702 - RT 004 RW 010 DUSUN 005,"DHAIYANA MAULANA,S.E.",dhaiyana@gmail.com,+62 852-9430-1111,ANIS HONESTY,anishonesty10@gmail.com,+62 852-2122-2428
3209,040 - BABAKAN,011 - BABAKAN GEBANG,002900 - RT 003 RW 001 DUSUN 01,TORIKIN,torikinikin12@gmail.com,+62 085-3181-09393,RIJKENI,mozafarha@gmail.com,+62 812-8809-6635
3209,040 - BABAKAN,011 - BABAKAN GEBANG,100200 - BLOK KARANGMANGU,TORIKIN,torikinikin12@gmail.com,+62 085-3181-09393,DIROAH,diroah123@gmail.com,+62 813-1352-5483
3209,040 - BABAKAN,012 - GEMBONGAN,000100 - RT 001 RW 001 DUSUN 001,RASIDI,rasyid1110@gmail.com,0,NUROHIMAN ,peysystem8@gmail.com,+62 857-2404-2308
3209,040 - BABAKAN,012 - GEMBONGAN,000200 - RT 002 RW 001 DUSUN 001,RASIDI,rasyid1110@gmail.com,0,NUROHIMAN ,peysystem8@gmail.com,+62 857-2404-2308
3209,040 - BABAKAN,012 - GEMBONGAN,000700 - RT 001 RW 003 DUSUN 002,RASIDI,rasyid1110@gmail.com,0,MUHAMAD AEF SAEPUDIN,jhontarman30@gmail.com,0
3209,040 - BABAKAN,012 - GEMBONGAN,000800 - RT 002 RW 003 DUSUN 002,RASIDI,rasyid1110@gmail.com,0,MUHAMAD AEF SAEPUDIN,jhontarman30@gmail.com,0
3209,040 - BABAKAN,012 - GEMBONGAN,000900 - RT 003 RW 003 DUSUN 002,RASIDI,rasyid1110@gmail.com,0,MUHAMAD AEF SAEPUDIN,jhontarman30@gmail.com,0
3209,040 - BABAKAN,012 - GEMBONGAN,001000 - RT 001 RW 004 DUSUN 002,RASIDI,rasyid1110@gmail.com,0,MUHAMAD AEF SAEPUDIN,jhontarman30@gmail.com,0
3209,040 - BABAKAN,012 - GEMBONGAN,001100 - RT 002 RW 004 DUSUN 002,RASIDI,rasyid1110@gmail.com,0,MUHAMAD AEF SAEPUDIN,jhontarman30@gmail.com,0
3209,040 - BABAKAN,012 - GEMBONGAN,001200 - RT 003 RW 004 DUSUN 002,RASIDI,rasyid1110@gmail.com,0,MUHAMAD AEF SAEPUDIN,jhontarman30@gmail.com,0
3209,040 - BABAKAN,012 - GEMBONGAN,001400 - RT 002 RW 005 DUSUN 003,RASIDI,rasyid1110@gmail.com,0,RUSLAN,salwaayah804@gmail.com,+62 813-7191-5631
3209,040 - BABAKAN,012 - GEMBONGAN,001500 - RT 003 RW 005 DUSUN 003,RASIDI,rasyid1110@gmail.com,0,RUSLAN,salwaayah804@gmail.com,+62 813-7191-5631
3209,040 - BABAKAN,012 - GEMBONGAN,001600 - RT 001 RW 006 DUSUN 004,RASIDI,rasyid1110@gmail.com,0,RUSLAN,salwaayah804@gmail.com,+62 813-7191-5631
3209,040 - BABAKAN,012 - GEMBONGAN,001700 - RT 002 RW 006 DUSUN 004,RASIDI,rasyid1110@gmail.com,0,RUSLAN,salwaayah804@gmail.com,+62 813-7191-5631
3209,040 - BABAKAN,012 - GEMBONGAN,001800 - RT 003 RW 006 DUSUN 004,RASIDI,rasyid1110@gmail.com,0,RUSLAN,salwaayah804@gmail.com,+62 813-7191-5631
3209,040 - BABAKAN,013 - SERANG KULON,000200 - RT 002 RW 001 DUSUN 001,TRI JAKA ADE SAPUTRA,tmmeubel80@gmail.com,+62 821-2751-1552,ADITIA WARMAN NUR UTAMA,aditiawarmannu212@gmail.com,+62 821-1662-6644
3209,040 - BABAKAN,013 - SERANG KULON,000300 - RT 003 RW 001 DUSUN 001,TRI JAKA ADE SAPUTRA,tmmeubel80@gmail.com,+62 821-2751-1552,ADITIA WARMAN NUR UTAMA,aditiawarmannu212@gmail.com,+62 821-1662-6644
3209,040 - BABAKAN,013 - SERANG KULON,000400 - RT 004 RW 002 DUSUN 001,TRI JAKA ADE SAPUTRA,tmmeubel80@gmail.com,+62 821-2751-1552,ADITIA WARMAN NUR UTAMA,aditiawarmannu212@gmail.com,+62 821-1662-6644
3209,040 - BABAKAN,013 - SERANG KULON,000500 - RT 005 RW 002 DUSUN 001,TRI JAKA ADE SAPUTRA,tmmeubel80@gmail.com,+62 821-2751-1552,ADITIA WARMAN NUR UTAMA,aditiawarmannu212@gmail.com,+62 821-1662-6644
3209,040 - BABAKAN,013 - SERANG KULON,000600 - RT 006 RW 002 DUSUN 001,TRI JAKA ADE SAPUTRA,tmmeubel80@gmail.com,+62 821-2751-1552,ADITIA WARMAN NUR UTAMA,aditiawarmannu212@gmail.com,+62 821-1662-6644
3209,040 - BABAKAN,013 - SERANG KULON,000700 - RT 001A RW 003 DUSUN 002,TRI JAKA ADE SAPUTRA,tmmeubel80@gmail.com,+62 821-2751-1552,ADITIA WARMAN NUR UTAMA,aditiawarmannu212@gmail.com,+62 821-1662-6644
3209,040 - BABAKAN,013 - SERANG KULON,001400 - RT 001 RW 005 DUSUN 003,TRI JAKA ADE SAPUTRA,tmmeubel80@gmail.com,+62 821-2751-1552,TATANG,selontatang@gmail.com,0
3209,040 - BABAKAN,013 - SERANG KULON,001500 - RT 002 RW 005 DUSUN 003,TRI JAKA ADE SAPUTRA,tmmeubel80@gmail.com,+62 821-2751-1552,TATANG,selontatang@gmail.com,0
3209,040 - BABAKAN,013 - SERANG KULON,001600 - RT 003 RW 005 DUSUN 003,TRI JAKA ADE SAPUTRA,tmmeubel80@gmail.com,+62 821-2751-1552,TATANG,selontatang@gmail.com,0
3209,040 - BABAKAN,013 - SERANG KULON,001700 - RT 004 RW 005 DUSUN 003,TRI JAKA ADE SAPUTRA,tmmeubel80@gmail.com,+62 821-2751-1552,TATANG,selontatang@gmail.com,0
3209,040 - BABAKAN,013 - SERANG KULON,001800 - RT 005 RW 005 DUSUN 003,TRI JAKA ADE SAPUTRA,tmmeubel80@gmail.com,+62 821-2751-1552,TATANG,selontatang@gmail.com,0
3209,040 - BABAKAN,014 - GEMBONGAN MEKAR,000100 - RT 01 RW 01 DUSUN 1,RASIDI,rasyid1110@gmail.com,0,WAKYO ,wakyosewi@gmail.com,+62 813-1569-6519
3209,040 - BABAKAN,014 - GEMBONGAN MEKAR,000200 - RT 02 RW 01 DUSUN 1,RASIDI,rasyid1110@gmail.com,0,WAKYO ,wakyosewi@gmail.com,+62 813-1569-6519
3209,040 - BABAKAN,014 - GEMBONGAN MEKAR,000300 - RT 03 RW 01 DUSUN 1,RASIDI,rasyid1110@gmail.com,0,WAKYO ,wakyosewi@gmail.com,+62 813-1569-6519
3209,040 - BABAKAN,014 - GEMBONGAN MEKAR,000400 - RT 04 RW 01 DUSUN 1,RASIDI,rasyid1110@gmail.com,0,WAKYO ,wakyosewi@gmail.com,+62 813-1569-6519
3209,040 - BABAKAN,014 - GEMBONGAN MEKAR,000600 - RT 02 RW 02 DUSUN 2,RASIDI,rasyid1110@gmail.com,0,ABDUL SYUKUR,abdsyukur0282@gmail.com,+62 853-1413-7306
3209,040 - BABAKAN,014 - GEMBONGAN MEKAR,000700 - RT 03 RW 02 DUSUN 2,RASIDI,rasyid1110@gmail.com,0,ABDUL SYUKUR,abdsyukur0282@gmail.com,+62 853-1413-7306
3209,040 - BABAKAN,014 - GEMBONGAN MEKAR,000800 - RT 04 RW 02 DUSUN 2,RASIDI,rasyid1110@gmail.com,0,ABDUL SYUKUR,abdsyukur0282@gmail.com,+62 853-1413-7306
3209,040 - BABAKAN,014 - GEMBONGAN MEKAR,000900 - RT 01 RW 03 DUSUN 3,RASIDI,rasyid1110@gmail.com,0,RAMDONI,bomaxdanny33@gmail.com,+62 831-1979-2114
3209,040 - BABAKAN,014 - GEMBONGAN MEKAR,001000 - RT 02 RW 03 DUSUN 3,RASIDI,rasyid1110@gmail.com,0,RAMDONI,bomaxdanny33@gmail.com,+62 831-1979-2114
3209,040 - BABAKAN,014 - GEMBONGAN MEKAR,001200 - RT 04 RW 03 DUSUN 3,RASIDI,rasyid1110@gmail.com,0,RAMDONI,bomaxdanny33@gmail.com,+62 831-1979-2114
3209,040 - BABAKAN,014 - GEMBONGAN MEKAR,001400 - RT 02 RW 04 DUSUN 4,RASIDI,rasyid1110@gmail.com,0,RAMDONI,bomaxdanny33@gmail.com,+62 831-1979-2114
3209,040 - BABAKAN,014 - GEMBONGAN MEKAR,100200 - SAWAH,RASIDI,rasyid1110@gmail.com,0,WAKYO ,wakyosewi@gmail.com,+62 813-1569-6519
3209,040 - BABAKAN,014 - GEMBONGAN MEKAR,100700 - SAWAH,RASIDI,rasyid1110@gmail.com,0,RAMDONI,bomaxdanny33@gmail.com,+62 831-1979-2114
3209,041 - GEBANG,001 - DOMPYONG KULON,000200 - RT 002 RW 001 DUSUN 001,RANO ADIGUNA,mamasfirda@gmail.com,+62 878-3704-7034,M.ABIL ABBAS,abilabbas070200@gmail.com,+62 815-7382-8302
3209,041 - GEBANG,001 - DOMPYONG KULON,000600 - RT 002 RW 002 DUSUN 002,RANO ADIGUNA,mamasfirda@gmail.com,+62 878-3704-7034,MOHAMAD DAHLIA HASAN SAPUTRA,yudadaloet05@gmail.com,+62 898-9465-005
3209,041 - GEBANG,001 - DOMPYONG KULON,000700 - RT 003 RW 002 DUSUN 002,RANO ADIGUNA,mamasfirda@gmail.com,+62 878-3704-7034,MOHAMAD DAHLIA HASAN SAPUTRA,yudadaloet05@gmail.com,+62 898-9465-005
3209,041 - GEBANG,001 - DOMPYONG KULON,000800 - RT 004 RW 002 DUSUN 002,RANO ADIGUNA,mamasfirda@gmail.com,+62 878-3704-7034,MOHAMAD DAHLIA HASAN SAPUTRA,yudadaloet05@gmail.com,+62 898-9465-005
3209,041 - GEBANG,001 - DOMPYONG KULON,000900 - RT 001 RW 003 DUSUN 003,RANO ADIGUNA,mamasfirda@gmail.com,+62 878-3704-7034,TONI SUTRISNA,sutrisnatoni48@gmail.com,0
3209,041 - GEBANG,001 - DOMPYONG KULON,001400 - RT 002 RW 004 DUSUN 004,RANO ADIGUNA,mamasfirda@gmail.com,+62 878-3704-7034,M.ABIL ABBAS,abilabbas070200@gmail.com,+62 815-7382-8302
3209,041 - GEBANG,002 - DOMPYONG WETAN,000200 - RT 002 RW 001 DUSUN 001,RANO ADIGUNA,mamasfirda@gmail.com,+62 878-3704-7034,SIGIT APRIANTO,sigitaprianto810@gmail.com,+62 812-8260-9172
3209,041 - GEBANG,002 - DOMPYONG WETAN,000400 - RT 004 RW 001 DUSUN 001,RANO ADIGUNA,mamasfirda@gmail.com,+62 878-3704-7034,SIGIT APRIANTO,sigitaprianto810@gmail.com,+62 812-8260-9172
3209,041 - GEBANG,002 - DOMPYONG WETAN,000500 - RT 005 RW 002 DUSUN 001,RANO ADIGUNA,mamasfirda@gmail.com,+62 878-3704-7034,SIGIT APRIANTO,sigitaprianto810@gmail.com,+62 812-8260-9172
3209,041 - GEBANG,002 - DOMPYONG WETAN,001400 - RT 014 RW 004 DUSUN 002,RANO ADIGUNA,mamasfirda@gmail.com,+62 878-3704-7034,MUHAMAD RIFALDI,ipankvd@gmail.com,+62 821-1983-7024
3209,041 - GEBANG,002 - DOMPYONG WETAN,002300 - RT 022 RW 006 DUSUN 003,RANO ADIGUNA,mamasfirda@gmail.com,+62 878-3704-7034,CHIQUITA SELVIA NATHANIA,chiquitaselvia6@gmail.com,+62 818-0917-5230
3209,041 - GEBANG,002 - DOMPYONG WETAN,100100 - SAWAH BLOK WIDARA,RANO ADIGUNA,mamasfirda@gmail.com,+62 878-3704-7034,CHIQUITA SELVIA NATHANIA,chiquitaselvia6@gmail.com,+62 818-0917-5230
3209,041 - GEBANG,003 - KALIMEKAR,000300 - RT 003 RW 002 DUSUN 001,JOHANSYAH,adenjohansyah05061988@gmail.com,+62 838-1936-5102,AAN SUHANDA,aansuhanda320@gmail.com,+62 877-3632-1855
3209,041 - GEBANG,003 - KALIMEKAR,000900 - RT 001 RW 005 DUSUN 003,JOHANSYAH,adenjohansyah05061988@gmail.com,+62 838-1936-5102,WILI WIGUNA,willywiguna8@gmail.com,+62 878-2113-6202
3209,041 - GEBANG,004 - KALIMARO,001000 - RT 001 RW 005,RANO ADIGUNA,mamasfirda@gmail.com,+62 878-3704-7034,RATMAJA,prakosomaja@gmail.com,+62 083-8427-62760
3209,041 - GEBANG,004 - KALIMARO,001100 - RT 002 RW 005,RANO ADIGUNA,mamasfirda@gmail.com,+62 878-3704-7034,RATMAJA,prakosomaja@gmail.com,+62 083-8427-62760
3209,041 - GEBANG,004 - KALIMARO,001200 - RT 003 RW 005,RANO ADIGUNA,mamasfirda@gmail.com,+62 878-3704-7034,RATMAJA,prakosomaja@gmail.com,+62 083-8427-62760
3209,041 - GEBANG,005 - GAGASARI,000101 - RT 001 RW 001,RANIA FAUZIYYAH,raniafauziyah92@gmail.com,+62 081-9099-68723,JAMHURI,jamhurisyah@gmail.com,+62 813-6768-8735
3209,041 - GEBANG,005 - GAGASARI,100300 - SAWAH BLOK GARUT-GEROT,RANIA FAUZIYYAH,raniafauziyah92@gmail.com,+62 081-9099-68723,JAMHURI,j8578617@gmail.com,0
3209,041 - GEBANG,005 - GAGASARI,100400 - SAWAH BLOK PLAWAD,RANIA FAUZIYYAH,raniafauziyah92@gmail.com,+62 081-9099-68723,JAMHURI,jamhurisyah@gmail.com,+62 813-6768-8735
3209,041 - GEBANG,005 - GAGASARI,100700 - SAWAH KRAMAT WARU-TALANG,RANIA FAUZIYYAH,raniafauziyah92@gmail.com,+62 081-9099-68723,JAMHURI,j8578617@gmail.com,0
3209,041 - GEBANG,006 - KALIPASUNG,000100 - RT 001 RW 001 DUSUN 1,RANIA FAUZIYYAH,raniafauziyah92@gmail.com,+62 081-9099-68723,ERNAWATI,karuniatuhan99@gmail.com,+62 831-7937-8926
3209,041 - GEBANG,006 - KALIPASUNG,000200 - RT 002 RW 001 DUSUN 1,RANIA FAUZIYYAH,raniafauziyah92@gmail.com,+62 081-9099-68723,ERNAWATI,karuniatuhan99@gmail.com,+62 831-7937-8926
3209,041 - GEBANG,006 - KALIPASUNG,000300 - RT 002 RW 002 DUSUN 1,RANIA FAUZIYYAH,raniafauziyah92@gmail.com,+62 081-9099-68723,ERNAWATI,karuniatuhan99@gmail.com,+62 831-7937-8926
3209,041 - GEBANG,006 - KALIPASUNG,000400 - RT 001 RW 002 DUSUN 1,RANIA FAUZIYYAH,raniafauziyah92@gmail.com,+62 081-9099-68723,ERNAWATI,karuniatuhan99@gmail.com,+62 831-7937-8926
3209,041 - GEBANG,006 - KALIPASUNG,001000 - RT 001 RW 005 DUSUN 3,RANIA FAUZIYYAH,raniafauziyah92@gmail.com,+62 081-9099-68723,ADE DWI RAHMAWATI,adedwirahma77@gmail.com,+62 898-7377-631
3209,041 - GEBANG,006 - KALIPASUNG,001200 - RT 003 RW 005 DUSUN 3,RANIA FAUZIYYAH,raniafauziyah92@gmail.com,+62 081-9099-68723,ADE DWI RAHMAWATI,adedwirahma77@gmail.com,+62 898-7377-631
3209,041 - GEBANG,006 - KALIPASUNG,001400 - RT 005 RW 006 DUSUN 3,RANIA FAUZIYYAH,raniafauziyah92@gmail.com,+62 081-9099-68723,ADE DWI RAHMAWATI,adedwirahma77@gmail.com,+62 898-7377-631
3209,041 - GEBANG,006 - KALIPASUNG,001700 - RT 001 RW 008 DUSUN 4,RANIA FAUZIYYAH,raniafauziyah92@gmail.com,+62 081-9099-68723,ERNAWATI,karuniatuhan99@gmail.com,+62 831-7937-8926
3209,041 - GEBANG,006 - KALIPASUNG,100100 - SAWAH DUSUN 2,RANIA FAUZIYYAH,raniafauziyah92@gmail.com,+62 081-9099-68723,ERNAWATI,karuniatuhan99@gmail.com,+62 831-7937-8926
3209,041 - GEBANG,006 - KALIPASUNG,100200 - SAWAH DUSUN 1,RANIA FAUZIYYAH,raniafauziyah92@gmail.com,+62 081-9099-68723,ADE DWI RAHMAWATI,adedwirahma77@gmail.com,+62 898-7377-631
3209,041 - GEBANG,007 - GEBANG KULON,000300 - RT 001 RW 002 DUSUN 001,CASMADI,casmadi1003@gmail.com,+62 821-2903-7503,JONIH,jih20115@gmail.com,+62 821-2847-3410
3209,041 - GEBANG,007 - GEBANG KULON,001000 - RT 002 RW 005 DUSUN 002,RANIA FAUZIYYAH,raniafauziyah92@gmail.com,+62 081-9099-68723,ADE DWI RAHMAWATI,adedwirahma77@gmail.com,+62 898-7377-631
3209,041 - GEBANG,007 - GEBANG KULON,002000 - RT 002 RW 009 DUSUN 004,TARMINI,tarminizain87@gmail.com,+62 812-1424-0166,MASTIAH,mastiah1183@gmail.com,+62 853-1567-1900
3209,041 - GEBANG,007 - GEBANG KULON,002400 - RT 003 RW 010 DUSUN 005,TARMINI,tarminizain87@gmail.com,+62 812-1424-0166,DAURI,dauridauri380@gmail.com,+62 822-9859-6140
3209,041 - GEBANG,007 - GEBANG KULON,002700 - RT 003 RW 011 DUSUN 005,TARMINI,tarminizain87@gmail.com,+62 812-1424-0166,FAKHRIZUL AULIRO,aulirofahrizul@gmail.com,+62 899-7139-481
3209,041 - GEBANG,007 - GEBANG KULON,100200 - SAWAH,CASMADI,casmadi1003@gmail.com,+62 821-2903-7503,ANGGI PRATAMA PUTRA,anggipratamaputra46@gmail.com,+62 838-5652-0637
3209,041 - GEBANG,007 - GEBANG KULON,300300 - TAMBAK,CASMADI,casmadi1003@gmail.com,+62 821-2903-7503,SODIKIN,lpk.satyaadhidharma@gmail.com,+62 821-1717-0505
3209,041 - GEBANG,008 - GEBANG,000100 - RT 001 RW 001 DUSUN 001,DEDI ARISANDI,arisandi.bae@gmail.com,+62 877-3667-0039,ELIYAWATI,eliyawati050577@gmail.com,+62 821-3002-5265
3209,041 - GEBANG,008 - GEBANG,000200 - RT 002 RW 001 DUSUN 001,CASMADI,casmadi1003@gmail.com,+62 821-2903-7503,ASTUTI,tutibae057@mail.com,0
3209,041 - GEBANG,008 - GEBANG,001300 - RT 002 RW 004 DUSUN 003,CASMADI,casmadi1003@gmail.com,+62 821-2903-7503,RENI SITI FATIMAH,renilani749@gmail.com,+62 897-7700-299
3209,041 - GEBANG,008 - GEBANG,001700 - RT 003 RW 005 DUSUN 004,CASMADI,casmadi1003@gmail.com,+62 821-2903-7503,KUSTANO,kustano08@gmail.com,+62 838-0521-3279
3209,041 - GEBANG,008 - GEBANG,002100 - RT 003 RW 006 DUSUN 004,CASMADI,casmadi1003@gmail.com,+62 821-2903-7503,ASTUTI,tutibae057@mail.com,0
3209,041 - GEBANG,008 - GEBANG,100100 - SAWAH,CASMADI,casmadi1003@gmail.com,+62 821-2903-7503,RENI SITI FATIMAH,renilani749@gmail.com,+62 897-7700-299
3209,041 - GEBANG,009 - GEBANG UDIK,000200 - RT 002 RW 001 DUSUN 001,TARMINI,tarminizain87@gmail.com,+62 812-1424-0166,DAURI,dauridauri380@gmail.com,+62 822-9859-6140
3209,041 - GEBANG,009 - GEBANG UDIK,000300 - RT 003 RW 001 DUSUN 001,TARMINI,tarminizain87@gmail.com,+62 812-1424-0166,EVA SITI NURFAJAR SARI,evagebang@gmail.com,+62 899-8701-015
3209,041 - GEBANG,009 - GEBANG UDIK,000400 - RT 004 RW 001 DUSUN 001,TARMINI,tarminizain87@gmail.com,+62 812-1424-0166,EVA SITI NURFAJAR SARI,evagebang@gmail.com,+62 899-8701-015
3209,041 - GEBANG,009 - GEBANG UDIK,000500 - RT 005 RW 001 DUSUN 001,TARMINI,tarminizain87@gmail.com,+62 812-1424-0166,EVA SITI NURFAJAR SARI,evagebang@gmail.com,+62 899-8701-015
3209,041 - GEBANG,009 - GEBANG UDIK,000600 - RT 006 RW 001 DUSUN 001,TARMINI,tarminizain87@gmail.com,+62 812-1424-0166,FAKHRIZUL AULIRO,aulirofahrizul@gmail.com,+62 899-7139-481
3209,041 - GEBANG,009 - GEBANG UDIK,000700 - RT 007 RW 001 DUSUN 001,TARMINI,tarminizain87@gmail.com,+62 812-1424-0166,FAKHRIZUL AULIRO,aulirofahrizul@gmail.com,+62 899-7139-481
3209,041 - GEBANG,009 - GEBANG UDIK,000800 - RT 001 RW 002 DUSUN 001,TARMINI,tarminizain87@gmail.com,+62 812-1424-0166,FAKHRIZUL AULIRO,aulirofahrizul@gmail.com,+62 899-7139-481
3209,041 - GEBANG,009 - GEBANG UDIK,000900 - RT 002 RW 002 DUSUN 001,TARMINI,tarminizain87@gmail.com,+62 812-1424-0166,MASTIAH,mastiah1183@gmail.com,+62 853-1567-1900
3209,041 - GEBANG,009 - GEBANG UDIK,001100 - RT 004 RW 002 DUSUN 001,TARMINI,tarminizain87@gmail.com,+62 812-1424-0166,MASTIAH,mastiah1183@gmail.com,+62 853-1567-1900
3209,041 - GEBANG,009 - GEBANG UDIK,001200 - RT 005 RW 002 DUSUN 001,TARMINI,tarminizain87@gmail.com,+62 812-1424-0166,FAKHRIZUL AULIRO,aulirofahrizul@gmail.com,+62 899-7139-481
3209,041 - GEBANG,009 - GEBANG UDIK,001300 - RT 006 RW 002 DUSUN 001,TARMINI,tarminizain87@gmail.com,+62 812-1424-0166,FAKHRIZUL AULIRO,aulirofahrizul@gmail.com,+62 899-7139-481
3209,041 - GEBANG,009 - GEBANG UDIK,001800 - RT 003 RW 003 DUSUN 002,TARMINI,tarminizain87@gmail.com,+62 812-1424-0166,DAURI,dauridauri380@gmail.com,+62 822-9859-6140
3209,041 - GEBANG,009 - GEBANG UDIK,001900 - RT 004 RW 003 DUSUN 002,TARMINI,tarminizain87@gmail.com,+62 812-1424-0166,DAURI,dauridauri380@gmail.com,+62 822-9859-6140
3209,041 - GEBANG,009 - GEBANG UDIK,002000 - RT 005 RW 003 DUSUN 002,TARMINI,tarminizain87@gmail.com,+62 812-1424-0166,DAURI,dauridauri380@gmail.com,+62 822-9859-6140
3209,041 - GEBANG,009 - GEBANG UDIK,002100 - RT 001 RW 004 DUSUN 002,TARMINI,tarminizain87@gmail.com,+62 812-1424-0166,EVA SITI NURFAJAR SARI,evagebang@gmail.com,+62 899-8701-015
3209,041 - GEBANG,009 - GEBANG UDIK,002200 - RT 002 RW 004 DUSUN 002,TARMINI,tarminizain87@gmail.com,+62 812-1424-0166,DAURI,dauridauri380@gmail.com,+62 822-9859-6140
3209,041 - GEBANG,009 - GEBANG UDIK,002300 - RT 003 RW 004 DUSUN 002,TARMINI,tarminizain87@gmail.com,+62 812-1424-0166,DAURI,dauridauri380@gmail.com,+62 822-9859-6140
3209,041 - GEBANG,009 - GEBANG UDIK,002400 - RT 004 RW 004 DUSUN 002,TARMINI,tarminizain87@gmail.com,+62 812-1424-0166,DAURI,dauridauri380@gmail.com,+62 822-9859-6140
3209,041 - GEBANG,009 - GEBANG UDIK,002500 - RT 005 RW 004 DUSUN 002,TARMINI,tarminizain87@gmail.com,+62 812-1424-0166,DAURI,dauridauri380@gmail.com,+62 822-9859-6140
3209,041 - GEBANG,009 - GEBANG UDIK,002600 - RT 001 RW 005 DUSUN 003,TARMINI,tarminizain87@gmail.com,+62 812-1424-0166,DAURI,dauridauri380@gmail.com,+62 822-9859-6140
3209,041 - GEBANG,009 - GEBANG UDIK,002800 - RT 003 RW 005 DUSUN 003,TARMINI,tarminizain87@gmail.com,+62 812-1424-0166,EVA SITI NURFAJAR SARI,evagebang@gmail.com,+62 899-8701-015
3209,041 - GEBANG,009 - GEBANG UDIK,003100 - RT 001 RW 006 DUSUN 003,RANIA FAUZIYYAH,raniafauziyah92@gmail.com,+62 081-9099-68723,CINTHA NADZLAH PUTRI,cinthanadzlah@gmail.com,+62 877-1055-7788
3209,041 - GEBANG,009 - GEBANG UDIK,003300 - RT 003 RW 006 DUSUN 003,TARMINI,tarminizain87@gmail.com,+62 812-1424-0166,EVA SITI NURFAJAR SARI,evagebang@gmail.com,+62 899-8701-015
3209,041 - GEBANG,009 - GEBANG UDIK,003400 - RT 004 RW 006 DUSUN 003,TARMINI,tarminizain87@gmail.com,+62 812-1424-0166,EVA SITI NURFAJAR SARI,evagebang@gmail.com,+62 899-8701-015
3209,041 - GEBANG,009 - GEBANG UDIK,003500 - RT 005 RW 006 DUSUN 003,TARMINI,tarminizain87@gmail.com,+62 812-1424-0166,EVA SITI NURFAJAR SARI,evagebang@gmail.com,+62 899-8701-015
3209,041 - GEBANG,009 - GEBANG UDIK,003900 - RT 004 RW 007 DUSUN 004,TARMINI,tarminizain87@gmail.com,+62 812-1424-0166,FAKHRIZUL AULIRO,aulirofahrizul@gmail.com,+62 899-7139-481
3209,041 - GEBANG,009 - GEBANG UDIK,004000 - RT 005 RW 007 DUSUN 004,TARMINI,tarminizain87@gmail.com,+62 812-1424-0166,FAKHRIZUL AULIRO,aulirofahrizul@gmail.com,+62 899-7139-481
3209,041 - GEBANG,009 - GEBANG UDIK,004100 - RT 006 RW 007 DUSUN 004,TARMINI,tarminizain87@gmail.com,+62 812-1424-0166,FAKHRIZUL AULIRO,aulirofahrizul@gmail.com,+62 899-7139-481
3209,041 - GEBANG,009 - GEBANG UDIK,004400 - RT 001 RW 008 DUSUN 004,TARMINI,tarminizain87@gmail.com,+62 812-1424-0166,MASTIAH,mastiah1183@gmail.com,+62 853-1567-1900
3209,041 - GEBANG,009 - GEBANG UDIK,004500 - RT 002 RW 008 DUSUN 004,TARMINI,tarminizain87@gmail.com,+62 812-1424-0166,MASTIAH,mastiah1183@gmail.com,+62 853-1567-1900
3209,041 - GEBANG,009 - GEBANG UDIK,004600 - RT 003 RW 008 DUSUN 004,TARMINI,tarminizain87@gmail.com,+62 812-1424-0166,MASTIAH,mastiah1183@gmail.com,+62 853-1567-1900
3209,041 - GEBANG,009 - GEBANG UDIK,005000 - RT 007 RW 008 DUSUN 004,TARMINI,tarminizain87@gmail.com,+62 812-1424-0166,MUHAMAD EKI KURNIAWAN,moh.eki123@gmail.com,+62 823-1890-6262
3209,041 - GEBANG,010 - GEBANG ILIR,000102 - RT 001 RW 001 DUSUN 001,JOHANSYAH,adenjohansyah05061988@gmail.com,+62 838-1936-5102,HANIF APRILIA,hanifaprilia19@gmail.com,0
3209,041 - GEBANG,010 - GEBANG ILIR,001200 - RT 003 RW 005 DUSUN 005,JOHANSYAH,adenjohansyah05061988@gmail.com,+62 838-1936-5102,WAETI,waetisyah@gmail.com,+62 889-2254-760
3209,041 - GEBANG,010 - GEBANG ILIR,001300 - RT 001 RW 006 DUSUN 006,JOHANSYAH,adenjohansyah05061988@gmail.com,+62 838-1936-5102,HANIF APRILIA,hanifaprilia19@gmail.com,0
3209,041 - GEBANG,010 - GEBANG ILIR,100100 - SAWAH 1,JOHANSYAH,adenjohansyah05061988@gmail.com,+62 838-1936-5102,ROYHATUN THOYYIBAH,royhatunthoyyibah@yahoo.com,+62 878-4470-1037
3209,041 - GEBANG,010 - GEBANG ILIR,100300 - SAWAH 3,JOHANSYAH,adenjohansyah05061988@gmail.com,+62 838-1936-5102,HANIF APRILIA,hanifaprilia19@gmail.com,0
3209,041 - GEBANG,010 - GEBANG ILIR,400500 - PULAU AMBALAT,JOHANSYAH,adenjohansyah05061988@gmail.com,+62 838-1936-5102,WAETI,waetisyah@gmail.com,+62 889-2254-760
3209,041 - GEBANG,011 - GEBANG MEKAR,000800 - RT 006 RW 007 DUSUN 003,TARMINI,tarminizain87@gmail.com,+62 812-1424-0166,RAJIN,rajin13061983@gmail.com,+62 853-5320-1359
3209,041 - GEBANG,011 - GEBANG MEKAR,001000 - RT 007 RW 007 DUSUN 003,TARMINI,tarminizain87@gmail.com,+62 812-1424-0166,RAJIN,rajin13061983@gmail.com,+62 853-5320-1359
3209,041 - GEBANG,011 - GEBANG MEKAR,001100 - RT 010 RW 004 DUSUN 004,TARMINI,tarminizain87@gmail.com,+62 812-1424-0166,DEWI RATNASARI,dewidewiratnaratna246@gmail.com,+62 822-1306-7564
3209,041 - GEBANG,011 - GEBANG MEKAR,001500 - RT 014 RW 005 DUSUN 005,TARMINI,tarminizain87@gmail.com,+62 812-1424-0166,IMAM CHANAFI,chanafiimam78@gmail.com,+62 851-3241-0102
3209,041 - GEBANG,011 - GEBANG MEKAR,001800 - RT 017 RW 006 DUSUN 005,TARMINI,tarminizain87@gmail.com,+62 812-1424-0166,IMAM CHANAFI,chanafiimam78@gmail.com,+62 851-3241-0102
3209,041 - GEBANG,011 - GEBANG MEKAR,001900 - RT 018 RW 006 DUSUN 005,TARMINI,tarminizain87@gmail.com,+62 812-1424-0166,IMAM CHANAFI,chanafiimam78@gmail.com,+62 851-3241-0102
3209,041 - GEBANG,011 - GEBANG MEKAR,100100 - SAWAH DESA,TARMINI,tarminizain87@gmail.com,+62 812-1424-0166,IMAM CHANAFI,chanafiimam78@gmail.com,+62 851-3241-0102
3209,041 - GEBANG,011 - GEBANG MEKAR,200300 - BALONGAN 2,JOHANSYAH,adenjohansyah05061988@gmail.com,+62 838-1936-5102,WAHYUDIN,wdulkamid09@gmail.com,+62 083-1022-20154
3209,041 - GEBANG,012 - PELAYANGAN,000200 - RT 002 RW 001 DUSUN 001,DEDI ARISANDI,arisandi.bae@gmail.com,+62 877-3667-0039,ISKANDAR,anjard648@gmail.com,0
3209,041 - GEBANG,012 - PELAYANGAN,000300 - RT 001 RW 002 DUSUN 001,DEDI ARISANDI,arisandi.bae@gmail.com,+62 877-3667-0039,MUHAMAD NIAMILLAH,moh.niamillah22@gmail.com,+62 857-2421-5235
3209,041 - GEBANG,012 - PELAYANGAN,000400 - RT 002 RW 002 DUSUN 001,DEDI ARISANDI,arisandi.bae@gmail.com,+62 877-3667-0039,MUHAMAD NIAMILLAH,moh.niamillah22@gmail.com,+62 857-2421-5235
3209,041 - GEBANG,012 - PELAYANGAN,000900 - RT 003 RW 003 DUSUN 002,CASMADI,casmadi1003@gmail.com,+62 821-2903-7503,KUSTANO,kustano08@gmail.com,+62 838-0521-3279
3209,041 - GEBANG,012 - PELAYANGAN,001100 - RT 001 RW 004 DUSUN 003,DEDI ARISANDI,arisandi.bae@gmail.com,+62 877-3667-0039,MUHAMAD NIAMILLAH,moh.niamillah22@gmail.com,+62 857-2421-5235
3209,041 - GEBANG,012 - PELAYANGAN,001200 - RT 002 RW 004 DUSUN 003,DEDI ARISANDI,arisandi.bae@gmail.com,+62 877-3667-0039,ISKANDAR,anjard648@gmail.com,0
3209,041 - GEBANG,012 - PELAYANGAN,001300 - RT 001 RW 005 DUSUN 003,DEDI ARISANDI,arisandi.bae@gmail.com,+62 877-3667-0039,ISKANDAR,anjard648@gmail.com,0
3209,041 - GEBANG,012 - PELAYANGAN,002200 - RT 002 RW 008 DUSUN 004,DEDI ARISANDI,arisandi.bae@gmail.com,+62 877-3667-0039,CUPRIAN ,cuprian10@gmail.com,+62 881-4527-664
3209,041 - GEBANG,012 - PELAYANGAN,100100 - SAWAH JENGKING,DEDI ARISANDI,arisandi.bae@gmail.com,+62 877-3667-0039,ROHIMIN,saidanhafidzah@gmail.com,+62 896-2550-8618
3209,041 - GEBANG,012 - PELAYANGAN,100700 - SAWAH JAYA,DEDI ARISANDI,arisandi.bae@gmail.com,+62 877-3667-0039,ROHIMIN,saidanhafidzah@gmail.com,+62 896-2550-8618
3209,041 - GEBANG,012 - PELAYANGAN,600200 - TAMBAK H.TARMADI,DEDI ARISANDI,arisandi.bae@gmail.com,+62 877-3667-0039,ISKANDAR,anjard648@gmail.com,0
3209,041 - GEBANG,013 - MELAKASARI,000100 - RT 001 RW 001 DUSUN 001,DEDI ARISANDI,arisandi.bae@gmail.com,+62 877-3667-0039,MUDHOFAR ,oparopar24@gmail.com,+62 896-1432-2673
3209,041 - GEBANG,013 - MELAKASARI,000200 - RT 002 RW 001 DUSUN 001,DEDI ARISANDI,arisandi.bae@gmail.com,+62 877-3667-0039,MUDHOFAR ,oparopar24@gmail.com,+62 896-1432-2673
3209,041 - GEBANG,013 - MELAKASARI,000300 - RT 003 RW 001 DUSUN 001,DEDI ARISANDI,arisandi.bae@gmail.com,+62 877-3667-0039,MUDHOFAR ,oparopar24@gmail.com,+62 896-1432-2673
3209,041 - GEBANG,013 - MELAKASARI,000600 - RT 006 RW 002 DUSUN 002,DEDI ARISANDI,arisandi.bae@gmail.com,+62 877-3667-0039,MUDHOFAR ,oparopar24@gmail.com,+62 896-1432-2673
3209,041 - GEBANG,013 - MELAKASARI,000700 - RT 007 RW 002 DUSUN 002,DEDI ARISANDI,arisandi.bae@gmail.com,+62 877-3667-0039,MUDHOFAR ,oparopar24@gmail.com,+62 896-1432-2673
3209,041 - GEBANG,013 - MELAKASARI,000800 - RT 008 RW 002 DUSUN 002,DEDI ARISANDI,arisandi.bae@gmail.com,+62 877-3667-0039,ROHIMIN,saidanhafidzah@gmail.com,+62 896-2550-8618
3209,041 - GEBANG,013 - MELAKASARI,000900 - RT 009 RW 002 DUSUN 002,DEDI ARISANDI,arisandi.bae@gmail.com,+62 877-3667-0039,MUDHOFAR ,oparopar24@gmail.com,+62 896-1432-2673
3209,041 - GEBANG,013 - MELAKASARI,001500 - RT 015 RW 004 DUSUN 004,DEDI ARISANDI,arisandi.bae@gmail.com,+62 877-3667-0039,NURYAHYA,ginafitriya91@gmail.com,+62 877-3943-0432
3209,050 - KARANGSEMBUNG,008 - TAMBELANG,000900 - RT 001 RW 003 DUSUN 2,DIANTI,antinanda01@gmail.com,+62 895-1540-5793,SITI JULAELAH ,sitijulaelah81@gmail.com,+62 853-1320-2164
3209,050 - KARANGSEMBUNG,008 - TAMBELANG,100100 - SAWAH 01,DIANTI,antinanda01@gmail.com,+62 895-1540-5793,SITI JULAELAH ,sitijulaelah81@gmail.com,+62 853-1320-2164
3209,050 - KARANGSEMBUNG,008 - TAMBELANG,100200 - SAWAH 02,DIANTI,antinanda01@gmail.com,+62 895-1540-5793,SITI JULAELAH ,sitijulaelah81@gmail.com,+62 853-1320-2164
3209,050 - KARANGSEMBUNG,015 - KARANGSUWUNG,000100 - RT 001 RW 001 BLOK WAGE,SUMIYATI,sumiyati9482@gmail.com,+62 852-9550-7648,VERA YULYANTI,verayulyanti955@gmail.com,+62 851-1325-5550
3209,050 - KARANGSEMBUNG,015 - KARANGSUWUNG,000200 - RT 002 RW 001 BLOK WAGE,SUMIYATI,sumiyati9482@gmail.com,+62 852-9550-7648,VERA YULYANTI,verayulyanti955@gmail.com,+62 851-1325-5550
3209,050 - KARANGSEMBUNG,015 - KARANGSUWUNG,000300 - RT 001 RW 002 BLOK KLIWON,SUMIYATI,sumiyati9482@gmail.com,+62 852-9550-7648,ANA TAFANI,aana08744@gmail.com,+62 853-2369-8855
3209,050 - KARANGSEMBUNG,015 - KARANGSUWUNG,000400 - RT 002 RW 002 BLOK KLIWON,SUMIYATI,sumiyati9482@gmail.com,+62 852-9550-7648,VERA YULYANTI,verayulyanti955@gmail.com,+62 851-1325-5550
3209,050 - KARANGSEMBUNG,015 - KARANGSUWUNG,000500 - RT 001 RW 003 BLOK PUHUN,SUMIYATI,sumiyati9482@gmail.com,+62 852-9550-7648,AGUS BUDIANA,agusbudiana2285@gmail.com,+62 858-4688-6303
3209,050 - KARANGSEMBUNG,015 - KARANGSUWUNG,000600 - RT 002 RW 003 BLOK PUHUN,SUMIYATI,sumiyati9482@gmail.com,+62 852-9550-7648,AGUS BUDIANA,agusbudiana2285@gmail.com,+62 858-4688-6303
3209,050 - KARANGSEMBUNG,015 - KARANGSUWUNG,000700 - RT 003 RW 003 BLOK PUHUN,SUMIYATI,sumiyati9482@gmail.com,+62 852-9550-7648,AGUS BUDIANA,agusbudiana2285@gmail.com,+62 858-4688-6303
3209,050 - KARANGSEMBUNG,015 - KARANGSUWUNG,000900 - RT 005 RW 003 BLOK PUHUN,SUMIYATI,sumiyati9482@gmail.com,+62 852-9550-7648,ANA TAFANI,aana08744@gmail.com,+62 853-2369-8855
3209,050 - KARANGSEMBUNG,015 - KARANGSUWUNG,001100 - RT 002 RW 005 BLOK MANIS,SUMIYATI,sumiyati9482@gmail.com,+62 852-9550-7648,MERIS MAULANA ,merismaulana5@gmail.com,+62 851-2993-9095
3209,050 - KARANGSEMBUNG,015 - KARANGSUWUNG,001300 - RT 001 RW 006 BLOK PAHING,SUMIYATI,sumiyati9482@gmail.com,+62 852-9550-7648,ANA TAFANI,aana08744@gmail.com,+62 853-2369-8855
3209,050 - KARANGSEMBUNG,015 - KARANGSUWUNG,001400 - RT 002 RW 006 BLOK PAHING,SUMIYATI,sumiyati9482@gmail.com,+62 852-9550-7648,ANA TAFANI,aana08744@gmail.com,+62 853-2369-8855
3209,050 - KARANGSEMBUNG,015 - KARANGSUWUNG,001500 - RT 003 RW 006 BLOK PAHING,SUMIYATI,sumiyati9482@gmail.com,+62 852-9550-7648,ANA TAFANI,aana08744@gmail.com,+62 853-2369-8855
3209,050 - KARANGSEMBUNG,015 - KARANGSUWUNG,001600 - RT 004 RW 006 BLOK PAHING,SUMIYATI,sumiyati9482@gmail.com,+62 852-9550-7648,ANA TAFANI,aana08744@gmail.com,+62 853-2369-8855
3209,050 - KARANGSEMBUNG,015 - KARANGSUWUNG,001800 - RT 002 RW 007 BLOK GEBAH,SUMIYATI,sumiyati9482@gmail.com,+62 852-9550-7648,DIMAS RIZKY MAULANA,dimasrizkym3@gmail.com,+62 089-6609-61699
3209,050 - KARANGSEMBUNG,015 - KARANGSUWUNG,001901 - RT 003 RW 007 BLOK GEBAH,SUMIYATI,sumiyati9482@gmail.com,+62 852-9550-7648,DIMAS RIZKY MAULANA,dimasrizkym3@gmail.com,+62 089-6609-61699
3209,050 - KARANGSEMBUNG,015 - KARANGSUWUNG,100100 - TANAH TITISARA,SUMIYATI,sumiyati9482@gmail.com,+62 852-9550-7648,AGUS BUDIANA,agusbudiana2285@gmail.com,+62 858-4688-6303
3209,050 - KARANGSEMBUNG,015 - KARANGSUWUNG,100200 - TANAH SAWAH BLOK LOA,SUMIYATI,sumiyati9482@gmail.com,+62 852-9550-7648,AGUS BUDIANA,agusbudiana2285@gmail.com,+62 858-4688-6303
3209,050 - KARANGSEMBUNG,016 - KARANGTENGAH,000700 - RT 001 RW 003 DUSUN 2,ADANG HERYANA,adangnegara@gmail.com,+62 813-5000-3730,DURGI,durgiugi25@gmail.com,+62 819-3121-2945
3209,050 - KARANGSEMBUNG,016 - KARANGTENGAH,000900 - RT 003 RW 003 DUSUN 2,ADANG HERYANA,adangnegara@gmail.com,+62 813-5000-3730,RANI MULYANI,ranimulyani5858@gmail.com,+62 813-2400-4668
3209,050 - KARANGSEMBUNG,016 - KARANGTENGAH,001000 - RT 004 RW 003 DUSUN 2,ADANG HERYANA,adangnegara@gmail.com,+62 813-5000-3730,RANI MULYANI,ranimulyani5858@gmail.com,+62 813-2400-4668
3209,050 - KARANGSEMBUNG,016 - KARANGTENGAH,001200 - RT 002 RW 004 DUSUN 3,ADANG HERYANA,adangnegara@gmail.com,+62 813-5000-3730,DURGI,durgiugi25@gmail.com,+62 819-3121-2945
3209,050 - KARANGSEMBUNG,016 - KARANGTENGAH,001300 - RT 003 RW 004 DUSUN 3,ADANG HERYANA,adangnegara@gmail.com,+62 813-5000-3730,DURGI,durgiugi25@gmail.com,+62 819-3121-2945
3209,050 - KARANGSEMBUNG,016 - KARANGTENGAH,001500 - RT 002 RW 005 DUSUN 4,ADANG HERYANA,adangnegara@gmail.com,+62 813-5000-3730,DURGI,durgiugi25@gmail.com,+62 819-3121-2945
3209,050 - KARANGSEMBUNG,016 - KARANGTENGAH,001700 - RT 002 RW 006 DUSUN 4,ADANG HERYANA,adangnegara@gmail.com,+62 813-5000-3730,DURGI,durgiugi25@gmail.com,+62 819-3121-2945
3209,050 - KARANGSEMBUNG,016 - KARANGTENGAH,001900 - RT 001 RW 007 DUSUN 5,ADANG HERYANA,adangnegara@gmail.com,+62 813-5000-3730,ANGGA HANGGARA,mbamangga@gmail.com,+62 877-1919-9274
3209,050 - KARANGSEMBUNG,016 - KARANGTENGAH,002100 - RT 003 RW 007 DUSUN 5,ADANG HERYANA,adangnegara@gmail.com,+62 813-5000-3730,ANGGA HANGGARA,mbamangga@gmail.com,+62 877-1919-9274
3209,050 - KARANGSEMBUNG,016 - KARANGTENGAH,100100 - SAWAH,ADANG HERYANA,adangnegara@gmail.com,+62 813-5000-3730,DURGI,durgiugi25@gmail.com,+62 819-3121-2945
3209,050 - KARANGSEMBUNG,017 - KALIMEANG,000500 - RT 001 RW 002 DUSUN PAHING,ADANG HERYANA,adangnegara@gmail.com,+62 813-5000-3730,AHMAD YANI,hot564568@gmail.com,+62 821-2152-2609
3209,050 - KARANGSEMBUNG,017 - KALIMEANG,001100 - RT 003 RW 003 DUSUN PUHUN,ADANG HERYANA,adangnegara@gmail.com,+62 813-5000-3730,SUCIPTO ADIRASA,mutyaraningrum@gmail.com,+62 083-8291-94453
3209,050 - KARANGSEMBUNG,017 - KALIMEANG,001500 - RT 003 RW 004 DUSUN WAGE,ADANG HERYANA,adangnegara@gmail.com,+62 813-5000-3730,AHMAD YANI,hot564568@gmail.com,+62 821-2152-2609
3209,050 - KARANGSEMBUNG,017 - KALIMEANG,002300 - RT 004 RW 006 DUSUN PANCAR,ADANG HERYANA,adangnegara@gmail.com,+62 813-5000-3730,HIKMAH TUL JANNAH,hikmahtuljannah556@gmail.com,+62 895-3707-51079
3209,050 - KARANGSEMBUNG,017 - KALIMEANG,100100 - SAWAH,ADANG HERYANA,adangnegara@gmail.com,+62 813-5000-3730,AHMAD YANI,hot564568@gmail.com,+62 821-2152-2609
3209,050 - KARANGSEMBUNG,018 - KARANGMALANG,000200 - RT 002 RW 001 DUSUN MANIS,SUMIYATI,sumiyati9482@gmail.com,+62 852-9550-7648,AGUS BUDIANA,agusbudiana2285@gmail.com,+62 858-4688-6303
3209,050 - KARANGSEMBUNG,018 - KARANGMALANG,001200 - RT 003 RW 004 DUSUN PAHING,ADANG HERYANA,adangnegara@gmail.com,+62 813-5000-3730,ANGGA HANGGARA,mbamangga@gmail.com,+62 877-1919-9274
3209,050 - KARANGSEMBUNG,018 - KARANGMALANG,001600 - RT 001 RW 006 DUSUN PUHUN,SUMIYATI,sumiyati9482@gmail.com,+62 852-9550-7648,MOH.ANDAN,mohamadandan96@gmail.com,+62 859-5241-5133
3209,050 - KARANGSEMBUNG,018 - KARANGMALANG,001700 - RT 002 RW 006 DUSUN PUHUN,SUMIYATI,sumiyati9482@gmail.com,+62 852-9550-7648,MOH.ANDAN,mohamadandan96@gmail.com,+62 859-5241-5133
3209,050 - KARANGSEMBUNG,018 - KARANGMALANG,001800 - RT 001 RW 007 DUSUN WAGE,SUMIYATI,sumiyati9482@gmail.com,+62 852-9550-7648,MOH.ANDAN,mohamadandan96@gmail.com,+62 859-5241-5133
3209,050 - KARANGSEMBUNG,018 - KARANGMALANG,002000 - RT 003 RW 007 DUSUN WAGE,SUMIYATI,sumiyati9482@gmail.com,+62 852-9550-7648,MOH.ANDAN,mohamadandan96@gmail.com,+62 859-5241-5133
3209,050 - KARANGSEMBUNG,018 - KARANGMALANG,002500 - RT 002 RW 009 DUSUN KLIWON,DIANTI,antinanda01@gmail.com,+62 895-1540-5793,NENI ROSNAENI,nenirosnaeni45@gmail.com,+62 823-2032-0998
3209,050 - KARANGSEMBUNG,018 - KARANGMALANG,002600 - RT 001 RW 010 DUSUN KLIWON,DIANTI,antinanda01@gmail.com,+62 895-1540-5793,NENI ROSNAENI,nenirosnaeni45@gmail.com,+62 823-2032-0998
3209,050 - KARANGSEMBUNG,018 - KARANGMALANG,100100 - SAWAH,DIANTI,antinanda01@gmail.com,+62 895-1540-5793,NENI ROSNAENI,nenirosnaeni45@gmail.com,+62 823-2032-0998
3209,050 - KARANGSEMBUNG,019 - KARANGMEKAR,000600 - RT 002 RW 003 DUSUN 02,DIANTI,antinanda01@gmail.com,+62 895-1540-5793,MUHAMAD KRISNA MUKTI,muhamadkrisnamukti890@gmail.com,0
3209,050 - KARANGSEMBUNG,019 - KARANGMEKAR,000800 - RT 002 RW 004 DUSUN 02,DIANTI,antinanda01@gmail.com,+62 895-1540-5793,MUHAMAD KRISNA MUKTI,muhamadkrisnamukti890@gmail.com,0
3209,050 - KARANGSEMBUNG,019 - KARANGMEKAR,000900 - RT 003 RW 004 DUSUN 02,DIANTI,antinanda01@gmail.com,+62 895-1540-5793,VIA SUSANTI,susantivia33@gmail.com,+62 838-6502-7038
3209,050 - KARANGSEMBUNG,019 - KARANGMEKAR,001000 - RT 001 RW 005 DUSUN 03,DIANTI,antinanda01@gmail.com,+62 895-1540-5793,VIA SUSANTI,susantivia33@gmail.com,+62 838-6502-7038
3209,050 - KARANGSEMBUNG,019 - KARANGMEKAR,001300 - RT 002 RW 006 DUSUN 03,DIANTI,antinanda01@gmail.com,+62 895-1540-5793,VIA SUSANTI,susantivia33@gmail.com,+62 838-6502-7038
3209,050 - KARANGSEMBUNG,019 - KARANGMEKAR,001400 - RT 001 RW 007 DUSUN 04,DIANTI,antinanda01@gmail.com,+62 895-1540-5793,YUDA PRATAMA,yudapratamaa879@gmail.com,+62 856-2485-9857
3209,050 - KARANGSEMBUNG,019 - KARANGMEKAR,001600 - RT 001 RW 008 DUSUN 04,DIANTI,antinanda01@gmail.com,+62 895-1540-5793,YUDA PRATAMA,yudapratamaa879@gmail.com,+62 856-2485-9857
3209,050 - KARANGSEMBUNG,019 - KARANGMEKAR,002000 - RT 001 RW 010 DUSUN 05,DIANTI,antinanda01@gmail.com,+62 895-1540-5793,YUDA PRATAMA,yudapratamaa879@gmail.com,+62 856-2485-9857
3209,050 - KARANGSEMBUNG,019 - KARANGMEKAR,002400 - RT 001 RW 012 DUSUN 06,DIANTI,antinanda01@gmail.com,+62 895-1540-5793,VIA SUSANTI,susantivia33@gmail.com,+62 838-6502-7038
3209,050 - KARANGSEMBUNG,019 - KARANGMEKAR,002500 - RT 002 RW 012 DUSUN 06,DIANTI,antinanda01@gmail.com,+62 895-1540-5793,VIA SUSANTI,susantivia33@gmail.com,+62 838-6502-7038
3209,050 - KARANGSEMBUNG,019 - KARANGMEKAR,100100 - SAWAH,DIANTI,antinanda01@gmail.com,+62 895-1540-5793,VIA SUSANTI,susantivia33@gmail.com,+62 838-6502-7038
3209,050 - KARANGSEMBUNG,019 - KARANGMEKAR,100200 - SAWAH,DIANTI,antinanda01@gmail.com,+62 895-1540-5793,YUDA PRATAMA,yudapratamaa879@gmail.com,+62 856-2485-9857
3209,050 - KARANGSEMBUNG,020 - KUBANGKARANG,000600 - RT 002 RW 003 DUSUN 4,ADANG HERYANA,adangnegara@gmail.com,+62 813-5000-3730,EMI WASTEMI ,emiwastemi4@gmail.com,+62 896-1753-1797
3209,050 - KARANGSEMBUNG,020 - KUBANGKARANG,000800 - RT 004 RW 003 DUSUN 4,ADANG HERYANA,adangnegara@gmail.com,+62 813-5000-3730,EMI WASTEMI ,emiwastemi4@gmail.com,+62 896-1753-1797
3209,050 - KARANGSEMBUNG,020 - KUBANGKARANG,000900 - RT 005 RW 003 DUSUN 4,ADANG HERYANA,adangnegara@gmail.com,+62 813-5000-3730,EMI WASTEMI ,emiwastemi4@gmail.com,+62 896-1753-1797
3209,050 - KARANGSEMBUNG,020 - KUBANGKARANG,001000 - RT 001 RW 004 DUSUN 2,ADANG HERYANA,adangnegara@gmail.com,+62 813-5000-3730,EMI WASTEMI ,emiwastemi4@gmail.com,+62 896-1753-1797
3209,050 - KARANGSEMBUNG,020 - KUBANGKARANG,001100 - RT 002 RW 004 DUSUN 2,ADANG HERYANA,adangnegara@gmail.com,+62 813-5000-3730,EMI WASTEMI ,emiwastemi4@gmail.com,+62 896-1753-1797
3209,050 - KARANGSEMBUNG,020 - KUBANGKARANG,001200 - RT 003 RW 004 DUSUN 2,ADANG HERYANA,adangnegara@gmail.com,+62 813-5000-3730,EMI WASTEMI ,emiwastemi4@gmail.com,+62 896-1753-1797
3209,050 - KARANGSEMBUNG,020 - KUBANGKARANG,001300 - RT 001 RW 005 DUSUN 2,ADANG HERYANA,adangnegara@gmail.com,+62 813-5000-3730,EMI WASTEMI ,emiwastemi4@gmail.com,+62 896-1753-1797
3209,050 - KARANGSEMBUNG,020 - KUBANGKARANG,001600 - RT 001 RW 006 DUSUN 4,ADANG HERYANA,adangnegara@gmail.com,+62 813-5000-3730,DIAN FITRIANI,dianf8673@gmail.com,+62 897-8616-683
3209,050 - KARANGSEMBUNG,020 - KUBANGKARANG,001900 - RT 001 RW 007 DUSUN 5,ADANG HERYANA,adangnegara@gmail.com,+62 813-5000-3730,DIAN FITRIANI,dianf8673@gmail.com,+62 897-8616-683
3209,050 - KARANGSEMBUNG,020 - KUBANGKARANG,002000 - RT 002 RW 007 DUSUN 5,ADANG HERYANA,adangnegara@gmail.com,+62 813-5000-3730,DIAN FITRIANI,dianf8673@gmail.com,+62 897-8616-683
3209,050 - KARANGSEMBUNG,021 - KARANGSEMBUNG,000100 - RT 001 RW 001 DUSUN 1,DIANTI,antinanda01@gmail.com,+62 895-1540-5793,RIDA APRILIYANTI,ridaapriliyanti1@gmail.com,0
3209,050 - KARANGSEMBUNG,021 - KARANGSEMBUNG,000200 - RT 002 RW 001 DUSUN 1,DIANTI,antinanda01@gmail.com,+62 895-1540-5793,RIDA APRILIYANTI,ridaapriliyanti1@gmail.com,0
3209,050 - KARANGSEMBUNG,021 - KARANGSEMBUNG,000300 - RT 003 RW 001 DUSUN 1,DIANTI,antinanda01@gmail.com,+62 895-1540-5793,RIDA APRILIYANTI,ridaapriliyanti1@gmail.com,0
3209,050 - KARANGSEMBUNG,021 - KARANGSEMBUNG,000400 - RT 001 RW 002 DUSUN 2,DIANTI,antinanda01@gmail.com,+62 895-1540-5793,RIDA APRILIYANTI,ridaapriliyanti1@gmail.com,0
3209,050 - KARANGSEMBUNG,021 - KARANGSEMBUNG,000500 - RT 002 RW 002 DUSUN 2,DIANTI,antinanda01@gmail.com,+62 895-1540-5793,RIDA APRILIYANTI,ridaapriliyanti1@gmail.com,0
3209,050 - KARANGSEMBUNG,021 - KARANGSEMBUNG,000600 - RT 003 RW 002 DUSUN 2,SUMIYATI,sumiyati9482@gmail.com,+62 852-9550-7648,FAJAR LESMANA,fajarlesmana3008@gmail.com,+62 821-7962-2226
3209,050 - KARANGSEMBUNG,021 - KARANGSEMBUNG,000700 - RT 001 RW 003 DUSUN 3,SUMIYATI,sumiyati9482@gmail.com,+62 852-9550-7648,FAJAR LESMANA,fajarlesmana3008@gmail.com,+62 821-7962-2226
3209,050 - KARANGSEMBUNG,021 - KARANGSEMBUNG,000800 - RT 002 RW 003 DUSUN 3,SUMIYATI,sumiyati9482@gmail.com,+62 852-9550-7648,FAJAR LESMANA,fajarlesmana3008@gmail.com,+62 821-7962-2226
3209,050 - KARANGSEMBUNG,021 - KARANGSEMBUNG,001000 - RT 001 RW 004 DUSUN 4,SUMIYATI,sumiyati9482@gmail.com,+62 852-9550-7648,FAJAR LESMANA,fajarlesmana3008@gmail.com,+62 821-7962-2226
3209,050 - KARANGSEMBUNG,021 - KARANGSEMBUNG,001100 - RT 002 RW 004 DUSUN 4,DIANTI,antinanda01@gmail.com,+62 895-1540-5793,RIKA LIHA MASLIHA,rikaliha5@gmail.com,+62 821-2037-1910
3209,050 - KARANGSEMBUNG,021 - KARANGSEMBUNG,001200 - RT 001 RW 005 DUSUN 5,DIANTI,antinanda01@gmail.com,+62 895-1540-5793,RIKA LIHA MASLIHA,rikaliha5@gmail.com,+62 821-2037-1910
3209,050 - KARANGSEMBUNG,021 - KARANGSEMBUNG,001300 - RT 002 RW 005 DUSUN 5,DIANTI,antinanda01@gmail.com,+62 895-1540-5793,RIKA LIHA MASLIHA,rikaliha5@gmail.com,+62 821-2037-1910
3209,050 - KARANGSEMBUNG,021 - KARANGSEMBUNG,001400 - RT 003 RW 005 DUSUN 5,DIANTI,antinanda01@gmail.com,+62 895-1540-5793,RIKA LIHA MASLIHA,rikaliha5@gmail.com,+62 821-2037-1910
3209,050 - KARANGSEMBUNG,021 - KARANGSEMBUNG,001500 - RT 001 RW 006 DUSUN 6,DIANTI,antinanda01@gmail.com,+62 895-1540-5793,NENI ROSNAENI,nenirosnaeni45@gmail.com,+62 823-2032-0998
3209,050 - KARANGSEMBUNG,021 - KARANGSEMBUNG,001700 - RT 001 RW 007 DUSUN 6,SUMIYATI,sumiyati9482@gmail.com,+62 852-9550-7648,MOH.ANDAN,mohamadandan96@gmail.com,+62 859-5241-5133
3209,050 - KARANGSEMBUNG,021 - KARANGSEMBUNG,001800 - RT 002 RW 007 DUSUN 6,DIANTI,antinanda01@gmail.com,+62 895-1540-5793,RIKA LIHA MASLIHA,rikaliha5@gmail.com,+62 821-2037-1910
3209,050 - KARANGSEMBUNG,021 - KARANGSEMBUNG,001900 - RT 003 RW 007 DUSUN 6,DIANTI,antinanda01@gmail.com,+62 895-1540-5793,RIDA APRILIYANTI,ridaapriliyanti1@gmail.com,0
3209,050 - KARANGSEMBUNG,021 - KARANGSEMBUNG,100100 - BLOK RUMAH DADAP,DIANTI,antinanda01@gmail.com,+62 895-1540-5793,RIKA LIHA MASLIHA,rikaliha5@gmail.com,+62 821-2037-1910
3209,050 - KARANGSEMBUNG,021 - KARANGSEMBUNG,100200 - TANAH KAS DESA,DIANTI,antinanda01@gmail.com,+62 895-1540-5793,RIKA LIHA MASLIHA,rikaliha5@gmail.com,+62 821-2037-1910
3209,051 - KARANGWARENG,001 - SEUSEUPAN,000200 - RT 002 RW 001 DUSUN 01,UMI KULSUM,unilaras038@gmail.com,+62 831-4148-7327,SUGENG ARYA RAMELAN,aryaramelan@gmail.com,+62 082-3200-68456
3209,051 - KARANGWARENG,001 - SEUSEUPAN,000500 - RT 005 RW 003 DUSUN 02,UMI KULSUM,unilaras038@gmail.com,+62 831-4148-7327,SUGENG ARYA RAMELAN,aryaramelan@gmail.com,+62 082-3200-68456
3209,051 - KARANGWARENG,001 - SEUSEUPAN,000600 - RT 006 RW 003 DUSUN 02,UMI KULSUM,unilaras038@gmail.com,+62 831-4148-7327,SUGENG ARYA RAMELAN,aryaramelan@gmail.com,+62 082-3200-68456
3209,051 - KARANGWARENG,001 - SEUSEUPAN,000700 - RT 007 RW 004 DUSUN 02,UMI KULSUM,unilaras038@gmail.com,+62 831-4148-7327,SUGENG ARYA RAMELAN,aryaramelan@gmail.com,+62 082-3200-68456
3209,051 - KARANGWARENG,002 - SUMURKONDANG,000100 - RT 001 RW 001 DUSUN 01,UMI KULSUM,unilaras038@gmail.com,+62 831-4148-7327,DYNE ROSDAINE INDRIANI,dynerosdainei@gmail.com,0
3209,051 - KARANGWARENG,002 - SUMURKONDANG,000200 - RT 002 RW 001 DUSUN 01,UMI KULSUM,unilaras038@gmail.com,+62 831-4148-7327,DYNE ROSDAINE INDRIANI,dynerosdainei@gmail.com,0
3209,051 - KARANGWARENG,002 - SUMURKONDANG,000300 - RT 003 RW 001 DUSUN 01,UMI KULSUM,unilaras038@gmail.com,+62 831-4148-7327,DYNE ROSDAINE INDRIANI,dynerosdainei@gmail.com,0
3209,051 - KARANGWARENG,002 - SUMURKONDANG,000400 - RT 001 RW 002 DUSUN 01,UMI KULSUM,unilaras038@gmail.com,+62 831-4148-7327,DYNE ROSDAINE INDRIANI,dynerosdainei@gmail.com,0
3209,051 - KARANGWARENG,002 - SUMURKONDANG,000500 - RT 002 RW 002 DUSUN 01,UMI KULSUM,unilaras038@gmail.com,+62 831-4148-7327,DYNE ROSDAINE INDRIANI,dynerosdainei@gmail.com,0
3209,051 - KARANGWARENG,002 - SUMURKONDANG,001100 - RT 002 RW 004 DUSUN 02,UMI KULSUM,unilaras038@gmail.com,+62 831-4148-7327,AHMAD SOBARI,ahmadsobari880002@gmail.com,+62 819-1500-9635
3209,051 - KARANGWARENG,003 - JATIPIRING,000100 - RT 001 RW 003 DUSUN 01,DADANG RAHMAN,dadang030923@gmail.com,+62 877-8514-0054,MISGIYANTI,misyantizoya0@gmail.com,+62 853-2288-5429
3209,051 - KARANGWARENG,003 - JATIPIRING,000200 - RT 002 RW 003 DUSUN 01,DADANG RAHMAN,dadang030923@gmail.com,+62 877-8514-0054,MISGIYANTI,misyantizoya0@gmail.com,+62 853-2288-5429
3209,051 - KARANGWARENG,003 - JATIPIRING,000300 - RT 003 RW 003 DUSUN 01,DADANG RAHMAN,dadang030923@gmail.com,+62 877-8514-0054,MISGIYANTI,misyantizoya0@gmail.com,+62 853-2288-5429
3209,051 - KARANGWARENG,003 - JATIPIRING,000400 - RT 001 RW 004 DUSUN 01,DADANG RAHMAN,dadang030923@gmail.com,+62 877-8514-0054,MISGIYANTI,misyantizoya0@gmail.com,+62 853-2288-5429
3209,051 - KARANGWARENG,003 - JATIPIRING,000500 - RT 002 RW 004 DUSUN 01,DADANG RAHMAN,dadang030923@gmail.com,+62 877-8514-0054,MISGIYANTI,misyantizoya0@gmail.com,+62 853-2288-5429
3209,051 - KARANGWARENG,003 - JATIPIRING,000600 - RT 001 RW 001 DUSUN 02,DADANG RAHMAN,dadang030923@gmail.com,+62 877-8514-0054,MISGIYANTI,misyantizoya0@gmail.com,+62 853-2288-5429
3209,051 - KARANGWARENG,003 - JATIPIRING,000900 - RT 002 RW 002 DUSUN 02,DADANG RAHMAN,dadang030923@gmail.com,+62 877-8514-0054,UJANG SUBHAN,ujang.subhan27@gmail.com,0
3209,051 - KARANGWARENG,003 - JATIPIRING,100100 - LAHAN TEBU,DADANG RAHMAN,dadang030923@gmail.com,+62 877-8514-0054,MISGIYANTI,misyantizoya0@gmail.com,+62 853-2288-5429
3209,051 - KARANGWARENG,004 - KUBANGDELEG,000300 - RT 001 RW 002 DUSUN 1,DADANG RAHMAN,dadang030923@gmail.com,+62 877-8514-0054,TRISNAWATI ,baimazka1708@gmail.com,+62 878-8912-1803
3209,051 - KARANGWARENG,004 - KUBANGDELEG,000400 - RT 002 RW 002 DUSUN 1,DADANG RAHMAN,dadang030923@gmail.com,+62 877-8514-0054,TRISNAWATI ,baimazka1708@gmail.com,+62 878-8912-1803
3209,051 - KARANGWARENG,004 - KUBANGDELEG,000500 - RT 001 RW 003 DUSUN 2,DADANG RAHMAN,dadang030923@gmail.com,+62 877-8514-0054,TRISNAWATI ,baimazka1708@gmail.com,+62 878-8912-1803
3209,051 - KARANGWARENG,004 - KUBANGDELEG,000600 - RT 002 RW 003 DUSUN 2,DADANG RAHMAN,dadang030923@gmail.com,+62 877-8514-0054,TRISNAWATI ,baimazka1708@gmail.com,+62 878-8912-1803
3209,051 - KARANGWARENG,004 - KUBANGDELEG,000800 - RT 001 RW 004 DUSUN 2,DADANG RAHMAN,dadang030923@gmail.com,+62 877-8514-0054,TRISNAWATI ,baimazka1708@gmail.com,+62 878-8912-1803
3209,051 - KARANGWARENG,004 - KUBANGDELEG,000900 - RT 002 RW 004 DUSUN 2,DADANG RAHMAN,dadang030923@gmail.com,+62 877-8514-0054,TRISNAWATI ,baimazka1708@gmail.com,+62 878-8912-1803
3209,051 - KARANGWARENG,004 - KUBANGDELEG,001000 - RT 001 RW 005 DUSUN 3,DADANG RAHMAN,dadang030923@gmail.com,+62 877-8514-0054,ASEP SUPRIYADI,asepsupriyadi2298@gmail.com,+62 881-0222-42023
3209,051 - KARANGWARENG,004 - KUBANGDELEG,001100 - RT 002 RW 005 DUSUN 3,DADANG RAHMAN,dadang030923@gmail.com,+62 877-8514-0054,ASEP SUPRIYADI,asepsupriyadi2298@gmail.com,+62 881-0222-42023
3209,051 - KARANGWARENG,004 - KUBANGDELEG,001200 - RT 003 RW 005 DUSUN 3,DADANG RAHMAN,dadang030923@gmail.com,+62 877-8514-0054,ASEP SUPRIYADI,asepsupriyadi2298@gmail.com,+62 881-0222-42023
3209,051 - KARANGWARENG,004 - KUBANGDELEG,001300 - RT 001 RW 006 DUSUN 3,DADANG RAHMAN,dadang030923@gmail.com,+62 877-8514-0054,ASEP SUPRIYADI,asepsupriyadi2298@gmail.com,+62 881-0222-42023
3209,051 - KARANGWARENG,004 - KUBANGDELEG,001400 - RT 002 RW 006 DUSUN 3,DADANG RAHMAN,dadang030923@gmail.com,+62 877-8514-0054,ASEP SUPRIYADI,asepsupriyadi2298@gmail.com,+62 881-0222-42023
3209,051 - KARANGWARENG,004 - KUBANGDELEG,001500 - RT 003 RW 006 DUSUN 3,DADANG RAHMAN,dadang030923@gmail.com,+62 877-8514-0054,ASEP SUPRIYADI,asepsupriyadi2298@gmail.com,+62 881-0222-42023
3209,051 - KARANGWARENG,004 - KUBANGDELEG,002200 - RT 001 RW 009 DUSUN 4,DADANG RAHMAN,dadang030923@gmail.com,+62 877-8514-0054,AMBAS SUKRON,sukronambas9@gmail.com,+62 897-8360-203
3209,051 - KARANGWARENG,004 - KUBANGDELEG,002500 - RT 001 RW 010 DUSUN 4,DADANG RAHMAN,dadang030923@gmail.com,+62 877-8514-0054,AMBAS SUKRON,sukronambas9@gmail.com,+62 897-8360-203
3209,051 - KARANGWARENG,004 - KUBANGDELEG,002600 - RT 002 RW 010 DUSUN 4,DADANG RAHMAN,dadang030923@gmail.com,+62 877-8514-0054,AMBAS SUKRON,sukronambas9@gmail.com,+62 897-8360-203
3209,051 - KARANGWARENG,004 - KUBANGDELEG,002800 - RT 002 RW 011 DUSUN 5,DADANG RAHMAN,dadang030923@gmail.com,+62 877-8514-0054,UJANG SUBHAN,ujang.subhan27@gmail.com,0
3209,051 - KARANGWARENG,004 - KUBANGDELEG,002900 - RT 001 RW 012 DUSUN 6,UMI KULSUM,unilaras038@gmail.com,+62 831-4148-7327,DYNE ROSDAINE INDRIANI,dynerosdainei@gmail.com,0
3209,051 - KARANGWARENG,004 - KUBANGDELEG,003000 - RT 002 RW 012 DUSUN 6,UMI KULSUM,unilaras038@gmail.com,+62 831-4148-7327,DYNE ROSDAINE INDRIANI,dynerosdainei@gmail.com,0
3209,051 - KARANGWARENG,004 - KUBANGDELEG,100400 - LADANG TEBU,DADANG RAHMAN,dadang030923@gmail.com,+62 877-8514-0054,AMBAS SUKRON,sukronambas9@gmail.com,+62 897-8360-203
3209,051 - KARANGWARENG,005 - KARANGANYAR,000400 - RT 004 RW 001 DUSUN 01,DADANG RAHMAN,dadang030923@gmail.com,+62 877-8514-0054,JUANITA PUSPITASARI,juanitapuspitasari90@gmail.com,+62 813-1232-6272
3209,051 - KARANGWARENG,005 - KARANGANYAR,000500 - RT 001 RW 002 DUSUN 01,DADANG RAHMAN,dadang030923@gmail.com,+62 877-8514-0054,JUANITA PUSPITASARI,juanitapuspitasari90@gmail.com,+62 813-1232-6272
3209,051 - KARANGWARENG,005 - KARANGANYAR,000600 - RT 002 RW 002 DUSUN 01,DADANG RAHMAN,dadang030923@gmail.com,+62 877-8514-0054,JUANITA PUSPITASARI,juanitapuspitasari90@gmail.com,+62 813-1232-6272
3209,051 - KARANGWARENG,005 - KARANGANYAR,000700 - RT 003 RW 002 DUSUN 01,DADANG RAHMAN,dadang030923@gmail.com,+62 877-8514-0054,JUANITA PUSPITASARI,juanitapuspitasari90@gmail.com,+62 813-1232-6272
3209,051 - KARANGWARENG,005 - KARANGANYAR,000800 - RT 004 RW 002 DUSUN 01,DADANG RAHMAN,dadang030923@gmail.com,+62 877-8514-0054,JUANITA PUSPITASARI,juanitapuspitasari90@gmail.com,+62 813-1232-6272
3209,051 - KARANGWARENG,005 - KARANGANYAR,001100 - RT 003 RW 003 DUSUN 02,DADANG RAHMAN,dadang030923@gmail.com,+62 877-8514-0054,SATYA PERMANA,sribadugajaya87@gmail.com,+62 812-8666-0637
3209,051 - KARANGWARENG,005 - KARANGANYAR,001200 - RT 004 RW 003 DUSUN 02,DADANG RAHMAN,dadang030923@gmail.com,+62 877-8514-0054,SATYA PERMANA,sribadugajaya87@gmail.com,+62 812-8666-0637
3209,051 - KARANGWARENG,005 - KARANGANYAR,001400 - RT 002 RW 004 DUSUN 02,DADANG RAHMAN,dadang030923@gmail.com,+62 877-8514-0054,SATYA PERMANA,sribadugajaya87@gmail.com,+62 812-8666-0637
3209,051 - KARANGWARENG,005 - KARANGANYAR,001500 - RT 003 RW 004 DUSUN 02,DADANG RAHMAN,dadang030923@gmail.com,+62 877-8514-0054,SATYA PERMANA,sribadugajaya87@gmail.com,+62 812-8666-0637
3209,051 - KARANGWARENG,005 - KARANGANYAR,001700 - RT 001 RW 005 DUSUN 02,DADANG RAHMAN,dadang030923@gmail.com,+62 877-8514-0054,SATYA PERMANA,sribadugajaya87@gmail.com,+62 812-8666-0637
3209,051 - KARANGWARENG,005 - KARANGANYAR,002000 - RT 004 RW 005 DUSUN 02,DADANG RAHMAN,dadang030923@gmail.com,+62 877-8514-0054,SATYA PERMANA,sribadugajaya87@gmail.com,+62 812-8666-0637
3209,051 - KARANGWARENG,005 - KARANGANYAR,100100 - SAWAH,DADANG RAHMAN,dadang030923@gmail.com,+62 877-8514-0054,JUANITA PUSPITASARI,juanitapuspitasari90@gmail.com,+62 813-1232-6272
3209,051 - KARANGWARENG,006 - KARANGWANGI,000100 - RT 001 RW 001 DUSUN 1,WIWIN FIRMANSYAH,kejora4982@gmail.com,+62 851-5054-4129,DEVI WIDIANSARI,abihabibi684@gmail.com,+62 852-2120-1945
3209,051 - KARANGWARENG,006 - KARANGWANGI,000200 - RT 002 RW 001 DUSUN 1,WIWIN FIRMANSYAH,kejora4982@gmail.com,+62 851-5054-4129,DEVI WIDIANSARI,abihabibi684@gmail.com,+62 852-2120-1945
3209,051 - KARANGWARENG,006 - KARANGWANGI,000300 - RT 003 RW 001 DUSUN 1,WIWIN FIRMANSYAH,kejora4982@gmail.com,+62 851-5054-4129,DEVI WIDIANSARI,abihabibi684@gmail.com,+62 852-2120-1945
3209,051 - KARANGWARENG,006 - KARANGWANGI,000400 - RT 001 RW 002 DUSUN 1,WIWIN FIRMANSYAH,kejora4982@gmail.com,+62 851-5054-4129,DEVI WIDIANSARI,abihabibi684@gmail.com,+62 852-2120-1945
3209,051 - KARANGWARENG,006 - KARANGWANGI,000600 - RT 003 RW 002 DUSUN 1,WIWIN FIRMANSYAH,kejora4982@gmail.com,+62 851-5054-4129,DEVI WIDIANSARI,abihabibi684@gmail.com,+62 852-2120-1945
3209,051 - KARANGWARENG,006 - KARANGWANGI,000700 - RT 004 RW 002 DUSUN 1,WIWIN FIRMANSYAH,kejora4982@gmail.com,+62 851-5054-4129,DEVI WIDIANSARI,abihabibi684@gmail.com,+62 852-2120-1945
3209,051 - KARANGWARENG,006 - KARANGWANGI,000800 - RT 001 RW 003 DUSUN 2,WIWIN FIRMANSYAH,kejora4982@gmail.com,+62 851-5054-4129,WIDYAMA SAPUTRI,widyapw083@gmail.com,+62 813-9926-6632
3209,051 - KARANGWARENG,006 - KARANGWANGI,000900 - RT 002 RW 003 DUSUN 2,WIWIN FIRMANSYAH,kejora4982@gmail.com,+62 851-5054-4129,WIDYAMA SAPUTRI,widyapw083@gmail.com,+62 813-9926-6632
3209,051 - KARANGWARENG,006 - KARANGWANGI,001000 - RT 003 RW 003 DUSUN 2,WIWIN FIRMANSYAH,kejora4982@gmail.com,+62 851-5054-4129,WIDYAMA SAPUTRI,widyapw083@gmail.com,+62 813-9926-6632
3209,051 - KARANGWARENG,006 - KARANGWANGI,001100 - RT 001 RW 004 DUSUN 2,WIWIN FIRMANSYAH,kejora4982@gmail.com,+62 851-5054-4129,WIDYAMA SAPUTRI,widyapw083@gmail.com,+62 813-9926-6632
3209,051 - KARANGWARENG,006 - KARANGWANGI,001700 - RT 003 RW 005 DUSUN 3,WIWIN FIRMANSYAH,kejora4982@gmail.com,+62 851-5054-4129,DEVI WIDIANSARI,abihabibi684@gmail.com,+62 852-2120-1945
3209,051 - KARANGWARENG,006 - KARANGWANGI,100200 - SAWAH 02,WIWIN FIRMANSYAH,kejora4982@gmail.com,+62 851-5054-4129,WIDYAMA SAPUTRI,widyapw083@gmail.com,+62 813-9926-6632
3209,051 - KARANGWARENG,007 - BLENDER,000100 - RT 001 RW 001 DUSUN 1,UMI KULSUM,unilaras038@gmail.com,+62 831-4148-7327,DWI SURYATI NINGSIH,dwisuryati69@gmail.com,+62 821-2335-2700
3209,051 - KARANGWARENG,007 - BLENDER,000400 - RT 001 RW 002 DUSUN 1,UMI KULSUM,unilaras038@gmail.com,+62 831-4148-7327,DWI SURYATI NINGSIH,dwisuryati69@gmail.com,+62 821-2335-2700
3209,051 - KARANGWARENG,007 - BLENDER,000500 - RT 002 RW 002 DUSUN 1,UMI KULSUM,unilaras038@gmail.com,+62 831-4148-7327,DWI SURYATI NINGSIH,dwisuryati69@gmail.com,+62 821-2335-2700
3209,051 - KARANGWARENG,007 - BLENDER,000700 - RT 002 RW 003 DUSUN 2,UMI KULSUM,unilaras038@gmail.com,+62 831-4148-7327,DWI SURYATI NINGSIH,dwisuryati69@gmail.com,+62 821-2335-2700
3209,051 - KARANGWARENG,007 - BLENDER,000900 - RT 001 RW 004 DUSUN 2,UMI KULSUM,unilaras038@gmail.com,+62 831-4148-7327,DWI SURYATI NINGSIH,dwisuryati69@gmail.com,+62 821-2335-2700
3209,051 - KARANGWARENG,007 - BLENDER,001200 - RT 001 RW 005 DUSUN 3,UMI KULSUM,unilaras038@gmail.com,+62 831-4148-7327,LELY HASANAH,hasanahlely18@gmail.com,+62 882-2308-7544
3209,051 - KARANGWARENG,007 - BLENDER,001700 - RT 003 RW 006 DUSUN 3,UMI KULSUM,unilaras038@gmail.com,+62 831-4148-7327,LELY HASANAH,hasanahlely18@gmail.com,+62 882-2308-7544
3209,051 - KARANGWARENG,007 - BLENDER,002000 - RT 001 RW 008 DUSUN 4,UMI KULSUM,unilaras038@gmail.com,+62 831-4148-7327,SITI HAMIDAH,hamidahst9@gmail.com,+62 831-4872-3961
3209,051 - KARANGWARENG,007 - BLENDER,002100 - RT 002 RW 008 DUSUN 4,UMI KULSUM,unilaras038@gmail.com,+62 831-4148-7327,SITI HAMIDAH,hamidahst9@gmail.com,+62 831-4872-3961
3209,051 - KARANGWARENG,007 - BLENDER,002200 - RT 001 RW 009 DUSUN 5,UMI KULSUM,unilaras038@gmail.com,+62 831-4148-7327,SITI HAMIDAH,hamidahst9@gmail.com,+62 831-4872-3961
3209,051 - KARANGWARENG,007 - BLENDER,002300 - RT 002 RW 009 DUSUN 5,UMI KULSUM,unilaras038@gmail.com,+62 831-4148-7327,SITI HAMIDAH,hamidahst9@gmail.com,+62 831-4872-3961
3209,051 - KARANGWARENG,008 - KARANGWARENG,000100 - RT 001 RW 001 DUSUN 1,UMI KULSUM,unilaras038@gmail.com,+62 831-4148-7327,SITI HAMIDAH,hamidahst9@gmail.com,+62 831-4872-3961
3209,051 - KARANGWARENG,008 - KARANGWARENG,000500 - RT 001 RW 002 DUSUN 5,WIWIN FIRMANSYAH,kejora4982@gmail.com,+62 851-5054-4129,ABDUL MANAN,abdullmanann678@gmail.com,+62 831-9467-2599
3209,051 - KARANGWARENG,008 - KARANGWARENG,000600 - RT 002 RW 002 DUSUN 5,WIWIN FIRMANSYAH,kejora4982@gmail.com,+62 851-5054-4129,ABDUL MANAN,abdullmanann678@gmail.com,+62 831-9467-2599
3209,051 - KARANGWARENG,008 - KARANGWARENG,001400 - RT 001 RW 006 DUSUN 4,WIWIN FIRMANSYAH,kejora4982@gmail.com,+62 851-5054-4129,RAHMAT HIDAYAT,rahmathidayat22011997@gmail.com,+62 821-1714-6676
3209,051 - KARANGWARENG,008 - KARANGWARENG,001500 - RT 002 RW 006 DUSUN 4,WIWIN FIRMANSYAH,kejora4982@gmail.com,+62 851-5054-4129,RAHMAT HIDAYAT,rahmathidayat22011997@gmail.com,+62 821-1714-6676
3209,051 - KARANGWARENG,008 - KARANGWARENG,001700 - RT 002 RW 007 DUSUN 4,WIWIN FIRMANSYAH,kejora4982@gmail.com,+62 851-5054-4129,RAHMAT HIDAYAT,rahmathidayat22011997@gmail.com,+62 821-1714-6676
3209,051 - KARANGWARENG,008 - KARANGWARENG,001900 - RT 002 RW 008 DUSUN 3,WIWIN FIRMANSYAH,kejora4982@gmail.com,+62 851-5054-4129,RAHMAT HIDAYAT,rahmathidayat22011997@gmail.com,+62 821-1714-6676
3209,051 - KARANGWARENG,008 - KARANGWARENG,002000 - RT 003 RW 008 DUSUN 3,WIWIN FIRMANSYAH,kejora4982@gmail.com,+62 851-5054-4129,RAHMAT HIDAYAT,rahmathidayat22011997@gmail.com,+62 821-1714-6676
3209,051 - KARANGWARENG,008 - KARANGWARENG,100500 - SAWAH,WIWIN FIRMANSYAH,kejora4982@gmail.com,+62 851-5054-4129,RAHMAT HIDAYAT,rahmathidayat22011997@gmail.com,+62 821-1714-6676
3209,051 - KARANGWARENG,008 - KARANGWARENG,300400 - KEBUN 02,UMI KULSUM,unilaras038@gmail.com,+62 831-4148-7327,DYNE ROSDAINE INDRIANI,dynerosdainei@gmail.com,0
3209,051 - KARANGWARENG,009 - KARANGASEM,000600 - RT 003 RW 02 DUSUN 2,WIWIN FIRMANSYAH,kejora4982@gmail.com,+62 851-5054-4129,MOCH.RULLY BANUAJI SUTARNO,mochrullybanuaji@gmail.com,+62 812-2038-8436
3209,051 - KARANGWARENG,009 - KARANGASEM,000700 - RT 001 RW 03 DUSUN 3,WIWIN FIRMANSYAH,kejora4982@gmail.com,+62 851-5054-4129,MOCH.RULLY BANUAJI SUTARNO,mochrullybanuaji@gmail.com,+62 812-2038-8436
3209,051 - KARANGWARENG,009 - KARANGASEM,000800 - RT 002 RW 03 DUSUN 3,WIWIN FIRMANSYAH,kejora4982@gmail.com,+62 851-5054-4129,MOCH.RULLY BANUAJI SUTARNO,mochrullybanuaji@gmail.com,+62 812-2038-8436
3209,051 - KARANGWARENG,009 - KARANGASEM,000900 - RT 003 RW 03 DUSUN 3,WIWIN FIRMANSYAH,kejora4982@gmail.com,+62 851-5054-4129,MOCH.RULLY BANUAJI SUTARNO,mochrullybanuaji@gmail.com,+62 812-2038-8436
3209,051 - KARANGWARENG,009 - KARANGASEM,001000 - RT 004 RW 03 DUSUN 3,WIWIN FIRMANSYAH,kejora4982@gmail.com,+62 851-5054-4129,PANDU NORMA BUDIMAN,elfaridziarziki@gmail.com,+62 085-2955-55630
3209,051 - KARANGWARENG,009 - KARANGASEM,001100 - RT 001 RW 04 DUSUN 4,WIWIN FIRMANSYAH,kejora4982@gmail.com,+62 851-5054-4129,PANDU NORMA BUDIMAN,elfaridziarziki@gmail.com,+62 085-2955-55630
3209,051 - KARANGWARENG,009 - KARANGASEM,001200 - RT 002 RW 04 DUSUN 4,WIWIN FIRMANSYAH,kejora4982@gmail.com,+62 851-5054-4129,PANDU NORMA BUDIMAN,elfaridziarziki@gmail.com,+62 085-2955-55630
3209,051 - KARANGWARENG,009 - KARANGASEM,001500 - RT 001 RW 05 DUSUN 5,WIWIN FIRMANSYAH,kejora4982@gmail.com,+62 851-5054-4129,PANDU NORMA BUDIMAN,elfaridziarziki@gmail.com,+62 085-2955-55630
3209,051 - KARANGWARENG,009 - KARANGASEM,001600 - RT 002 RW 05 DUSUN 5,WIWIN FIRMANSYAH,kejora4982@gmail.com,+62 851-5054-4129,PANDU NORMA BUDIMAN,elfaridziarziki@gmail.com,+62 085-2955-55630
3209,051 - KARANGWARENG,009 - KARANGASEM,001700 - RT 003 RW 05 DUSUN 5,WIWIN FIRMANSYAH,kejora4982@gmail.com,+62 851-5054-4129,PANDU NORMA BUDIMAN,elfaridziarziki@gmail.com,+62 085-2955-55630
3209,060 - LEMAHABANG,005 - PICUNGPUGUR,100100 - SAWAH,RISWANA,riswnz2@gmail.com,+62 812-2449-7541,SULASTRI,lastrytrie36@gmail.com,+62 853-2179-3098
3209,060 - LEMAHABANG,006 - LEUWIDINGDING,000100 - RT 001 RW 01 DUSUN 01,FITRIASARI,fitriasari782@gmail.com,+62 821-2745-0505_,MUHAMMAD TAUFIK,opikmantap10@gmail.com,+62 812-2083-0990
3209,060 - LEMAHABANG,006 - LEUWIDINGDING,000200 - RT 002 RW 01 DUSUN 01,FITRIASARI,fitriasari782@gmail.com,+62 821-2745-0505_,MUHAMMAD TAUFIK,opikmantap10@gmail.com,+62 812-2083-0990
3209,060 - LEMAHABANG,006 - LEUWIDINGDING,000300 - RT 003 RW 02 DUSUN 01,FITRIASARI,fitriasari782@gmail.com,+62 821-2745-0505_,MUHAMMAD TAUFIK,opikmantap10@gmail.com,+62 812-2083-0990
3209,060 - LEMAHABANG,006 - LEUWIDINGDING,000400 - RT 004 RW 02 DUSUN 01,FITRIASARI,fitriasari782@gmail.com,+62 821-2745-0505_,MUHAMMAD TAUFIK,opikmantap10@gmail.com,+62 812-2083-0990
3209,060 - LEMAHABANG,006 - LEUWIDINGDING,000500 - RT 005 RW 03 DUSUN 02,FITRIASARI,fitriasari782@gmail.com,+62 821-2745-0505_,MUHAMMAD TAUFIK,opikmantap10@gmail.com,+62 812-2083-0990
3209,060 - LEMAHABANG,006 - LEUWIDINGDING,000700 - RT 007 RW 04 DUSUN 02,FITRIASARI,fitriasari782@gmail.com,+62 821-2745-0505_,MUHAMMAD TAUFIK,opikmantap10@gmail.com,+62 812-2083-0990
3209,060 - LEMAHABANG,006 - LEUWIDINGDING,000800 - RT 008 RW 04 DUSUN 02,FITRIASARI,fitriasari782@gmail.com,+62 821-2745-0505_,MUHAMMAD HANIF FACHRIZAL,haniffachrizal70@gmail.com,+62 088-8948-1646
3209,060 - LEMAHABANG,006 - LEUWIDINGDING,001000 - RT 010 RW 05 DUSUN 03,FITRIASARI,fitriasari782@gmail.com,+62 821-2745-0505_,MUHAMMAD HANIF FACHRIZAL,haniffachrizal70@gmail.com,+62 088-8948-1646
3209,060 - LEMAHABANG,006 - LEUWIDINGDING,001100 - RT 011 RW 06 DUSUN 03,FITRIASARI,fitriasari782@gmail.com,+62 821-2745-0505_,MUHAMMAD HANIF FACHRIZAL,haniffachrizal70@gmail.com,+62 088-8948-1646
3209,060 - LEMAHABANG,006 - LEUWIDINGDING,500100 - NON SLS,FITRIASARI,fitriasari782@gmail.com,+62 821-2745-0505_,MUHAMMAD HANIF FACHRIZAL,haniffachrizal70@gmail.com,+62 088-8948-1646
3209,060 - LEMAHABANG,007 - ASEM,000200 - RT 010 RW 04 DUSUN WAGE,RISWANA,riswnz2@gmail.com,+62 812-2449-7541,MELINDHA,shaqilsmother24@gmail.com,+62 813-1279-3583_
3209,060 - LEMAHABANG,007 - ASEM,000300 - RT 009 RW 03 DUSUN PUHUN,RISWANA,riswnz2@gmail.com,+62 812-2449-7541,EVI RAHMAWATI,evirahmawarti@gmail.com,+62 211-8539-954
3209,060 - LEMAHABANG,007 - ASEM,000400 - RT 008 RW 03 DUSUN PUHUN,RISWANA,riswnz2@gmail.com,+62 812-2449-7541,MELINDHA,shaqilsmother24@gmail.com,+62 813-1279-3583_
3209,060 - LEMAHABANG,007 - ASEM,000500 - RT 007 RW 03 DUSUN PUHUN,RISWANA,riswnz2@gmail.com,+62 812-2449-7541,MELINDHA,shaqilsmother24@gmail.com,+62 813-1279-3583_
3209,060 - LEMAHABANG,007 - ASEM,000700 - RT 013 RW 05 DUSUN KLIWON,RISWANA,riswnz2@gmail.com,+62 812-2449-7541,EVI RAHMAWATI,evirahmawarti@gmail.com,+62 211-8539-954
3209,060 - LEMAHABANG,007 - ASEM,000800 - RT 012 RW 05 DUSUN KLIWON,RISWANA,riswnz2@gmail.com,+62 812-2449-7541,EVI RAHMAWATI,evirahmawarti@gmail.com,+62 211-8539-954
3209,060 - LEMAHABANG,007 - ASEM,100201 - SAWAH,RISWANA,riswnz2@gmail.com,+62 812-2449-7541,AHMAD MANARUL HUDA,hudamanarulahmad33@gmail.com,0
3209,060 - LEMAHABANG,007 - ASEM,400100 - PERUMAHAN TAMAN MANIS,RISWANA,riswnz2@gmail.com,+62 812-2449-7541,AHMAD MANARUL HUDA,hudamanarulahmad33@gmail.com,0
3209,060 - LEMAHABANG,013 - CIPEUJEUH KULON,000200 - RT 002 RW 01,SUHENDI,sanesnuabdhi@gmail.com,+62 813-2287-7862,RONI PATINASARONI,ronipatinasaroni2010@gmail.com,+62 896-6583-0584
3209,060 - LEMAHABANG,013 - CIPEUJEUH KULON,000400 - RT 004 RW 01,SUHENDI,sanesnuabdhi@gmail.com,+62 813-2287-7862,RONI PATINASARONI,ronipatinasaroni2010@gmail.com,+62 896-6583-0584
3209,060 - LEMAHABANG,013 - CIPEUJEUH KULON,000600 - RT 001 RW 02,SUHENDI,sanesnuabdhi@gmail.com,+62 813-2287-7862,RONI PATINASARONI,ronipatinasaroni2010@gmail.com,+62 896-6583-0584
3209,060 - LEMAHABANG,013 - CIPEUJEUH KULON,000700 - RT 002 RW 02,SUHENDI,sanesnuabdhi@gmail.com,+62 813-2287-7862,RONI PATINASARONI,ronipatinasaroni2010@gmail.com,+62 896-6583-0584
3209,060 - LEMAHABANG,013 - CIPEUJEUH KULON,001100 - RT 006 RW 02,SUHENDI,sanesnuabdhi@gmail.com,+62 813-2287-7862,FACHRI NURFAUZI ARIEF,fna690@gmail.com,+62 853-5149-5100
3209,060 - LEMAHABANG,013 - CIPEUJEUH KULON,001200 - RT 001 RW 03,SUHENDI,sanesnuabdhi@gmail.com,+62 813-2287-7862,FACHRI NURFAUZI ARIEF,fna690@gmail.com,+62 853-5149-5100
3209,060 - LEMAHABANG,013 - CIPEUJEUH KULON,001300 - RT 002 RW 03,SUHENDI,sanesnuabdhi@gmail.com,+62 813-2287-7862,FACHRI NURFAUZI ARIEF,fna690@gmail.com,+62 853-5149-5100
3209,060 - LEMAHABANG,013 - CIPEUJEUH KULON,001400 - RT 003 RW 03,SUHENDI,sanesnuabdhi@gmail.com,+62 813-2287-7862,FACHRI NURFAUZI ARIEF,fna690@gmail.com,+62 853-5149-5100
3209,060 - LEMAHABANG,013 - CIPEUJEUH KULON,001800 - RT 003 RW 04,SUHENDI,sanesnuabdhi@gmail.com,+62 813-2287-7862,FACHRI NURFAUZI ARIEF,fna690@gmail.com,+62 853-5149-5100
3209,060 - LEMAHABANG,013 - CIPEUJEUH KULON,001900 - RT 004 RW 04,SUHENDI,sanesnuabdhi@gmail.com,+62 813-2287-7862,FACHRI NURFAUZI ARIEF,fna690@gmail.com,+62 853-5149-5100
3209,060 - LEMAHABANG,013 - CIPEUJEUH KULON,002100 - RT 006 RW 04,SUHENDI,sanesnuabdhi@gmail.com,+62 813-2287-7862,FACHRI NURFAUZI ARIEF,fna690@gmail.com,+62 853-5149-5100
3209,060 - LEMAHABANG,013 - CIPEUJEUH KULON,100100 - SAWAH,SUHENDI,sanesnuabdhi@gmail.com,+62 813-2287-7862,SUSILAWATI ,rafanuga101424@gmail.com,+62 821-1531-6930
3209,060 - LEMAHABANG,014 - SINDANGLAUT,000300 - RT 002 RW 02 DUSUN PAHING,MUHAMMAD ARIF RAHMAN,riefrahman02@gmail.com,+62 083-1283-79167,SINDI MAULIA,sindi1106@gmail.com,+62 895-1580-3165
3209,060 - LEMAHABANG,014 - SINDANGLAUT,000400 - RT 001 RW 02 DUSUN PAHING,MUHAMMAD ARIF RAHMAN,riefrahman02@gmail.com,+62 083-1283-79167,SINDI MAULIA,sindi1106@gmail.com,+62 895-1580-3165
3209,060 - LEMAHABANG,014 - SINDANGLAUT,000600 - RT 001 RW 04 DUSUN WAGE,MUHAMMAD ARIF RAHMAN,riefrahman02@gmail.com,+62 083-1283-79167,SINDI MAULIA,sindi1106@gmail.com,+62 895-1580-3165
3209,060 - LEMAHABANG,014 - SINDANGLAUT,000800 - RT 003 RW 04 DUSUN WAGE,RISWANA,riswnz2@gmail.com,+62 812-2449-7541,AHMAD SIROJUDIN ,siroj2709@gmail.com,+62 896-3772-6108
3209,060 - LEMAHABANG,014 - SINDANGLAUT,001000 - RT 003 RW 05 DUSUN KLIWON,RISWANA,riswnz2@gmail.com,+62 812-2449-7541,AHMAD SIROJUDIN ,siroj2709@gmail.com,+62 896-3772-6108
3209,060 - LEMAHABANG,014 - SINDANGLAUT,001200 - RT 002 RW 005 DUSUN KLIWON,RISWANA,riswnz2@gmail.com,+62 812-2449-7541,AHMAD SIROJUDIN ,siroj2709@gmail.com,+62 896-3772-6108
3209,060 - LEMAHABANG,014 - SINDANGLAUT,001400 - RT 001 RW 01 DUSUN MANIS,MUHAMMAD ARIF RAHMAN,riefrahman02@gmail.com,+62 083-1283-79167,SINDI MAULIA,sindi1106@gmail.com,+62 895-1580-3165
3209,060 - LEMAHABANG,014 - SINDANGLAUT,001800 - RT 004 RW 03 DUSUN PUHUN,MUHAMMAD ARIF RAHMAN,riefrahman02@gmail.com,+62 083-1283-79167,IDA HAMIDAH ,idahamidah8896@gmail.com,+62 087-7241-11208
3209,060 - LEMAHABANG,015 - CIPEUJEUH WETAN,000200 - RT 02 A RW 01 DUSUN 1,MUHAMMAD ARIF RAHMAN,riefrahman02@gmail.com,+62 083-1283-79167,RIA HANITA,riacirebon58@gmail.com,+62 812-2733-5322
3209,060 - LEMAHABANG,015 - CIPEUJEUH WETAN,000501 - RT 04 RW 01 DUSUN 1,MUHAMMAD ARIF RAHMAN,riefrahman02@gmail.com,+62 083-1283-79167,RIA HANITA,riacirebon58@gmail.com,+62 812-2733-5322
3209,060 - LEMAHABANG,015 - CIPEUJEUH WETAN,000502 - RT 04 RW 01 DUSUN 1,MUHAMMAD ARIF RAHMAN,riefrahman02@gmail.com,+62 083-1283-79167,RIA HANITA,riacirebon58@gmail.com,+62 812-2733-5322
3209,060 - LEMAHABANG,015 - CIPEUJEUH WETAN,000600 - RT 05 A RW 02 A DUSUN 2 A,MUHAMMAD ARIF RAHMAN,riefrahman02@gmail.com,+62 083-1283-79167,LILIS INDRIANI,lilisindriani787@gmail.com,+62 853-1457-6508
3209,060 - LEMAHABANG,015 - CIPEUJEUH WETAN,000700 - RT 05 B RW 02 A DUSUN 2 A,MUHAMMAD ARIF RAHMAN,riefrahman02@gmail.com,+62 083-1283-79167,LILIS INDRIANI,lilisindriani787@gmail.com,+62 853-1457-6508
3209,060 - LEMAHABANG,015 - CIPEUJEUH WETAN,000900 - RT 06 B RW 02 A DUSUN 2 A,MUHAMMAD ARIF RAHMAN,riefrahman02@gmail.com,+62 083-1283-79167,LILIS INDRIANI,lilisindriani787@gmail.com,+62 853-1457-6508
3209,060 - LEMAHABANG,015 - CIPEUJEUH WETAN,001000 - RT 07 A RW 02 B DUSUN 2 B,MUHAMMAD ARIF RAHMAN,riefrahman02@gmail.com,+62 083-1283-79167,LILIS INDRIANI,lilisindriani787@gmail.com,+62 853-1457-6508
3209,060 - LEMAHABANG,015 - CIPEUJEUH WETAN,001600 - RT 10 A RW 03 A DUSUN 3,MUHAMMAD ARIF RAHMAN,riefrahman02@gmail.com,+62 083-1283-79167,FAUZIAH FLORAFERA REGIA,fauziahfloraferaregia@gmail.com,+62 085-2206-36477
3209,060 - LEMAHABANG,015 - CIPEUJEUH WETAN,002100 - RT 13 A RW 04 A DUSUN 4 A,MUHAMMAD ARIF RAHMAN,riefrahman02@gmail.com,+62 083-1283-79167,MUABDAN,muabdan2106@gmail.com,+62 821-2081-2840
3209,060 - LEMAHABANG,015 - CIPEUJEUH WETAN,002200 - RT 13 B RW 04 A DUSUN 4 A,MUHAMMAD ARIF RAHMAN,riefrahman02@gmail.com,+62 083-1283-79167,MUABDAN,muabdan2106@gmail.com,+62 821-2081-2840
3209,060 - LEMAHABANG,015 - CIPEUJEUH WETAN,002300 - RT 13 C RW 04 A DUSUN 4 A,MUHAMMAD ARIF RAHMAN,riefrahman02@gmail.com,+62 083-1283-79167,MUABDAN,muabdan2106@gmail.com,+62 821-2081-2840
3209,060 - LEMAHABANG,015 - CIPEUJEUH WETAN,002400 - RT 14 A RW 04 A DUSUN 4 A,MUHAMMAD ARIF RAHMAN,riefrahman02@gmail.com,+62 083-1283-79167,JUJUN JUANSAH ,zuanzuansyah@gmail.com,+62 857-9706-9935
3209,060 - LEMAHABANG,015 - CIPEUJEUH WETAN,002500 - RT 14 B RW 04 A DUSUN 4 A,MUHAMMAD ARIF RAHMAN,riefrahman02@gmail.com,+62 083-1283-79167,JUJUN JUANSAH ,zuanzuansyah@gmail.com,+62 857-9706-9935
3209,060 - LEMAHABANG,015 - CIPEUJEUH WETAN,002600 - RT 14 C RW 04 A DUSUN 4 A,MUHAMMAD ARIF RAHMAN,riefrahman02@gmail.com,+62 083-1283-79167,JUJUN JUANSAH ,zuanzuansyah@gmail.com,+62 857-9706-9935
3209,060 - LEMAHABANG,015 - CIPEUJEUH WETAN,002700 - RT 15 RW 04 B DUSUN 4 B,MUHAMMAD ARIF RAHMAN,riefrahman02@gmail.com,+62 083-1283-79167,JUJUN JUANSAH ,zuanzuansyah@gmail.com,+62 857-9706-9935
3209,060 - LEMAHABANG,015 - CIPEUJEUH WETAN,002800 - RT 16 A RW 04 B DUSUN 4 B,MUHAMMAD ARIF RAHMAN,riefrahman02@gmail.com,+62 083-1283-79167,JUJUN JUANSAH ,zuanzuansyah@gmail.com,+62 857-9706-9935
3209,060 - LEMAHABANG,015 - CIPEUJEUH WETAN,003000 - RT 16 C RW 04 B DUSUN 4 B,MUHAMMAD ARIF RAHMAN,riefrahman02@gmail.com,+62 083-1283-79167,JUJUN JUANSAH ,zuanzuansyah@gmail.com,+62 857-9706-9935
3209,060 - LEMAHABANG,015 - CIPEUJEUH WETAN,003100 - RT 16 D RW 04 B DUSUN 4 B,MUHAMMAD ARIF RAHMAN,riefrahman02@gmail.com,+62 083-1283-79167,JUJUN JUANSAH ,zuanzuansyah@gmail.com,+62 857-9706-9935
3209,060 - LEMAHABANG,015 - CIPEUJEUH WETAN,003200 - RT 17 A RW 05 DUSUN 5,MUHAMMAD ARIF RAHMAN,riefrahman02@gmail.com,+62 083-1283-79167,SRI RAHAYU,naurasri27@gmail.com,0
3209,060 - LEMAHABANG,016 - LEMAHABANG KULON,000100 - RT 001 RW 001,FITRIASARI,fitriasari782@gmail.com,+62 821-2745-0505_,MOH LUTFI TRI AFRIANA,mohammadlutfitri@gmail.com,+62 831-3358-1209
3209,060 - LEMAHABANG,016 - LEMAHABANG KULON,000200 - RT 002 RW 001,FITRIASARI,fitriasari782@gmail.com,+62 821-2745-0505_,MOH LUTFI TRI AFRIANA,mohammadlutfitri@gmail.com,+62 831-3358-1209
3209,060 - LEMAHABANG,016 - LEMAHABANG KULON,000300 - RT 003 RW 001,FITRIASARI,fitriasari782@gmail.com,+62 821-2745-0505_,MOH LUTFI TRI AFRIANA,mohammadlutfitri@gmail.com,+62 831-3358-1209
3209,060 - LEMAHABANG,016 - LEMAHABANG KULON,000400 - RT 004 RW 001,FITRIASARI,fitriasari782@gmail.com,+62 821-2745-0505_,MOH LUTFI TRI AFRIANA,mohammadlutfitri@gmail.com,+62 831-3358-1209
3209,060 - LEMAHABANG,016 - LEMAHABANG KULON,000500 - RT 005 RW 002,FITRIASARI,fitriasari782@gmail.com,+62 821-2745-0505_,MOH LUTFI TRI AFRIANA,mohammadlutfitri@gmail.com,+62 831-3358-1209
3209,060 - LEMAHABANG,016 - LEMAHABANG KULON,000600 - RT 006 RW 002,FITRIASARI,fitriasari782@gmail.com,+62 821-2745-0505_,MOH LUTFI TRI AFRIANA,mohammadlutfitri@gmail.com,+62 831-3358-1209
3209,060 - LEMAHABANG,016 - LEMAHABANG KULON,000700 - RT 007 RW 002,FITRIASARI,fitriasari782@gmail.com,+62 821-2745-0505_,MOH LUTFI TRI AFRIANA,mohammadlutfitri@gmail.com,+62 831-3358-1209
3209,060 - LEMAHABANG,016 - LEMAHABANG KULON,000900 - RT 009 RW 003,FITRIASARI,fitriasari782@gmail.com,+62 821-2745-0505_,KRISTINA ,www.eca09@gmail.com,+62 812-1949-7429
3209,060 - LEMAHABANG,016 - LEMAHABANG KULON,001001 - RT 010 RW 003,FITRIASARI,fitriasari782@gmail.com,+62 821-2745-0505_,KRISTINA ,www.eca09@gmail.com,+62 812-1949-7429
3209,060 - LEMAHABANG,016 - LEMAHABANG KULON,001100 - RT 011 RW 003,FITRIASARI,fitriasari782@gmail.com,+62 821-2745-0505_,KRISTINA ,www.eca09@gmail.com,+62 812-1949-7429
3209,060 - LEMAHABANG,016 - LEMAHABANG KULON,001200 - RT 012 RW 004,FITRIASARI,fitriasari782@gmail.com,+62 821-2745-0505_,KRISTINA ,www.eca09@gmail.com,+62 812-1949-7429
3209,060 - LEMAHABANG,016 - LEMAHABANG KULON,001300 - RT 013 RW 004,FITRIASARI,fitriasari782@gmail.com,+62 821-2745-0505_,KRISTINA ,www.eca09@gmail.com,+62 812-1949-7429
3209,060 - LEMAHABANG,016 - LEMAHABANG KULON,001400 - RT 014 RW 004,FITRIASARI,fitriasari782@gmail.com,+62 821-2745-0505_,KRISTINA ,www.eca09@gmail.com,+62 812-1949-7429
3209,060 - LEMAHABANG,016 - LEMAHABANG KULON,001600 - RT 016 RW 005,FITRIASARI,fitriasari782@gmail.com,+62 821-2745-0505_,HILDA APRIYANTI SURYANA,hildaapriyanti58@gmail.com,+62 813-1364-9018_
3209,060 - LEMAHABANG,016 - LEMAHABANG KULON,001700 - RT 017 RW 005,FITRIASARI,fitriasari782@gmail.com,+62 821-2745-0505_,HILDA APRIYANTI SURYANA,hildaapriyanti58@gmail.com,+62 813-1364-9018_
3209,060 - LEMAHABANG,016 - LEMAHABANG KULON,001800 - RT 018 RW 006,FITRIASARI,fitriasari782@gmail.com,+62 821-2745-0505_,HILDA APRIYANTI SURYANA,hildaapriyanti58@gmail.com,+62 813-1364-9018_
3209,060 - LEMAHABANG,016 - LEMAHABANG KULON,001900 - RT 019 RW 006,FITRIASARI,fitriasari782@gmail.com,+62 821-2745-0505_,HILDA APRIYANTI SURYANA,hildaapriyanti58@gmail.com,+62 813-1364-9018_
3209,060 - LEMAHABANG,016 - LEMAHABANG KULON,002000 - RT 020 RW 006,FITRIASARI,fitriasari782@gmail.com,+62 821-2745-0505_,HILDA APRIYANTI SURYANA,hildaapriyanti58@gmail.com,+62 813-1364-9018_
3209,060 - LEMAHABANG,016 - LEMAHABANG KULON,002100 - RT 021 RW 007,FITRIASARI,fitriasari782@gmail.com,+62 821-2745-0505_,HILDA APRIYANTI SURYANA,hildaapriyanti58@gmail.com,+62 813-1364-9018_
3209,060 - LEMAHABANG,016 - LEMAHABANG KULON,002200 - RT 022 RW 007,FITRIASARI,fitriasari782@gmail.com,+62 821-2745-0505_,HILDA APRIYANTI SURYANA,hildaapriyanti58@gmail.com,+62 813-1364-9018_
3209,060 - LEMAHABANG,016 - LEMAHABANG KULON,002300 - RT 023 RW 007,FITRIASARI,fitriasari782@gmail.com,+62 821-2745-0505_,HILDA APRIYANTI SURYANA,hildaapriyanti58@gmail.com,+62 813-1364-9018_
3209,060 - LEMAHABANG,016 - LEMAHABANG KULON,002400 - RT 024 RW 008,FITRIASARI,fitriasari782@gmail.com,+62 821-2745-0505_,HILDA APRIYANTI SURYANA,hildaapriyanti58@gmail.com,+62 813-1364-9018_
3209,060 - LEMAHABANG,016 - LEMAHABANG KULON,002500 - RT 025 RW 008,FITRIASARI,fitriasari782@gmail.com,+62 821-2745-0505_,HILDA APRIYANTI SURYANA,hildaapriyanti58@gmail.com,+62 813-1364-9018_
3209,060 - LEMAHABANG,016 - LEMAHABANG KULON,002600 - RT 026 RW 008,FITRIASARI,fitriasari782@gmail.com,+62 821-2745-0505_,HILDA APRIYANTI SURYANA,hildaapriyanti58@gmail.com,+62 813-1364-9018_
3209,060 - LEMAHABANG,017 - LEMAHABANG,000300 - RT 003 RW 001,FITRIASARI,fitriasari782@gmail.com,+62 821-2745-0505_,MOHAMAD SOLEH,solehmohamadsoleh.m@gmail.com,+62 897-4981-177
3209,060 - LEMAHABANG,017 - LEMAHABANG,000400 - RT 004 RW 002,FITRIASARI,fitriasari782@gmail.com,+62 821-2745-0505_,MOHAMAD SOLEH,solehmohamadsoleh.m@gmail.com,+62 897-4981-177
3209,060 - LEMAHABANG,017 - LEMAHABANG,000500 - RT 005 RW 002,FITRIASARI,fitriasari782@gmail.com,+62 821-2745-0505_,MOHAMAD SOLEH,solehmohamadsoleh.m@gmail.com,+62 897-4981-177
3209,060 - LEMAHABANG,017 - LEMAHABANG,000700 - RT 007 RW 002,FITRIASARI,fitriasari782@gmail.com,+62 821-2745-0505_,MOHAMAD SOLEH,solehmohamadsoleh.m@gmail.com,+62 897-4981-177
3209,060 - LEMAHABANG,017 - LEMAHABANG,000800 - RT 008 RW 003,FITRIASARI,fitriasari782@gmail.com,+62 821-2745-0505_,MOHAMAD SOLEH,solehmohamadsoleh.m@gmail.com,+62 897-4981-177
3209,060 - LEMAHABANG,017 - LEMAHABANG,000900 - RT 009 RW 003,FITRIASARI,fitriasari782@gmail.com,+62 821-2745-0505_,MOHAMAD SOLEH,solehmohamadsoleh.m@gmail.com,+62 897-4981-177
3209,060 - LEMAHABANG,017 - LEMAHABANG,001100 - RT 011 RW 004,FITRIASARI,fitriasari782@gmail.com,+62 821-2745-0505_,MOHAMAD SOLEH,solehmohamadsoleh.m@gmail.com,+62 897-4981-177
3209,060 - LEMAHABANG,017 - LEMAHABANG,001200 - RT 012 RW 004,FITRIASARI,fitriasari782@gmail.com,+62 821-2745-0505_,MOHAMAD SOLEH,solehmohamadsoleh.m@gmail.com,+62 897-4981-177
3209,060 - LEMAHABANG,017 - LEMAHABANG,001500 - RT 015 RW 005,FITRIASARI,fitriasari782@gmail.com,+62 821-2745-0505_,MUHAMMAD DRAJAT,zatalami@gmail.com,0
3209,060 - LEMAHABANG,017 - LEMAHABANG,001600 - RT 016 RW 005,FITRIASARI,fitriasari782@gmail.com,+62 821-2745-0505_,MUHAMMAD DRAJAT,zatalami@gmail.com,0
3209,060 - LEMAHABANG,017 - LEMAHABANG,002100 - RT 021 RW 006,FITRIASARI,fitriasari782@gmail.com,+62 821-2745-0505_,MUHAMMAD DRAJAT,zatalami@gmail.com,0
3209,060 - LEMAHABANG,017 - LEMAHABANG,002200 - RT 022 RW 006,FITRIASARI,fitriasari782@gmail.com,+62 821-2745-0505_,MUHAMMAD DRAJAT,zatalami@gmail.com,0
3209,060 - LEMAHABANG,017 - LEMAHABANG,100100 - NON SLS,FITRIASARI,fitriasari782@gmail.com,+62 821-2745-0505_,MUHAMMAD DRAJAT,zatalami@gmail.com,0
3209,060 - LEMAHABANG,018 - SIGONG,000500 - RT 005 RW 001,IKIN SOLIKIN,arulikin2015@gmail.com,+62 081-2229-98362,MARWAN,marwanhjs22@gmail.com,+62 877-9000-1444
3209,060 - LEMAHABANG,018 - SIGONG,000600 - RT 006 RW 002,IKIN SOLIKIN,arulikin2015@gmail.com,+62 081-2229-98362,MARWAN,marwanhjs22@gmail.com,+62 877-9000-1444
3209,060 - LEMAHABANG,018 - SIGONG,000700 - RT 007 RW 002,IKIN SOLIKIN,arulikin2015@gmail.com,+62 081-2229-98362,MARWAN,marwanhjs22@gmail.com,+62 877-9000-1444
3209,060 - LEMAHABANG,018 - SIGONG,000800 - RT 008 RW 002,IKIN SOLIKIN,arulikin2015@gmail.com,+62 081-2229-98362,MARWAN,marwanhjs22@gmail.com,+62 877-9000-1444
3209,060 - LEMAHABANG,018 - SIGONG,000900 - RT 009 RW 002,IKIN SOLIKIN,arulikin2015@gmail.com,+62 081-2229-98362,MARWAN,marwanhjs22@gmail.com,+62 877-9000-1444
3209,060 - LEMAHABANG,018 - SIGONG,001000 - RT 010 RW 002,IKIN SOLIKIN,arulikin2015@gmail.com,+62 081-2229-98362,MARWAN,marwanhjs22@gmail.com,+62 877-9000-1444
3209,060 - LEMAHABANG,018 - SIGONG,001100 - RT 011 RW 003,IKIN SOLIKIN,arulikin2015@gmail.com,+62 081-2229-98362,MUHAMAD IMRON,inter.13milan@gmail.com,+62 089-8057-2225
3209,060 - LEMAHABANG,018 - SIGONG,001200 - RT 012 RW 003,IKIN SOLIKIN,arulikin2015@gmail.com,+62 081-2229-98362,MUHAMAD IMRON,inter.13milan@gmail.com,+62 089-8057-2225
3209,060 - LEMAHABANG,018 - SIGONG,001800 - RT 018 RW 005,IKIN SOLIKIN,arulikin2015@gmail.com,+62 081-2229-98362,MUHAMAD IMRON,inter.13milan@gmail.com,+62 089-8057-2225
3209,060 - LEMAHABANG,018 - SIGONG,002000 - RT 020 RW 005,IKIN SOLIKIN,arulikin2015@gmail.com,+62 081-2229-98362,MUHAMAD IMRON,inter.13milan@gmail.com,+62 089-8057-2225
3209,060 - LEMAHABANG,018 - SIGONG,002200 - RT 022 RW 006,IKIN SOLIKIN,arulikin2015@gmail.com,+62 081-2229-98362,MUHAMAD IMRON,inter.13milan@gmail.com,+62 089-8057-2225
3209,060 - LEMAHABANG,018 - SIGONG,002300 - RT 023 RW 006,IKIN SOLIKIN,arulikin2015@gmail.com,+62 081-2229-98362,ASEP ARIF RAHMAN,rasep1824@gmail.com,+62 089-6623-39234
3209,060 - LEMAHABANG,018 - SIGONG,002400 - RT 024 RW 007,IKIN SOLIKIN,arulikin2015@gmail.com,+62 081-2229-98362,ASEP ARIF RAHMAN,rasep1824@gmail.com,+62 089-6623-39234
3209,060 - LEMAHABANG,018 - SIGONG,002600 - RT 026 RW 007,IKIN SOLIKIN,arulikin2015@gmail.com,+62 081-2229-98362,ASEP ARIF RAHMAN,rasep1824@gmail.com,+62 089-6623-39234
3209,060 - LEMAHABANG,018 - SIGONG,002700 - RT 027 RW 008,IKIN SOLIKIN,arulikin2015@gmail.com,+62 081-2229-98362,ASEP ARIF RAHMAN,rasep1824@gmail.com,+62 089-6623-39234
3209,060 - LEMAHABANG,018 - SIGONG,002800 - RT 028 RW 008,IKIN SOLIKIN,arulikin2015@gmail.com,+62 081-2229-98362,ASEP ARIF RAHMAN,rasep1824@gmail.com,+62 089-6623-39234
3209,060 - LEMAHABANG,018 - SIGONG,002900 - RT 029 RW 008,IKIN SOLIKIN,arulikin2015@gmail.com,+62 081-2229-98362,ASEP ARIF RAHMAN,rasep1824@gmail.com,+62 089-6623-39234
3209,060 - LEMAHABANG,018 - SIGONG,003000 - RT 030 RW 008,IKIN SOLIKIN,arulikin2015@gmail.com,+62 081-2229-98362,MARWAN,marwanhjs22@gmail.com,+62 877-9000-1444
3209,060 - LEMAHABANG,018 - SIGONG,003400 - RT 034 RW 010,IKIN SOLIKIN,arulikin2015@gmail.com,+62 081-2229-98362,MULYADI,lugumul11@gmail.com,+62 083-1425-83930
3209,060 - LEMAHABANG,018 - SIGONG,003500 - RT 035 RW 010,IKIN SOLIKIN,arulikin2015@gmail.com,+62 081-2229-98362,MULYADI,lugumul11@gmail.com,+62 083-1425-83930
3209,060 - LEMAHABANG,018 - SIGONG,003600 - RT 036 RW 011,IKIN SOLIKIN,arulikin2015@gmail.com,+62 081-2229-98362,MULYADI,lugumul11@gmail.com,+62 083-1425-83930
3209,060 - LEMAHABANG,018 - SIGONG,003700 - RT 037 RW 011,IKIN SOLIKIN,arulikin2015@gmail.com,+62 081-2229-98362,MULYADI,lugumul11@gmail.com,+62 083-1425-83930
3209,060 - LEMAHABANG,018 - SIGONG,100100 - SAWAH,IKIN SOLIKIN,arulikin2015@gmail.com,+62 081-2229-98362,MULYADI,lugumul11@gmail.com,+62 083-1425-83930
3209,060 - LEMAHABANG,019 - SARAJAYA,000100 - RT 001 RW 01 DUSUN 01,IKIN SOLIKIN,arulikin2015@gmail.com,+62 081-2229-98362,SITI NURHALIZA,icanurhaliza1204@gmail.com,+62 857-9453-2392
3209,060 - LEMAHABANG,019 - SARAJAYA,000200 - RT 002 RW 01 DUSUN 01,IKIN SOLIKIN,arulikin2015@gmail.com,+62 081-2229-98362,SITI NURHALIZA,icanurhaliza1204@gmail.com,+62 857-9453-2392
3209,060 - LEMAHABANG,019 - SARAJAYA,000300 - RT 003 RW 01 DUSUN 01,IKIN SOLIKIN,arulikin2015@gmail.com,+62 081-2229-98362,SITI NURHALIZA,icanurhaliza1204@gmail.com,+62 857-9453-2392
3209,060 - LEMAHABANG,019 - SARAJAYA,000400 - RT 004 RW 02 DUSUN 01,IKIN SOLIKIN,arulikin2015@gmail.com,+62 081-2229-98362,SITI NURHALIZA,icanurhaliza1204@gmail.com,+62 857-9453-2392
3209,060 - LEMAHABANG,019 - SARAJAYA,000500 - RT 005 RW 02 DUSUN 01,IKIN SOLIKIN,arulikin2015@gmail.com,+62 081-2229-98362,SITI NURHALIZA,icanurhaliza1204@gmail.com,+62 857-9453-2392
3209,060 - LEMAHABANG,019 - SARAJAYA,000600 - RT 006 RW 02 DUSUN 01,IKIN SOLIKIN,arulikin2015@gmail.com,+62 081-2229-98362,SITI NURHALIZA,icanurhaliza1204@gmail.com,+62 857-9453-2392
3209,060 - LEMAHABANG,019 - SARAJAYA,000700 - RT 007 RW 03 DUSUN 01,IKIN SOLIKIN,arulikin2015@gmail.com,+62 081-2229-98362,SITI NURHALIZA,icanurhaliza1204@gmail.com,+62 857-9453-2392
3209,060 - LEMAHABANG,019 - SARAJAYA,000800 - RT 008 RW 03 DUSUN 01,IKIN SOLIKIN,arulikin2015@gmail.com,+62 081-2229-98362,SITI NURHALIZA,icanurhaliza1204@gmail.com,+62 857-9453-2392
3209,060 - LEMAHABANG,019 - SARAJAYA,000900 - RT 009 RW 03 DUSUN 01,IKIN SOLIKIN,arulikin2015@gmail.com,+62 081-2229-98362,SITI NURHALIZA,icanurhaliza1204@gmail.com,+62 857-9453-2392
3209,060 - LEMAHABANG,019 - SARAJAYA,001000 - RT 010 RW 04 DUSUN 02,IKIN SOLIKIN,arulikin2015@gmail.com,+62 081-2229-98362,RIZKY MARJUKY,riomatsumura435@gmail.com,+62 822-8495-1006
3209,060 - LEMAHABANG,019 - SARAJAYA,001100 - RT 011 RW 04 DUSUN 02,IKIN SOLIKIN,arulikin2015@gmail.com,+62 081-2229-98362,RIZKY MARJUKY,riomatsumura435@gmail.com,+62 822-8495-1006
3209,060 - LEMAHABANG,019 - SARAJAYA,001200 - RT 012 RW 04 DUSUN 02,IKIN SOLIKIN,arulikin2015@gmail.com,+62 081-2229-98362,RIZKY MARJUKY,riomatsumura435@gmail.com,+62 822-8495-1006
3209,060 - LEMAHABANG,019 - SARAJAYA,001300 - RT 013 RW 04 DUSUN 02,IKIN SOLIKIN,arulikin2015@gmail.com,+62 081-2229-98362,RIZKY MARJUKY,riomatsumura435@gmail.com,+62 822-8495-1006
3209,060 - LEMAHABANG,019 - SARAJAYA,001400 - RT 014 RW 05 DUSUN 02,IKIN SOLIKIN,arulikin2015@gmail.com,+62 081-2229-98362,RIZKY MARJUKY,riomatsumura435@gmail.com,+62 822-8495-1006
3209,060 - LEMAHABANG,019 - SARAJAYA,001500 - RT 015 RW 05 DUSUN 02,IKIN SOLIKIN,arulikin2015@gmail.com,+62 081-2229-98362,RIZKY MARJUKY,riomatsumura435@gmail.com,+62 822-8495-1006
3209,060 - LEMAHABANG,019 - SARAJAYA,001600 - RT 016 RW 05 DUSUN 02,IKIN SOLIKIN,arulikin2015@gmail.com,+62 081-2229-98362,RIZKY MARJUKY,riomatsumura435@gmail.com,+62 822-8495-1006
3209,060 - LEMAHABANG,019 - SARAJAYA,001700 - RT 017 RW 05 DUSUN 02,IKIN SOLIKIN,arulikin2015@gmail.com,+62 081-2229-98362,RIZKY MARJUKY,riomatsumura435@gmail.com,+62 822-8495-1006
3209,060 - LEMAHABANG,019 - SARAJAYA,001800 - RT 018 RW 06 DUSUN 03,IKIN SOLIKIN,arulikin2015@gmail.com,+62 081-2229-98362,RIZKY MARJUKY,riomatsumura435@gmail.com,+62 822-8495-1006
3209,060 - LEMAHABANG,019 - SARAJAYA,001900 - RT 019 RW 06 DUSUN 03,IKIN SOLIKIN,arulikin2015@gmail.com,+62 081-2229-98362,RIZKY MARJUKY,riomatsumura435@gmail.com,+62 822-8495-1006
3209,060 - LEMAHABANG,019 - SARAJAYA,002000 - RT 020 RW 06 DUSUN 03,IKIN SOLIKIN,arulikin2015@gmail.com,+62 081-2229-98362,RIZKY MARJUKY,riomatsumura435@gmail.com,+62 822-8495-1006
3209,060 - LEMAHABANG,019 - SARAJAYA,002100 - RT 021 RW 07 DUSUN 03,IKIN SOLIKIN,arulikin2015@gmail.com,+62 081-2229-98362,RIZKY MARJUKY,riomatsumura435@gmail.com,+62 822-8495-1006
3209,060 - LEMAHABANG,019 - SARAJAYA,002200 - RT 022 RW 07 DUSUN 03,IKIN SOLIKIN,arulikin2015@gmail.com,+62 081-2229-98362,RIZKY MARJUKY,riomatsumura435@gmail.com,+62 822-8495-1006
3209,060 - LEMAHABANG,019 - SARAJAYA,002300 - RT 023 RW 07 DUSUN 03,IKIN SOLIKIN,arulikin2015@gmail.com,+62 081-2229-98362,SITI NURHALIZA,icanurhaliza1204@gmail.com,+62 857-9453-2392
3209,060 - LEMAHABANG,019 - SARAJAYA,002400 - RT 024 RW 08 DUSUN 04,IKIN SOLIKIN,arulikin2015@gmail.com,+62 081-2229-98362,CAHYA NOPIKA MULYO,cahya.nopika@gmail.com,+62 812-2238-9515
3209,060 - LEMAHABANG,019 - SARAJAYA,002500 - RT 025 RW 08 DUSUN 04,IKIN SOLIKIN,arulikin2015@gmail.com,+62 081-2229-98362,CAHYA NOPIKA MULYO,cahya.nopika@gmail.com,+62 812-2238-9515
3209,060 - LEMAHABANG,019 - SARAJAYA,002600 - RT 026 RW 08 DUSUN 04,IKIN SOLIKIN,arulikin2015@gmail.com,+62 081-2229-98362,CAHYA NOPIKA MULYO,cahya.nopika@gmail.com,+62 812-2238-9515
3209,060 - LEMAHABANG,019 - SARAJAYA,002700 - RT 027 RW 08 DUSUN 04,IKIN SOLIKIN,arulikin2015@gmail.com,+62 081-2229-98362,CAHYA NOPIKA MULYO,cahya.nopika@gmail.com,+62 812-2238-9515
3209,060 - LEMAHABANG,019 - SARAJAYA,002800 - RT 028 RW 09 DUSUN 04,IKIN SOLIKIN,arulikin2015@gmail.com,+62 081-2229-98362,CAHYA NOPIKA MULYO,cahya.nopika@gmail.com,+62 812-2238-9515
3209,060 - LEMAHABANG,019 - SARAJAYA,002900 - RT 029 RW 09 DUSUN 04,IKIN SOLIKIN,arulikin2015@gmail.com,+62 081-2229-98362,CAHYA NOPIKA MULYO,cahya.nopika@gmail.com,+62 812-2238-9515
3209,060 - LEMAHABANG,019 - SARAJAYA,003000 - RT 030 RW 09 DUSUN 04,IKIN SOLIKIN,arulikin2015@gmail.com,+62 081-2229-98362,CAHYA NOPIKA MULYO,cahya.nopika@gmail.com,+62 812-2238-9515
3209,060 - LEMAHABANG,019 - SARAJAYA,003100 - RT 031 RW 10 DUSUN 04,IKIN SOLIKIN,arulikin2015@gmail.com,+62 081-2229-98362,CAHYA NOPIKA MULYO,cahya.nopika@gmail.com,+62 812-2238-9515
3209,060 - LEMAHABANG,019 - SARAJAYA,003200 - RT 032 RW 10 DUSUN 04,IKIN SOLIKIN,arulikin2015@gmail.com,+62 081-2229-98362,CAHYA NOPIKA MULYO,cahya.nopika@gmail.com,+62 812-2238-9515
3209,060 - LEMAHABANG,019 - SARAJAYA,100100 - PESAWAHAN,IKIN SOLIKIN,arulikin2015@gmail.com,+62 081-2229-98362,SITI NURHALIZA,icanurhaliza1204@gmail.com,+62 857-9453-2392
3209,060 - LEMAHABANG,019 - SARAJAYA,400100 - TERBANGUN PEMUKIMAN,IKIN SOLIKIN,arulikin2015@gmail.com,+62 081-2229-98362,SITI NURHALIZA,icanurhaliza1204@gmail.com,+62 857-9453-2392
3209,060 - LEMAHABANG,020 - TUK KARANGSUWUNG,000500 - RT 004 RW 02 DUSUN 1,RISWANA,riswnz2@gmail.com,+62 812-2449-7541,NIA KURNIASIH,nianyaziz091985@gmail.com,+62 821-2323-1059
3209,060 - LEMAHABANG,020 - TUK KARANGSUWUNG,000600 - RT 003 RW 02 DUSUN 1,RISWANA,riswnz2@gmail.com,+62 812-2449-7541,A MUHAEMIN,ahmadmuhaemin724@gmail.com,+62 081-2145-32969
3209,060 - LEMAHABANG,020 - TUK KARANGSUWUNG,000700 - RT 005 RW 03 DUSUN 2,RISWANA,riswnz2@gmail.com,+62 812-2449-7541,A MUHAEMIN,ahmadmuhaemin724@gmail.com,+62 081-2145-32969
3209,060 - LEMAHABANG,020 - TUK KARANGSUWUNG,000800 - RT 006 RW 03 DUSUN 2,RISWANA,riswnz2@gmail.com,+62 812-2449-7541,A MUHAEMIN,ahmadmuhaemin724@gmail.com,+62 081-2145-32969
3209,060 - LEMAHABANG,020 - TUK KARANGSUWUNG,000900 - RT 007 RW 04 DUSUN 2,RISWANA,riswnz2@gmail.com,+62 812-2449-7541,NIA KURNIASIH,nianyaziz091985@gmail.com,+62 821-2323-1059
3209,060 - LEMAHABANG,020 - TUK KARANGSUWUNG,001000 - RT 008 RW 04 DUSUN 2,RISWANA,riswnz2@gmail.com,+62 812-2449-7541,A MUHAEMIN,ahmadmuhaemin724@gmail.com,+62 081-2145-32969
3209,060 - LEMAHABANG,020 - TUK KARANGSUWUNG,001100 - RT 002 RW 01 DUSUN 1,RISWANA,riswnz2@gmail.com,+62 812-2449-7541,A MUHAEMIN,ahmadmuhaemin724@gmail.com,+62 081-2145-32969
3209,060 - LEMAHABANG,021 - BELAWA,000100 - RT 001 RW 01,SUHENDI,sanesnuabdhi@gmail.com,+62 813-2287-7862,DEDE ERWATI,dedeerwati70@gmail.com,+62 822-1804-0136
3209,060 - LEMAHABANG,021 - BELAWA,000200 - RT 002 RW 01,SUHENDI,sanesnuabdhi@gmail.com,+62 813-2287-7862,DEDE ERWATI,dedeerwati70@gmail.com,+62 822-1804-0136
3209,060 - LEMAHABANG,021 - BELAWA,000300 - RT 003 RW 01,SUHENDI,sanesnuabdhi@gmail.com,+62 813-2287-7862,DEDE ERWATI,dedeerwati70@gmail.com,+62 822-1804-0136
3209,060 - LEMAHABANG,021 - BELAWA,000400 - RT 004 RW 01,SUHENDI,sanesnuabdhi@gmail.com,+62 813-2287-7862,DEDE ERWATI,dedeerwati70@gmail.com,+62 822-1804-0136
3209,060 - LEMAHABANG,021 - BELAWA,000500 - RT 005 RW 01,SUHENDI,sanesnuabdhi@gmail.com,+62 813-2287-7862,DEDE ERWATI,dedeerwati70@gmail.com,+62 822-1804-0136
3209,060 - LEMAHABANG,021 - BELAWA,000700 - RT 002 RW 02,SUHENDI,sanesnuabdhi@gmail.com,+62 813-2287-7862,IIS ISKANDAR,garenk06blv@gmail.com,+62 853-1700-9666
3209,060 - LEMAHABANG,021 - BELAWA,001200 - RT 001 RW 04,SUHENDI,sanesnuabdhi@gmail.com,+62 813-2287-7862,IIS ISKANDAR,garenk06blv@gmail.com,+62 853-1700-9666
3209,060 - LEMAHABANG,021 - BELAWA,001300 - RT 002 RW 04,SUHENDI,sanesnuabdhi@gmail.com,+62 813-2287-7862,DENI ZAKARIA,egha.fransisca69@gmail.com,+62 813-1928-9929
3209,060 - LEMAHABANG,021 - BELAWA,001500 - RT 004 RW 04,SUHENDI,sanesnuabdhi@gmail.com,+62 813-2287-7862,DENI ZAKARIA,egha.fransisca69@gmail.com,+62 813-1928-9929
3209,060 - LEMAHABANG,021 - BELAWA,001600 - RT 005 RW 04,SUHENDI,sanesnuabdhi@gmail.com,+62 813-2287-7862,DENI ZAKARIA,egha.fransisca69@gmail.com,+62 813-1928-9929
3209,060 - LEMAHABANG,021 - BELAWA,001800 - RT 002 RW 05,SUHENDI,sanesnuabdhi@gmail.com,+62 813-2287-7862,ELNORICK DIMAR TANUJAYA ,dimarrrn881@gmail.com,+62 877-1614-3040
3209,060 - LEMAHABANG,021 - BELAWA,001900 - RT 003 RW 05,SUHENDI,sanesnuabdhi@gmail.com,+62 813-2287-7862,ELNORICK DIMAR TANUJAYA ,dimarrrn881@gmail.com,+62 877-1614-3040
3209,060 - LEMAHABANG,021 - BELAWA,002000 - RT 004 RW 05,SUHENDI,sanesnuabdhi@gmail.com,+62 813-2287-7862,DEDE ERWATI,dedeerwati70@gmail.com,+62 822-1804-0136
3209,060 - LEMAHABANG,021 - BELAWA,002300 - RT 003 RW 06,SUHENDI,sanesnuabdhi@gmail.com,+62 813-2287-7862,DENI ZAKARIA,egha.fransisca69@gmail.com,+62 813-1928-9929
3209,060 - LEMAHABANG,021 - BELAWA,002400 - RT 004 RW 06,SUHENDI,sanesnuabdhi@gmail.com,+62 813-2287-7862,DENI ZAKARIA,egha.fransisca69@gmail.com,+62 813-1928-9929
3209,061 - SUSUKANLEBAK,001 - KARANGMANGU,000300 - RT 003 RW 001 BLOK DESA,ERNA ERNAYANTI,selfiola13@gmail.com,+62 838-2631-9618,DEA MAHARANI ,mdea03182@gmail.com,+62 895-2044-7934
3209,061 - SUSUKANLEBAK,001 - KARANGMANGU,000400 - RT 004 RW 001 BLOK DESA,ERNA ERNAYANTI,selfiola13@gmail.com,+62 838-2631-9618,DEA MAHARANI ,mdea03182@gmail.com,+62 895-2044-7934
3209,061 - SUSUKANLEBAK,001 - KARANGMANGU,000600 - RT 006 RW 002 BLOK DESA,ERNA ERNAYANTI,selfiola13@gmail.com,+62 838-2631-9618,DEA MAHARANI ,mdea03182@gmail.com,+62 895-2044-7934
3209,061 - SUSUKANLEBAK,001 - KARANGMANGU,000700 - RT 007 RW 002 BLOK DESA,ERNA ERNAYANTI,selfiola13@gmail.com,+62 838-2631-9618,DEA MAHARANI ,mdea03182@gmail.com,+62 895-2044-7934
3209,061 - SUSUKANLEBAK,001 - KARANGMANGU,000900 - RT 009 RW 003 BLOK KARANG ANYAR,ERNA ERNAYANTI,selfiola13@gmail.com,+62 838-2631-9618,IING ISMAIL,iingismail010478@gmail.com,+62 853-2449-1990
3209,061 - SUSUKANLEBAK,001 - KARANGMANGU,001000 - RT 010 RW 003 BLOK KARANG ANYAR,ERNA ERNAYANTI,selfiola13@gmail.com,+62 838-2631-9618,IING ISMAIL,iingismail010478@gmail.com,+62 853-2449-1990
3209,061 - SUSUKANLEBAK,001 - KARANGMANGU,001200 - RT 012 RW 004 BLOK CANTILAN,ERNA ERNAYANTI,selfiola13@gmail.com,+62 838-2631-9618,IING ISMAIL,iingismail010478@gmail.com,+62 853-2449-1990
3209,061 - SUSUKANLEBAK,001 - KARANGMANGU,001300 - RT 013 RW 004 BLOK CANTILAN,ERNA ERNAYANTI,selfiola13@gmail.com,+62 838-2631-9618,MOCH TAUFIK,mochtaufik431@gmail.com,+62 852-2394-4930
3209,061 - SUSUKANLEBAK,001 - KARANGMANGU,001400 - RT 014 RW 004 BLOK CANTILAN,ERNA ERNAYANTI,selfiola13@gmail.com,+62 838-2631-9618,MOCH TAUFIK,mochtaufik431@gmail.com,+62 852-2394-4930
3209,061 - SUSUKANLEBAK,001 - KARANGMANGU,001500 - RT 015 RW 005 BLOK CANTILAN,ERNA ERNAYANTI,selfiola13@gmail.com,+62 838-2631-9618,MOCH TAUFIK,mochtaufik431@gmail.com,+62 852-2394-4930
3209,061 - SUSUKANLEBAK,001 - KARANGMANGU,001901 - RT 019 RW 006 BLOK SAOLIH OLIH,ERNA ERNAYANTI,selfiola13@gmail.com,+62 838-2631-9618,MUHAMMAD SANUSI,muhammadsanusijamil@gmail.com,+62 812-2343-0515
3209,061 - SUSUKANLEBAK,002 - KALIGAWE,000100 - RT 001 RW 001 DUSUN 1,ERNA ERNAYANTI,selfiola13@gmail.com,+62 838-2631-9618,YENIKA WIDURI,yenikaw123@gmail.com,+62 896-3129-1001
3209,061 - SUSUKANLEBAK,002 - KALIGAWE,000200 - RT 002 RW 001 DUSUN 1,ERNA ERNAYANTI,selfiola13@gmail.com,+62 838-2631-9618,YENIKA WIDURI,yenikaw123@gmail.com,+62 896-3129-1001
3209,061 - SUSUKANLEBAK,002 - KALIGAWE,000300 - RT 003 RW 001 DUSUN 1,ERNA ERNAYANTI,selfiola13@gmail.com,+62 838-2631-9618,YENIKA WIDURI,yenikaw123@gmail.com,+62 896-3129-1001
3209,061 - SUSUKANLEBAK,002 - KALIGAWE,000500 - RT 001 RW 002 DUSUN 1,ERNA ERNAYANTI,selfiola13@gmail.com,+62 838-2631-9618,YENIKA WIDURI,yenikaw123@gmail.com,+62 896-3129-1001
3209,061 - SUSUKANLEBAK,002 - KALIGAWE,001200 - RT 002 RW 004 DUSUN 2,ERNA ERNAYANTI,selfiola13@gmail.com,+62 838-2631-9618,SUDRAJAT,23101976audrajat@gmail.com,+62 822-1401-7151_
3209,061 - SUSUKANLEBAK,003 - KALIGAWE WETAN,000300 - RT 001 RW 002 DUSUN 1,ROCKY SUGARA,rockysoeghara@gmail.com,0,TRI WULANDARI,twulandari465@gmail.com,0
3209,061 - SUSUKANLEBAK,003 - KALIGAWE WETAN,000600 - RT 001 RW 003 DUSUN 1,ROCKY SUGARA,rockysoeghara@gmail.com,0,TRI WULANDARI,twulandari465@gmail.com,0
3209,061 - SUSUKANLEBAK,003 - KALIGAWE WETAN,000700 - RT 002 RW 003 DUSUN 1,ROCKY SUGARA,rockysoeghara@gmail.com,0,YASMIN AGSAN PERTIWI,yasminagsanp@gmail.com,+62 877-5408-0872
3209,061 - SUSUKANLEBAK,003 - KALIGAWE WETAN,000800 - RT 003 RW 003 DUSUN 1,ROCKY SUGARA,rockysoeghara@gmail.com,0,YASMIN AGSAN PERTIWI,yasminagsanp@gmail.com,+62 877-5408-0872
3209,061 - SUSUKANLEBAK,003 - KALIGAWE WETAN,000900 - RT 001 RW 004 DUSUN 2,ROCKY SUGARA,rockysoeghara@gmail.com,0,YASMIN AGSAN PERTIWI,yasminagsanp@gmail.com,+62 877-5408-0872
3209,061 - SUSUKANLEBAK,003 - KALIGAWE WETAN,001000 - RT 002 RW 004 DUSUN 2,ROCKY SUGARA,rockysoeghara@gmail.com,0,YASMIN AGSAN PERTIWI,yasminagsanp@gmail.com,+62 877-5408-0872
3209,061 - SUSUKANLEBAK,003 - KALIGAWE WETAN,001100 - RT 003 RW 004 DUSUN 2,ROCKY SUGARA,rockysoeghara@gmail.com,0,YASMIN AGSAN PERTIWI,yasminagsanp@gmail.com,+62 877-5408-0872
3209,061 - SUSUKANLEBAK,003 - KALIGAWE WETAN,100100 - SAWAH,ROCKY SUGARA,rockysoeghara@gmail.com,0,YASMIN AGSAN PERTIWI,yasminagsanp@gmail.com,+62 877-5408-0872
3209,061 - SUSUKANLEBAK,004 - CURUG WETAN,000500 - RT 001 RW 002 DUSUN 1,ROCKY SUGARA,rockysoeghara@gmail.com,0,ROFI'ATUL AULIYASARI,rofiatul.auliasari@gmail.com,+62 895-2086-9836
3209,061 - SUSUKANLEBAK,004 - CURUG WETAN,000600 - RT 002 RW 002 DUSUN 1,ROCKY SUGARA,rockysoeghara@gmail.com,0,ROFI'ATUL AULIYASARI,rofiatul.auliasari@gmail.com,+62 895-2086-9836
3209,061 - SUSUKANLEBAK,004 - CURUG WETAN,001100 - RT 003 RW 003 DUSUN 2,ROCKY SUGARA,rockysoeghara@gmail.com,0,DIDI SUKARDI,dsukardi24@gmail.com,+62 856-9950-065
3209,061 - SUSUKANLEBAK,004 - CURUG WETAN,001300 - RT 001 RW 004 DUSUN 2,ROCKY SUGARA,rockysoeghara@gmail.com,0,DIDI SUKARDI,dsukardi24@gmail.com,+62 856-9950-065
3209,061 - SUSUKANLEBAK,004 - CURUG WETAN,001400 - RT 002 RW 004 DUSUN 2,ROCKY SUGARA,rockysoeghara@gmail.com,0,DIDI SUKARDI,dsukardi24@gmail.com,+62 856-9950-065
3209,061 - SUSUKANLEBAK,005 - CURUG,000100 - RT 001 RW 001 DUSUN 001,ROCKY SUGARA,rockysoeghara@gmail.com,0,WAWAN GUNAWAN ,gunawanitc05@gmail.com,+62 897-7016-046
3209,061 - SUSUKANLEBAK,005 - CURUG,000200 - RT 002 RW 001 DUSUN 001,ROCKY SUGARA,rockysoeghara@gmail.com,0,WAWAN GUNAWAN ,gunawanitc05@gmail.com,+62 897-7016-046
3209,061 - SUSUKANLEBAK,005 - CURUG,000300 - RT 003 RW 001 DUSUN 001,ROCKY SUGARA,rockysoeghara@gmail.com,0,WAWAN GUNAWAN ,gunawanitc05@gmail.com,+62 897-7016-046
3209,061 - SUSUKANLEBAK,005 - CURUG,000400 - RT 004 RW 001 DUSUN 001,ROCKY SUGARA,rockysoeghara@gmail.com,0,WAWAN GUNAWAN ,gunawanitc05@gmail.com,+62 897-7016-046
3209,061 - SUSUKANLEBAK,005 - CURUG,000900 - RT 001 RW 003 DUSUN 002,ROCKY SUGARA,rockysoeghara@gmail.com,0,WAWAN GUNAWAN ,gunawanitc05@gmail.com,+62 897-7016-046
3209,061 - SUSUKANLEBAK,005 - CURUG,001100 - RT 003 RW 003 DUSUN 002,ROCKY SUGARA,rockysoeghara@gmail.com,0,WAWAN GUNAWAN ,gunawanitc05@gmail.com,+62 897-7016-046
3209,061 - SUSUKANLEBAK,005 - CURUG,001300 - RT 001 RW 004 DUSUN 002,ROCKY SUGARA,rockysoeghara@gmail.com,0,WAWAN GUNAWAN ,gunawanitc05@gmail.com,+62 897-7016-046
3209,061 - SUSUKANLEBAK,006 - WILULANG,000100 - RT 001 RW 001 BLOK MANIS,ROCKY SUGARA,rockysoeghara@gmail.com,0,DIDIN SOFIUDIN,didinsofiudin9@gmail.com,+62 813-8457-9335
3209,061 - SUSUKANLEBAK,006 - WILULANG,000500 - RT 002 RW 002 BLOK WAGE,ROCKY SUGARA,rockysoeghara@gmail.com,0,DIDIN SOFIUDIN,didinsofiudin9@gmail.com,+62 813-8457-9335
3209,061 - SUSUKANLEBAK,007 - SUSUKAN AGUNG,000100 - RT 001 RW 001 DUSUN I,DENI PRIYANI,denipriyana8379@gmail.com,+62 838-7135-9798,TRI UTAMI DEWI,arifbaket03@gmail.com,+62 085-2959-76293
3209,061 - SUSUKANLEBAK,007 - SUSUKAN AGUNG,000600 - RT 006 RW 002 DUSUN I,DENI PRIYANI,denipriyana8379@gmail.com,+62 838-7135-9798,RINANTO,rinantototo87@gmail.com,+62 821-1756-6669
3209,061 - SUSUKANLEBAK,007 - SUSUKAN AGUNG,000700 - RT 007 RW 003 DUSUN I,DENI PRIYANI,denipriyana8379@gmail.com,+62 838-7135-9798,WULLAN SUCI RAHMAYANI,wulansucirahmayani2@gmail.com,+62 831-5710-2917
3209,061 - SUSUKANLEBAK,008 - SUSUKAN LEBAK,000200 - RT 002 RW 001 BLOK MANIS,DENI PRIYANI,denipriyana8379@gmail.com,+62 838-7135-9798,AHMAD JAELANI,ajaysule995@gmail.com,+62 815-7368-2871
3209,061 - SUSUKANLEBAK,008 - SUSUKAN LEBAK,000300 - RT 003 RW 001 BLOK MANIS,DENI PRIYANI,denipriyana8379@gmail.com,+62 838-7135-9798,AHMAD JAELANI,ajaysule995@gmail.com,+62 815-7368-2871
3209,061 - SUSUKANLEBAK,008 - SUSUKAN LEBAK,000400 - RT 004 RW 001 BLOK MANIS,DENI PRIYANI,denipriyana8379@gmail.com,+62 838-7135-9798,AHMAD JAELANI,ajaysule995@gmail.com,+62 815-7368-2871
3209,061 - SUSUKANLEBAK,008 - SUSUKAN LEBAK,000500 - RT 005 RW 001 BLOK MANIS,DENI PRIYANI,denipriyana8379@gmail.com,+62 838-7135-9798,AHMAD JAELANI,ajaysule995@gmail.com,+62 815-7368-2871
3209,061 - SUSUKANLEBAK,008 - SUSUKAN LEBAK,000600 - RT 001 RW 002 BLOK MANIS,DENI PRIYANI,denipriyana8379@gmail.com,+62 838-7135-9798,AHMAD JAELANI,ajaysule995@gmail.com,+62 815-7368-2871
3209,061 - SUSUKANLEBAK,008 - SUSUKAN LEBAK,000700 - RT 002 RW 002 BLOK MANIS,DENI PRIYANI,denipriyana8379@gmail.com,+62 838-7135-9798,AHMAD JAELANI,ajaysule995@gmail.com,+62 815-7368-2871
3209,061 - SUSUKANLEBAK,008 - SUSUKAN LEBAK,000800 - RT 003 RW 002 BLOK MANIS,DENI PRIYANI,denipriyana8379@gmail.com,+62 838-7135-9798,AHMAD JAELANI,ajaysule995@gmail.com,+62 815-7368-2871
3209,061 - SUSUKANLEBAK,008 - SUSUKAN LEBAK,000900 - RT 004 RW 002 BLOK MANIS,DENI PRIYANI,denipriyana8379@gmail.com,+62 838-7135-9798,AHMAD JAELANI,ajaysule995@gmail.com,+62 815-7368-2871
3209,061 - SUSUKANLEBAK,008 - SUSUKAN LEBAK,001000 - RT 005 RW 002 BLOK MANIS,DENI PRIYANI,denipriyana8379@gmail.com,+62 838-7135-9798,AHMAD JAELANI,ajaysule995@gmail.com,+62 815-7368-2871
3209,061 - SUSUKANLEBAK,008 - SUSUKAN LEBAK,001300 - RT 003 RW 003 BLOK PAHING,DENI PRIYANI,denipriyana8379@gmail.com,+62 838-7135-9798,MUHAMAD RUSNAWAN TAUFIK ,rusnawantaufik3@gmail.com,+62 896-5876-0668
3209,061 - SUSUKANLEBAK,008 - SUSUKAN LEBAK,001500 - RT 001 RW 004 BLOK PAHING,DENI PRIYANI,denipriyana8379@gmail.com,+62 838-7135-9798,MUHAMAD RUSNAWAN TAUFIK ,rusnawantaufik3@gmail.com,+62 896-5876-0668
3209,061 - SUSUKANLEBAK,008 - SUSUKAN LEBAK,001600 - RT 002 RW 004 BLOK PAHING,DENI PRIYANI,denipriyana8379@gmail.com,+62 838-7135-9798,MUHAMAD RUSNAWAN TAUFIK ,rusnawantaufik3@gmail.com,+62 896-5876-0668
3209,061 - SUSUKANLEBAK,008 - SUSUKAN LEBAK,001700 - RT 003 RW 004 BLOK PAHING,DENI PRIYANI,denipriyana8379@gmail.com,+62 838-7135-9798,MUHAMAD RUSNAWAN TAUFIK ,rusnawantaufik3@gmail.com,+62 896-5876-0668
3209,061 - SUSUKANLEBAK,008 - SUSUKAN LEBAK,001900 - RT 005 RW 004 BLOK PAHING,DENI PRIYANI,denipriyana8379@gmail.com,+62 838-7135-9798,MUHAMAD RUSNAWAN TAUFIK ,rusnawantaufik3@gmail.com,+62 896-5876-0668
3209,061 - SUSUKANLEBAK,009 - SUSUKAN TONGGOH,000600 - RT 002 RW 003 BLOK DUHUN,ERNA ERNAYANTI,selfiola13@gmail.com,+62 838-2631-9618,BAYU OCTAVIANDA,bayuoctavianda@gmail.com,+62 821-1174-4387
3209,061 - SUSUKANLEBAK,009 - SUSUKAN TONGGOH,000700 - RT 001 RW 004 BLOK WAGE,ERNA ERNAYANTI,selfiola13@gmail.com,+62 838-2631-9618,BAYU OCTAVIANDA,bayuoctavianda@gmail.com,+62 821-1174-4387
3209,061 - SUSUKANLEBAK,010 - SAMPIH,000300 - RT 003 RW 002 BLOK PAHING,DENI PRIYANI,denipriyana8379@gmail.com,+62 838-7135-9798,NOOR ISTIFAIYAH,noor.istifaiyah@gmail.com,+62 858-8933-3507
3209,061 - SUSUKANLEBAK,010 - SAMPIH,100100 - SAWAH 1,DENI PRIYANI,denipriyana8379@gmail.com,+62 838-7135-9798,IWAN KURNIAWAN,iwankurniawan03877@gmail.com,+62 838-2499-7189
3209,061 - SUSUKANLEBAK,010 - SAMPIH,100200 - SAWAH 2,DENI PRIYANI,denipriyana8379@gmail.com,+62 838-7135-9798,NOOR ISTIFAIYAH,noor.istifaiyah@gmail.com,+62 858-8933-3507
3209,061 - SUSUKANLEBAK,012 - CIAWI ASIH,001600 - RT 001 RW 004 DUSUN 001,ADE MULYONO,ademulyono030@gmail.com,0,AHMAD KAELANI,ahmadkaelani295@gmail.com,+62 853-1614-4921
3209,061 - SUSUKANLEBAK,012 - CIAWI ASIH,001700 - RT 002 RW 004 DUSUN 001,ADE MULYONO,ademulyono030@gmail.com,0,AHMAD KAELANI,ahmadkaelani295@gmail.com,+62 853-1614-4921
3209,061 - SUSUKANLEBAK,012 - CIAWI ASIH,001800 - RT 003 RW 004 DUSUN 001,ADE MULYONO,ademulyono030@gmail.com,0,AHMAD KAELANI,ahmadkaelani295@gmail.com,+62 853-1614-4921
3209,061 - SUSUKANLEBAK,012 - CIAWI ASIH,001900 - RT 004 RW 004 DUSUN 001,ADE MULYONO,ademulyono030@gmail.com,0,AHMAD KAELANI,ahmadkaelani295@gmail.com,+62 853-1614-4921
3209,061 - SUSUKANLEBAK,012 - CIAWI ASIH,002100 - RT 001 RW 005 DUSUN 002,ADE MULYONO,ademulyono030@gmail.com,0,DIVA BAIHAQI,babahcitaman@gmail.com,+62 821-2518-4884
3209,061 - SUSUKANLEBAK,012 - CIAWI ASIH,002200 - RT 002 RW 005 DUSUN 002,ADE MULYONO,ademulyono030@gmail.com,0,DIVA BAIHAQI,babahcitaman@gmail.com,+62 821-2518-4884
3209,061 - SUSUKANLEBAK,012 - CIAWI ASIH,100200 - SAWAH,ADE MULYONO,ademulyono030@gmail.com,0,DIVA BAIHAQI,babahcitaman@gmail.com,+62 821-2518-4884
3209,061 - SUSUKANLEBAK,013 - CIAWIJAPURA,000400 - RT 004 RW 002 BLOK 001,ADE MULYONO,ademulyono030@gmail.com,0,NUR KOSIM JAUHARI,nurkosimjauhari@gmail.com,+62 858-6485-6664
3209,061 - SUSUKANLEBAK,013 - CIAWIJAPURA,000500 - RT 005 RW 002 BLOK 001,ADE MULYONO,ademulyono030@gmail.com,0,NUR KOSIM JAUHARI,nurkosimjauhari@gmail.com,+62 858-6485-6664
3209,061 - SUSUKANLEBAK,013 - CIAWIJAPURA,000600 - RT 006 RW 002 BLOK 001,ADE MULYONO,ademulyono030@gmail.com,0,NUR KOSIM JAUHARI,nurkosimjauhari@gmail.com,+62 858-6485-6664
3209,061 - SUSUKANLEBAK,013 - CIAWIJAPURA,000700 - RT 007 RW 002 BLOK 001,ADE MULYONO,ademulyono030@gmail.com,0,NUR KOSIM JAUHARI,nurkosimjauhari@gmail.com,+62 858-6485-6664
3209,061 - SUSUKANLEBAK,013 - CIAWIJAPURA,000800 - RT 008 RW 002 BLOK 001,ADE MULYONO,ademulyono030@gmail.com,0,NUR KOSIM JAUHARI,nurkosimjauhari@gmail.com,+62 858-6485-6664
3209,061 - SUSUKANLEBAK,013 - CIAWIJAPURA,000900 - RT 009 RW 003 BLOK 001,ADE MULYONO,ademulyono030@gmail.com,0,NUR KOSIM JAUHARI,nurkosimjauhari@gmail.com,+62 858-6485-6664
3209,061 - SUSUKANLEBAK,013 - CIAWIJAPURA,001100 - RT 011 RW 003 BLOK 002,ADE MULYONO,ademulyono030@gmail.com,0,YOGI ARISANDI,yogiarisandi744@gmail.com,+62 821-2270-7942
3209,061 - SUSUKANLEBAK,013 - CIAWIJAPURA,001200 - RT 012 RW 003 BLOK 002,ADE MULYONO,ademulyono030@gmail.com,0,YOGI ARISANDI,yogiarisandi744@gmail.com,+62 821-2270-7942
3209,061 - SUSUKANLEBAK,013 - CIAWIJAPURA,001300 - RT 013 RW 004 BLOK 002,ADE MULYONO,ademulyono030@gmail.com,0,YOGI ARISANDI,yogiarisandi744@gmail.com,+62 821-2270-7942
3209,061 - SUSUKANLEBAK,013 - CIAWIJAPURA,001400 - RT 014 RW 004 BLOK 002,ADE MULYONO,ademulyono030@gmail.com,0,YOGI ARISANDI,yogiarisandi744@gmail.com,+62 821-2270-7942
3209,061 - SUSUKANLEBAK,013 - CIAWIJAPURA,002100 - RT 021 RW 006 BLOK 003,ADE MULYONO,ademulyono030@gmail.com,0,ANDHIKA KEVIN FIRDAUS,kevinieka1616@gmail.com,+62 859-1528-05091
3209,061 - SUSUKANLEBAK,013 - CIAWIJAPURA,002200 - RT 022 RW 006 BLOK 003,ADE MULYONO,ademulyono030@gmail.com,0,ANDHIKA KEVIN FIRDAUS,kevinieka1616@gmail.com,+62 859-1528-05091
3209,061 - SUSUKANLEBAK,013 - CIAWIJAPURA,002300 - RT 023 RW 006 BLOK 003,ADE MULYONO,ademulyono030@gmail.com,0,ANDHIKA KEVIN FIRDAUS,kevinieka1616@gmail.com,+62 859-1528-05091
3209,070 - SEDONG,001 - KARANGWUNI,000200 - RT 002 RW 001 DUSUN 1,EMAN SULAEMAN,jayasejati7@gmail.com,+62 852-9566-7742,OMAH ROHAMAH,omahrohamah15@gmail.com,+62 852-2424-7928
3209,070 - SEDONG,001 - KARANGWUNI,000300 - RT 003 RW 001 DUSUN 1,EMAN SULAEMAN,jayasejati7@gmail.com,+62 852-9566-7742,OMAH ROHAMAH,omahrohamah15@gmail.com,+62 852-2424-7928
3209,070 - SEDONG,001 - KARANGWUNI,000500 - RT 005 RW 001 DUSUN 1,EMAN SULAEMAN,jayasejati7@gmail.com,+62 852-9566-7742,OMAH ROHAMAH,omahrohamah15@gmail.com,+62 852-2424-7928
3209,070 - SEDONG,001 - KARANGWUNI,000700 - RT 001 RW 002 DUSUN 1,EMAN SULAEMAN,jayasejati7@gmail.com,+62 852-9566-7742,DASINAH,dasinah1926@gmail.com,+62 857-2120-4608
3209,070 - SEDONG,001 - KARANGWUNI,001400 - RT 001 RW 003 DUSUN 1,EMAN SULAEMAN,jayasejati7@gmail.com,+62 852-9566-7742,DASINAH,dasinah1926@gmail.com,+62 857-2120-4608
3209,070 - SEDONG,001 - KARANGWUNI,001800 - RT 001 RW 004 DUSUN 2,EMAN SULAEMAN,jayasejati7@gmail.com,+62 852-9566-7742,OMAH ROHAMAH,omahrohamah15@gmail.com,+62 852-2424-7928
3209,070 - SEDONG,001 - KARANGWUNI,002100 - RT 004 RW 004 DUSUN 2,EMAN SULAEMAN,jayasejati7@gmail.com,+62 852-9566-7742,AMI SUHEMI,amysuhemi541@gmail.com,+62 812-8650-6589
3209,070 - SEDONG,001 - KARANGWUNI,002200 - RT 005 RW 004 DUSUN 2,EMAN SULAEMAN,jayasejati7@gmail.com,+62 852-9566-7742,AMI SUHEMI,amysuhemi541@gmail.com,+62 812-8650-6589
3209,070 - SEDONG,001 - KARANGWUNI,002300 - RT 006 RW 004 DUSUN 2,EMAN SULAEMAN,jayasejati7@gmail.com,+62 852-9566-7742,AMI SUHEMI,amysuhemi541@gmail.com,+62 812-8650-6589
3209,070 - SEDONG,001 - KARANGWUNI,002400 - RT 001 RW 005 DUSUN 2,EMAN SULAEMAN,jayasejati7@gmail.com,+62 852-9566-7742,AMI SUHEMI,amysuhemi541@gmail.com,+62 812-8650-6589
3209,070 - SEDONG,001 - KARANGWUNI,002500 - RT 002 RW 005 DUSUN 2,EMAN SULAEMAN,jayasejati7@gmail.com,+62 852-9566-7742,AMI SUHEMI,amysuhemi541@gmail.com,+62 812-8650-6589
3209,070 - SEDONG,001 - KARANGWUNI,002600 - RT 003 RW 005 DUSUN 2,EMAN SULAEMAN,jayasejati7@gmail.com,+62 852-9566-7742,AMI SUHEMI,amysuhemi541@gmail.com,+62 812-8650-6589
3209,070 - SEDONG,001 - KARANGWUNI,002700 - RT 004 RW 005 DUSUN 2,EMAN SULAEMAN,jayasejati7@gmail.com,+62 852-9566-7742,AMI SUHEMI,amysuhemi541@gmail.com,+62 812-8650-6589
3209,070 - SEDONG,001 - KARANGWUNI,003200 - RT 003 RW 006 DUSUN 3,EMAN SULAEMAN,jayasejati7@gmail.com,+62 852-9566-7742,MUHAMAD SABARNA,sabaraspal16625@gmail.com,+62 821-1985-6154
3209,070 - SEDONG,001 - KARANGWUNI,200300 - VEGETASI NON PERTANIAN BLOK DATAR KIDUL,EMAN SULAEMAN,jayasejati7@gmail.com,+62 852-9566-7742,DASINAH,dasinah1926@gmail.com,+62 857-2120-4608
3209,070 - SEDONG,002 - SEDONG KIDUL,000100 - RT 001 RW 001 DUSUN 1,EMAN SULAEMAN,jayasejati7@gmail.com,+62 852-9566-7742,DEA MERLIANA,merlianadea349@gmail.com,+62 856-5959-0483
3209,070 - SEDONG,002 - SEDONG KIDUL,000200 - RT 002 RW 001 DUSUN 1,EMAN SULAEMAN,jayasejati7@gmail.com,+62 852-9566-7742,DEA MERLIANA,merlianadea349@gmail.com,+62 856-5959-0483
3209,070 - SEDONG,002 - SEDONG KIDUL,000300 - RT 003 RW 001 DUSUN 1,EMAN SULAEMAN,jayasejati7@gmail.com,+62 852-9566-7742,DEA MERLIANA,merlianadea349@gmail.com,+62 856-5959-0483
3209,070 - SEDONG,002 - SEDONG KIDUL,000400 - RT 004 RW 001 DUSUN 1,EMAN SULAEMAN,jayasejati7@gmail.com,+62 852-9566-7742,DEA MERLIANA,merlianadea349@gmail.com,+62 856-5959-0483
3209,070 - SEDONG,002 - SEDONG KIDUL,000500 - RT 005 RW 001 DUSUN 1,EMAN SULAEMAN,jayasejati7@gmail.com,+62 852-9566-7742,DEBI MAOLANA AKBAR ,debimaolanaakbar86@gmail.com,+62 083-1129-05292
3209,070 - SEDONG,002 - SEDONG KIDUL,000600 - RT 001 RW 002 DUSUN 1,EMAN SULAEMAN,jayasejati7@gmail.com,+62 852-9566-7742,DEA MERLIANA,merlianadea349@gmail.com,+62 856-5959-0483
3209,070 - SEDONG,002 - SEDONG KIDUL,000700 - RT 002 RW 002 DUSUN 1,EMAN SULAEMAN,jayasejati7@gmail.com,+62 852-9566-7742,DEBI MAOLANA AKBAR ,debimaolanaakbar86@gmail.com,+62 083-1129-05292
3209,070 - SEDONG,002 - SEDONG KIDUL,000800 - RT 003 RW 002 DUSUN 1,EMAN SULAEMAN,jayasejati7@gmail.com,+62 852-9566-7742,DEBI MAOLANA AKBAR ,debimaolanaakbar86@gmail.com,+62 083-1129-05292
3209,070 - SEDONG,002 - SEDONG KIDUL,001000 - RT 005 RW 002 DUSUN 1,EMAN SULAEMAN,jayasejati7@gmail.com,+62 852-9566-7742,DEBI MAOLANA AKBAR ,debimaolanaakbar86@gmail.com,+62 083-1129-05292
3209,070 - SEDONG,002 - SEDONG KIDUL,001200 - RT 002 RW 003 DUSUN 2,EMAN SULAEMAN,jayasejati7@gmail.com,+62 852-9566-7742,DEBI MAOLANA AKBAR ,debimaolanaakbar86@gmail.com,+62 083-1129-05292
3209,070 - SEDONG,002 - SEDONG KIDUL,001500 - RT 001 RW 004 DUSUN 2,EMAN SULAEMAN,jayasejati7@gmail.com,+62 852-9566-7742,DEBI MAOLANA AKBAR ,debimaolanaakbar86@gmail.com,+62 083-1129-05292
3209,070 - SEDONG,002 - SEDONG KIDUL,001600 - RT 002 RW 004 DUSUN 2,EMAN SULAEMAN,jayasejati7@gmail.com,+62 852-9566-7742,DEBI MAOLANA AKBAR ,debimaolanaakbar86@gmail.com,+62 083-1129-05292
3209,070 - SEDONG,002 - SEDONG KIDUL,001700 - RT 003 RW 004 DUSUN 2,EMAN SULAEMAN,jayasejati7@gmail.com,+62 852-9566-7742,DEBI MAOLANA AKBAR ,debimaolanaakbar86@gmail.com,+62 083-1129-05292
3209,070 - SEDONG,002 - SEDONG KIDUL,001800 - RT 001 RW 005 DUSUN 2,EMAN SULAEMAN,jayasejati7@gmail.com,+62 852-9566-7742,AMI SUHEMI,amysuhemi541@gmail.com,+62 812-8650-6589
3209,070 - SEDONG,002 - SEDONG KIDUL,001900 - RT 002 RW 005 DUSUN 2,EMAN SULAEMAN,jayasejati7@gmail.com,+62 852-9566-7742,AMI SUHEMI,amysuhemi541@gmail.com,+62 812-8650-6589
3209,070 - SEDONG,002 - SEDONG KIDUL,002000 - RT 003 RW 005 DUSUN 2,EMAN SULAEMAN,jayasejati7@gmail.com,+62 852-9566-7742,AMI SUHEMI,amysuhemi541@gmail.com,+62 812-8650-6589
3209,070 - SEDONG,002 - SEDONG KIDUL,002200 - RT 002 RW 006 DUSUN 2,EMAN SULAEMAN,jayasejati7@gmail.com,+62 852-9566-7742,MUHAMAD SABARNA,sabaraspal16625@gmail.com,+62 821-1985-6154
3209,070 - SEDONG,002 - SEDONG KIDUL,002400 - RT 004 RW 006 DUSUN 2,EMAN SULAEMAN,jayasejati7@gmail.com,+62 852-9566-7742,MUHAMAD SABARNA,sabaraspal16625@gmail.com,+62 821-1985-6154
3209,070 - SEDONG,002 - SEDONG KIDUL,002500 - RT 001 RW 007 DUSUN 3,EMAN SULAEMAN,jayasejati7@gmail.com,+62 852-9566-7742,MUHAMAD SABARNA,sabaraspal16625@gmail.com,+62 821-1985-6154
3209,070 - SEDONG,002 - SEDONG KIDUL,002600 - RT 002 RW 007 DUSUN 3,EMAN SULAEMAN,jayasejati7@gmail.com,+62 852-9566-7742,MUHAMAD SABARNA,sabaraspal16625@gmail.com,+62 821-1985-6154
3209,070 - SEDONG,002 - SEDONG KIDUL,002700 - RT 003 RW 007 DUSUN 3,EMAN SULAEMAN,jayasejati7@gmail.com,+62 852-9566-7742,MUHAMAD SABARNA,sabaraspal16625@gmail.com,+62 821-1985-6154
3209,070 - SEDONG,002 - SEDONG KIDUL,002800 - RT 001 RW 008 DUSUN 3,EMAN SULAEMAN,jayasejati7@gmail.com,+62 852-9566-7742,MUHAMAD SABARNA,sabaraspal16625@gmail.com,+62 821-1985-6154
3209,070 - SEDONG,002 - SEDONG KIDUL,002900 - RT 002 RW 008 DUSUN 3,EMAN SULAEMAN,jayasejati7@gmail.com,+62 852-9566-7742,MUHAMAD SABARNA,sabaraspal16625@gmail.com,+62 821-1985-6154
3209,070 - SEDONG,002 - SEDONG KIDUL,003000 - RT 003 RW 008 DUSUN 3,EMAN SULAEMAN,jayasejati7@gmail.com,+62 852-9566-7742,MUHAMAD SABARNA,sabaraspal16625@gmail.com,+62 821-1985-6154
3209,070 - SEDONG,002 - SEDONG KIDUL,003100 - RT 004 RW 008 DUSUN 3,EMAN SULAEMAN,jayasejati7@gmail.com,+62 852-9566-7742,MUHAMAD SABARNA,sabaraspal16625@gmail.com,+62 821-1985-6154
3209,070 - SEDONG,002 - SEDONG KIDUL,100200 - SAWAH SEDONG KIDUL BLOK CIBELUT,EMAN SULAEMAN,jayasejati7@gmail.com,+62 852-9566-7742,MUHAMAD SABARNA,sabaraspal16625@gmail.com,+62 821-1985-6154
3209,070 - SEDONG,002 - SEDONG KIDUL,100300 - KEBUN MANGGA GINCU,EMAN SULAEMAN,jayasejati7@gmail.com,+62 852-9566-7742,DEBI MAOLANA AKBAR ,debimaolanaakbar86@gmail.com,+62 083-1129-05292
3209,070 - SEDONG,002 - SEDONG KIDUL,200100 - HUTAN SEDING KIDUL BLOK DATAR,EMAN SULAEMAN,jayasejati7@gmail.com,+62 852-9566-7742,MUHAMAD SABARNA,sabaraspal16625@gmail.com,+62 821-1985-6154
3209,070 - SEDONG,003 - SEDONG LOR,000200 - RT 002 RW 001 DUSUN 1,EMAN SULAEMAN,jayasejati7@gmail.com,+62 852-9566-7742,DEA MERLIANA,merlianadea349@gmail.com,+62 856-5959-0483
3209,070 - SEDONG,003 - SEDONG LOR,000300 - RT 003 RW 002 DUSUN 1,EMAN SULAEMAN,jayasejati7@gmail.com,+62 852-9566-7742,SONI KUSMAYA,sonikusmaya606@gmail.com,0
3209,070 - SEDONG,003 - SEDONG LOR,000400 - RT 004 RW 002 DUSUN 1,EMAN SULAEMAN,jayasejati7@gmail.com,+62 852-9566-7742,DEA MERLIANA,merlianadea349@gmail.com,+62 856-5959-0483
3209,070 - SEDONG,003 - SEDONG LOR,000500 - RT 001 RW 003 DUSUN 2A,EMAN SULAEMAN,jayasejati7@gmail.com,+62 852-9566-7742,DEA MERLIANA,merlianadea349@gmail.com,+62 856-5959-0483
3209,070 - SEDONG,003 - SEDONG LOR,000700 - RT 003 RW 003 DUSUN 2A,NURHANI,nur892414@gmail.com,+62 852-2104-9650,RIA ADITIYA,riaaditiya7@gmail.com,+62 838-3791-9473
3209,070 - SEDONG,003 - SEDONG LOR,000800 - RT 004 RW 004 DUSUN 2B,EMAN SULAEMAN,jayasejati7@gmail.com,+62 852-9566-7742,SONI KUSMAYA,sonikusmaya606@gmail.com,0
3209,070 - SEDONG,003 - SEDONG LOR,000900 - RT 005 RW 004 DUSUN 2B,EMAN SULAEMAN,jayasejati7@gmail.com,+62 852-9566-7742,SONI KUSMAYA,sonikusmaya606@gmail.com,0
3209,070 - SEDONG,003 - SEDONG LOR,001400 - RT 004 RW 006 DUSUN 3,EMAN SULAEMAN,jayasejati7@gmail.com,+62 852-9566-7742,SONI KUSMAYA,sonikusmaya606@gmail.com,0
3209,070 - SEDONG,003 - SEDONG LOR,001500 - RT 005 RW 006 DUSUN 3,EMAN SULAEMAN,jayasejati7@gmail.com,+62 852-9566-7742,SONI KUSMAYA,sonikusmaya606@gmail.com,0
3209,070 - SEDONG,003 - SEDONG LOR,001600 - RT 006 RW 006 DUSUN 3,EMAN SULAEMAN,jayasejati7@gmail.com,+62 852-9566-7742,SONI KUSMAYA,sonikusmaya606@gmail.com,0
3209,070 - SEDONG,003 - SEDONG LOR,100700 - VEGETASI PERTANIAN SAWAH / MANGGA SUKAMULYA,EMAN SULAEMAN,jayasejati7@gmail.com,+62 852-9566-7742,DEA MERLIANA,merlianadea349@gmail.com,+62 856-5959-0483
3209,070 - SEDONG,003 - SEDONG LOR,100800 - VEGETASI NON PERTANIAN BLOK SINGARAJA,EMAN SULAEMAN,jayasejati7@gmail.com,+62 852-9566-7742,DEA MERLIANA,merlianadea349@gmail.com,+62 856-5959-0483
3209,070 - SEDONG,003 - SEDONG LOR,600400 - VEGETASI PERAIRAN,EMAN SULAEMAN,jayasejati7@gmail.com,+62 852-9566-7742,SONI KUSMAYA,sonikusmaya606@gmail.com,0
3209,070 - SEDONG,004 - WINDUJAYA,000100 - RT 001 RW 001 DUSUN 001,WINDY LISTANTI DWI JUNIAR,windy.ld.juniar123@gmail.com,+62 838-3905-6303,ALVIYAH HARDI,alviyahhardi184@gmail.com,+62 838-2408-0323
3209,070 - SEDONG,004 - WINDUJAYA,000200 - RT 002 RW 001 DUSUN 001,WINDY LISTANTI DWI JUNIAR,windy.ld.juniar123@gmail.com,+62 838-3905-6303,ALVIYAH HARDI,alviyahhardi184@gmail.com,+62 838-2408-0323
3209,070 - SEDONG,004 - WINDUJAYA,000300 - RT 003 RW 001 DUSUN 001,WINDY LISTANTI DWI JUNIAR,windy.ld.juniar123@gmail.com,+62 838-3905-6303,ALVIYAH HARDI,alviyahhardi184@gmail.com,+62 838-2408-0323
3209,070 - SEDONG,004 - WINDUJAYA,000400 - RT 001 RW 002 DUSUN 001,WINDY LISTANTI DWI JUNIAR,windy.ld.juniar123@gmail.com,+62 838-3905-6303,TAMARA,t7992130@gmail.com,+62 831-0191-9258
3209,070 - SEDONG,004 - WINDUJAYA,000500 - RT 002 RW 002 DUSUN 001,WINDY LISTANTI DWI JUNIAR,windy.ld.juniar123@gmail.com,+62 838-3905-6303,JUSTINA RAHMAWATI,justinarahma863@gmail.com,+62 838-2034-2266
3209,070 - SEDONG,004 - WINDUJAYA,000600 - RT 003 RW 002 DUSUN 001,WINDY LISTANTI DWI JUNIAR,windy.ld.juniar123@gmail.com,+62 838-3905-6303,JUSTINA RAHMAWATI,justinarahma863@gmail.com,+62 838-2034-2266
3209,070 - SEDONG,004 - WINDUJAYA,000700 - RT 001 RW 003 DUSUN 002,WINDY LISTANTI DWI JUNIAR,windy.ld.juniar123@gmail.com,+62 838-3905-6303,ALVIYAH HARDI,alviyahhardi184@gmail.com,+62 838-2408-0323
3209,070 - SEDONG,004 - WINDUJAYA,000800 - RT 002 RW 003 DUSUN 002,WINDY LISTANTI DWI JUNIAR,windy.ld.juniar123@gmail.com,+62 838-3905-6303,JUSTINA RAHMAWATI,justinarahma863@gmail.com,+62 838-2034-2266
3209,070 - SEDONG,004 - WINDUJAYA,001100 - RT 002 RW 004 DUSUN 002,WINDY LISTANTI DWI JUNIAR,windy.ld.juniar123@gmail.com,+62 838-3905-6303,JUSTINA RAHMAWATI,justinarahma863@gmail.com,+62 838-2034-2266
3209,070 - SEDONG,004 - WINDUJAYA,001300 - RT 001 RW 005 DUSUN 003,WINDY LISTANTI DWI JUNIAR,windy.ld.juniar123@gmail.com,+62 838-3905-6303,ALVIYAH HARDI,alviyahhardi184@gmail.com,+62 838-2408-0323
3209,070 - SEDONG,004 - WINDUJAYA,001400 - RT 002 RW 005 DUSUN 003,WINDY LISTANTI DWI JUNIAR,windy.ld.juniar123@gmail.com,+62 838-3905-6303,ALVIYAH HARDI,alviyahhardi184@gmail.com,+62 838-2408-0323
3209,070 - SEDONG,005 - WINDUHAJI,000100 - RT 001 RW 001 DUSUN 001,WINDY LISTANTI DWI JUNIAR,windy.ld.juniar123@gmail.com,+62 838-3905-6303,TAMARA,t7992130@gmail.com,+62 831-0191-9258
3209,070 - SEDONG,005 - WINDUHAJI,000200 - RT 002 RW 001 DUSUN 001,WINDY LISTANTI DWI JUNIAR,windy.ld.juniar123@gmail.com,+62 838-3905-6303,TAMARA,t7992130@gmail.com,+62 831-0191-9258
3209,070 - SEDONG,005 - WINDUHAJI,000400 - RT 001 RW 002 DUSUN 001,WINDY LISTANTI DWI JUNIAR,windy.ld.juniar123@gmail.com,+62 838-3905-6303,TAMARA,t7992130@gmail.com,+62 831-0191-9258
3209,070 - SEDONG,005 - WINDUHAJI,000500 - RT 002 RW 002 DUSUN 001,WINDY LISTANTI DWI JUNIAR,windy.ld.juniar123@gmail.com,+62 838-3905-6303,TAMARA,t7992130@gmail.com,+62 831-0191-9258
3209,070 - SEDONG,005 - WINDUHAJI,000700 - RT 004 RW 002 DUSUN 001,WINDY LISTANTI DWI JUNIAR,windy.ld.juniar123@gmail.com,+62 838-3905-6303,TAMARA,t7992130@gmail.com,+62 831-0191-9258
3209,070 - SEDONG,005 - WINDUHAJI,000800 - RT 001 RW 001 DUSUN 002,WINDY LISTANTI DWI JUNIAR,windy.ld.juniar123@gmail.com,+62 838-3905-6303,JAMHADI ,alpatihaljanujamhadi225@gmail.com,+62 382-3146-030
3209,070 - SEDONG,005 - WINDUHAJI,000900 - RT 002 RW 001 DUSUN 002,WINDY LISTANTI DWI JUNIAR,windy.ld.juniar123@gmail.com,+62 838-3905-6303,JAMHADI ,alpatihaljanujamhadi225@gmail.com,+62 382-3146-030
3209,070 - SEDONG,005 - WINDUHAJI,001000 - RT 003 RW 001 DUSUN 002,WINDY LISTANTI DWI JUNIAR,windy.ld.juniar123@gmail.com,+62 838-3905-6303,JAMHADI ,alpatihaljanujamhadi225@gmail.com,+62 382-3146-030
3209,070 - SEDONG,005 - WINDUHAJI,001100 - RT 001 RW 002 DUSUN 002,WINDY LISTANTI DWI JUNIAR,windy.ld.juniar123@gmail.com,+62 838-3905-6303,JAMHADI ,alpatihaljanujamhadi225@gmail.com,+62 382-3146-030
3209,070 - SEDONG,005 - WINDUHAJI,001200 - RT 002 RW 002 DUSUN 002,WINDY LISTANTI DWI JUNIAR,windy.ld.juniar123@gmail.com,+62 838-3905-6303,JAMHADI ,alpatihaljanujamhadi225@gmail.com,+62 382-3146-030
3209,070 - SEDONG,005 - WINDUHAJI,001300 - RT 003 RW 002 DUSUN 002,WINDY LISTANTI DWI JUNIAR,windy.ld.juniar123@gmail.com,+62 838-3905-6303,JAMHADI ,alpatihaljanujamhadi225@gmail.com,+62 382-3146-030
3209,070 - SEDONG,005 - WINDUHAJI,001400 - RT 005 RW 002 DUSUN 002,WINDY LISTANTI DWI JUNIAR,windy.ld.juniar123@gmail.com,+62 838-3905-6303,JAMHADI ,alpatihaljanujamhadi225@gmail.com,+62 382-3146-030
3209,070 - SEDONG,005 - WINDUHAJI,001500 - RT 004 RW 002 DUSUN 002,WINDY LISTANTI DWI JUNIAR,windy.ld.juniar123@gmail.com,+62 838-3905-6303,JAMHADI ,alpatihaljanujamhadi225@gmail.com,+62 382-3146-030
3209,070 - SEDONG,005 - WINDUHAJI,001600 - RT 001 RW 001 DUSUN 003,WINDY LISTANTI DWI JUNIAR,windy.ld.juniar123@gmail.com,+62 838-3905-6303,JAMHADI ,alpatihaljanujamhadi225@gmail.com,+62 382-3146-030
3209,070 - SEDONG,005 - WINDUHAJI,001900 - RT 004 RW 001 DUSUN 003,WINDY LISTANTI DWI JUNIAR,windy.ld.juniar123@gmail.com,+62 838-3905-6303,TAMARA,t7992130@gmail.com,+62 831-0191-9258
3209,070 - SEDONG,006 - KERTAWANGUN,000100 - RT 001 RW 001 DUSUN 001,ADE ALARIF,irsyad9m07@gmail.com,+62 852-1201-38576,MAMAN SUDIRMAN,mamangiwor@gmail.com,+62 821-2079-7435
3209,070 - SEDONG,006 - KERTAWANGUN,000200 - RT 002 RW 001 DUSUN 001,ADE ALARIF,irsyad9m07@gmail.com,+62 852-1201-38576,MAMAN SUDIRMAN,mamangiwor@gmail.com,+62 821-2079-7435
3209,070 - SEDONG,006 - KERTAWANGUN,001300 - RT 004 RW 003 DUSUN 002,WINDY LISTANTI DWI JUNIAR,windy.ld.juniar123@gmail.com,+62 838-3905-6303,M. RIZKY ADITYA PRAYOGA ,yogapnb79@gmail.com,+62 857-9483-1607
3209,070 - SEDONG,007 - PANAMBANGAN,000200 - RT 002 RW 001 DUSUN 001,ADE ALARIF,irsyad9m07@gmail.com,+62 852-1201-38576,NURCHOLIFAH,cholifahnur692@gmail.com,+62 813-2454-7078
3209,070 - SEDONG,007 - PANAMBANGAN,000500 - RT 002 RW 002 DUSUN 001,ADE ALARIF,irsyad9m07@gmail.com,+62 852-1201-38576,MAMAN SUDIRMAN,mamangiwor@gmail.com,+62 821-2079-7435
3209,070 - SEDONG,007 - PANAMBANGAN,000700 - RT 001 RW 003 DUSUN 001,ADE ALARIF,irsyad9m07@gmail.com,+62 852-1201-38576,DWIKI MUHAMMAD FADHILLAH,dikimuhamad015@gmail.com,+62 821-1792-4216
3209,070 - SEDONG,007 - PANAMBANGAN,000800 - RT 002 RW 003 DUSUN 001,ADE ALARIF,irsyad9m07@gmail.com,+62 852-1201-38576,DWIKI MUHAMMAD FADHILLAH,dikimuhamad015@gmail.com,+62 821-1792-4216
3209,070 - SEDONG,007 - PANAMBANGAN,000900 - RT 003 RW 003 DUSUN 001,ADE ALARIF,irsyad9m07@gmail.com,+62 852-1201-38576,MAMAN SUDIRMAN,mamangiwor@gmail.com,+62 821-2079-7435
3209,070 - SEDONG,007 - PANAMBANGAN,001100 - RT 001 RW 004 DUSUN 002,ADE ALARIF,irsyad9m07@gmail.com,+62 852-1201-38576,MAMAN SUDIRMAN,mamangiwor@gmail.com,+62 821-2079-7435
3209,070 - SEDONG,007 - PANAMBANGAN,001200 - RT 002 RW 004 DUSUN 002,ADE ALARIF,irsyad9m07@gmail.com,+62 852-1201-38576,MAMAN SUDIRMAN,mamangiwor@gmail.com,+62 821-2079-7435
3209,070 - SEDONG,007 - PANAMBANGAN,001300 - RT 003 RW 004 DUSUN 002,ADE ALARIF,irsyad9m07@gmail.com,+62 852-1201-38576,MAMAN SUDIRMAN,mamangiwor@gmail.com,+62 821-2079-7435
3209,070 - SEDONG,007 - PANAMBANGAN,001700 - RT 003 RW 005 DUSUN 002,ADE ALARIF,irsyad9m07@gmail.com,+62 852-1201-38576,DWIKI MUHAMMAD FADHILLAH,dikimuhamad015@gmail.com,+62 821-1792-4216
3209,070 - SEDONG,007 - PANAMBANGAN,001800 - RT 004 RW 005 DUSUN 002,ADE ALARIF,irsyad9m07@gmail.com,+62 852-1201-38576,DWIKI MUHAMMAD FADHILLAH,dikimuhamad015@gmail.com,+62 821-1792-4216
3209,070 - SEDONG,007 - PANAMBANGAN,001900 - RT 005 RW 005 DUSUN 002,ADE ALARIF,irsyad9m07@gmail.com,+62 852-1201-38576,DWIKI MUHAMMAD FADHILLAH,dikimuhamad015@gmail.com,+62 821-1792-4216
3209,070 - SEDONG,007 - PANAMBANGAN,002000 - RT 001 RW 006 DUSUN 001,ADE ALARIF,irsyad9m07@gmail.com,+62 852-1201-38576,DWIKI MUHAMMAD FADHILLAH,dikimuhamad015@gmail.com,+62 821-1792-4216
3209,070 - SEDONG,008 - PUTAT,000100 - RT 001 RW 001 DUSUN 001,ADE ALARIF,irsyad9m07@gmail.com,+62 852-1201-38576,SITI NURJANAH,sn8398606@gmail.com,+62 853-5191-2443
3209,070 - SEDONG,008 - PUTAT,000200 - RT 002 RW 001 DUSUN 001,ADE ALARIF,irsyad9m07@gmail.com,+62 852-1201-38576,SITI NURJANAH,sn8398606@gmail.com,+62 853-5191-2443
3209,070 - SEDONG,008 - PUTAT,000300 - RT 003 RW 001 DUSUN 001,ADE ALARIF,irsyad9m07@gmail.com,+62 852-1201-38576,SITI NURJANAH,sn8398606@gmail.com,+62 853-5191-2443
3209,070 - SEDONG,008 - PUTAT,000400 - RT 001 RW 002 DUSUN 001,ADE ALARIF,irsyad9m07@gmail.com,+62 852-1201-38576,SITI NURJANAH,sn8398606@gmail.com,+62 853-5191-2443
3209,070 - SEDONG,008 - PUTAT,000500 - RT 002 RW 002 DUSUN 001,ADE ALARIF,irsyad9m07@gmail.com,+62 852-1201-38576,SITI NURJANAH,sn8398606@gmail.com,+62 853-5191-2443
3209,070 - SEDONG,008 - PUTAT,001400 - RT 001 RW 005 DUSUN 003,ADE ALARIF,irsyad9m07@gmail.com,+62 852-1201-38576,OGON HIDAYAT,ogonnani@gmail.com,+62 822-1421-4619
3209,070 - SEDONG,008 - PUTAT,001500 - RT 002 RW 005 DUSUN 003,ADE ALARIF,irsyad9m07@gmail.com,+62 852-1201-38576,OGON HIDAYAT,ogonnani@gmail.com,+62 822-1421-4619
3209,070 - SEDONG,008 - PUTAT,001700 - RT 001 RW 006 DUSUN 003,ADE ALARIF,irsyad9m07@gmail.com,+62 852-1201-38576,OGON HIDAYAT,ogonnani@gmail.com,+62 822-1421-4619
3209,070 - SEDONG,009 - PANONGAN,000200 - RT 002 RW 001 DUSUN 1,NURHANI,nur892414@gmail.com,+62 852-2104-9650,ATIK SARTIKA,sartikaatik064@gmail.com,+62 812-1498-4020
3209,070 - SEDONG,009 - PANONGAN,000300 - RT 003 RW 001 DUSUN 1,NURHANI,nur892414@gmail.com,+62 852-2104-9650,ATIK SARTIKA,sartikaatik064@gmail.com,+62 812-1498-4020
3209,070 - SEDONG,009 - PANONGAN,000400 - RT 001 RW 002 DUSUN 1,NURHANI,nur892414@gmail.com,+62 852-2104-9650,SURYANI SUPRA DEWI,suryanisupradewi56@gmail.com,+62 812-7362-8485
3209,070 - SEDONG,009 - PANONGAN,000500 - RT 002 RW 002 DUSUN 1,NURHANI,nur892414@gmail.com,+62 852-2104-9650,ATIK SARTIKA,sartikaatik064@gmail.com,+62 812-1498-4020
3209,070 - SEDONG,009 - PANONGAN,000600 - RT 003 RW 002 DUSUN 1,NURHANI,nur892414@gmail.com,+62 852-2104-9650,ATIK SARTIKA,sartikaatik064@gmail.com,+62 812-1498-4020
3209,070 - SEDONG,009 - PANONGAN,000700 - RT 001 RW 003 DUSUN 2,NURHANI,nur892414@gmail.com,+62 852-2104-9650,DELI YULINDA BELA,bellabellbell17@gmail.com,0
3209,070 - SEDONG,009 - PANONGAN,000800 - RT 002 RW 003 DUSUN 2,NURHANI,nur892414@gmail.com,+62 852-2104-9650,DELI YULINDA BELA,bellabellbell17@gmail.com,0
3209,070 - SEDONG,009 - PANONGAN,000900 - RT 003 RW 003 DUSUN 2,NURHANI,nur892414@gmail.com,+62 852-2104-9650,DELI YULINDA BELA,bellabellbell17@gmail.com,0
3209,070 - SEDONG,009 - PANONGAN,001500 - RT 001 RW 005 DUSUN 3,NURHANI,nur892414@gmail.com,+62 852-2104-9650,SURYANI SUPRA DEWI,suryanisupradewi56@gmail.com,+62 812-7362-8485
3209,070 - SEDONG,009 - PANONGAN,001600 - RT 002 RW 005 DUSUN 3,ADE ALARIF,irsyad9m07@gmail.com,+62 852-1201-38576,NURCHOLIFAH,cholifahnur692@gmail.com,+62 813-2454-7078
3209,070 - SEDONG,009 - PANONGAN,001800 - RT 001 RW 006 DUSUN 3,NURHANI,nur892414@gmail.com,+62 852-2104-9650,SURYANI SUPRA DEWI,suryanisupradewi56@gmail.com,+62 812-7362-8485
3209,070 - SEDONG,009 - PANONGAN,100100 - SAWAH,NURHANI,nur892414@gmail.com,+62 852-2104-9650,ATIK SARTIKA,sartikaatik064@gmail.com,+62 812-1498-4020
3209,070 - SEDONG,009 - PANONGAN,200200 - HUTAN,NURHANI,nur892414@gmail.com,+62 852-2104-9650,ATIK SARTIKA,sartikaatik064@gmail.com,+62 812-1498-4020
3209,070 - SEDONG,010 - PANONGAN LOR,000100 - RT 001 RW 001 DUSUN 1,NURHANI,nur892414@gmail.com,+62 852-2104-9650,DELI YULINDA BELA,bellabellbell17@gmail.com,0
3209,070 - SEDONG,010 - PANONGAN LOR,000200 - RT 002 RW 001 DUSUN 1,NURHANI,nur892414@gmail.com,+62 852-2104-9650,DELI YULINDA BELA,bellabellbell17@gmail.com,0
3209,070 - SEDONG,010 - PANONGAN LOR,000300 - RT 001 RW 002 DUSUN 1,NURHANI,nur892414@gmail.com,+62 852-2104-9650,DELI YULINDA BELA,bellabellbell17@gmail.com,0
3209,070 - SEDONG,010 - PANONGAN LOR,000500 - RT 001 RW 003 DUSUN 2,NURHANI,nur892414@gmail.com,+62 852-2104-9650,JUHANA,ciptarizki01@gmail.com,+62 858-6264-2564
3209,070 - SEDONG,010 - PANONGAN LOR,000600 - RT 002 RW 003 DUSUN 2,NURHANI,nur892414@gmail.com,+62 852-2104-9650,ASRONI,asroni209@gmail.com,+62 823-1833-4276
3209,070 - SEDONG,010 - PANONGAN LOR,000700 - RT 003 RW 003 DUSUN 2,NURHANI,nur892414@gmail.com,+62 852-2104-9650,ASRONI,asroni209@gmail.com,+62 823-1833-4276
3209,070 - SEDONG,010 - PANONGAN LOR,000800 - RT 001 RW 004 DUSUN 2,NURHANI,nur892414@gmail.com,+62 852-2104-9650,JUHANA,ciptarizki01@gmail.com,+62 858-6264-2564
3209,070 - SEDONG,010 - PANONGAN LOR,001000 - RT 003 RW 004 DUSUN 2,NURHANI,nur892414@gmail.com,+62 852-2104-9650,ASRONI,asroni209@gmail.com,+62 823-1833-4276
3209,070 - SEDONG,010 - PANONGAN LOR,001600 - RT 001 RW 007 DUSUN 4,NURHANI,nur892414@gmail.com,+62 852-2104-9650,JUHANA,ciptarizki01@gmail.com,+62 858-6264-2564
3209,070 - SEDONG,010 - PANONGAN LOR,001700 - RT 002 RW 007 DUSUN 4,NURHANI,nur892414@gmail.com,+62 852-2104-9650,JUHANA,ciptarizki01@gmail.com,+62 858-6264-2564
3209,070 - SEDONG,010 - PANONGAN LOR,001900 - RT 002 RW 008 DUSUN 4,NURHANI,nur892414@gmail.com,+62 852-2104-9650,JUHANA,ciptarizki01@gmail.com,+62 858-6264-2564
3209,080 - ASTANAJAPURA,004 - MUNJUL,000500 - RT 02 RW 02 DUSUN 01,AHMAD HIDAYAT,ahmadhidayat.farhan@gmail.com,+62 857-9786-8191,KUSNADI,chowzn.iva@gmail.com,+62 081-9294-44446
3209,080 - ASTANAJAPURA,004 - MUNJUL,000800 - RT 02 RW 03 DUSUN 01,AHMAD HIDAYAT,ahmadhidayat.farhan@gmail.com,+62 857-9786-8191,EKA WIDAYANTI,ekawidayanti46@gmail.com,+62 083-8309-37435
3209,080 - ASTANAJAPURA,004 - MUNJUL,001000 - RT 01 RW 04 DUSUN 02,AHMAD HIDAYAT,ahmadhidayat.farhan@gmail.com,+62 857-9786-8191,EKA WIDAYANTI,ekawidayanti46@gmail.com,+62 083-8309-37435
3209,080 - ASTANAJAPURA,004 - MUNJUL,001801 - RT 03 RW 06 DUSUN 03,AHMAD HIDAYAT,ahmadhidayat.farhan@gmail.com,+62 857-9786-8191,MUHAMAD SAMSUDIN,samsudinmuhamad99@gmail.com,+62 878-9177-7716
3209,080 - ASTANAJAPURA,004 - MUNJUL,001802 - RT 03 RW 06 DUSUN 03,AHMAD HIDAYAT,ahmadhidayat.farhan@gmail.com,+62 857-9786-8191,MUHAMAD SAMSUDIN,samsudinmuhamad99@gmail.com,+62 878-9177-7716
3209,080 - ASTANAJAPURA,004 - MUNJUL,002000 - RT 05 RW 06 DUSUN 03,AHMAD HIDAYAT,ahmadhidayat.farhan@gmail.com,+62 857-9786-8191,EKA WIDAYANTI,ekawidayanti46@gmail.com,+62 083-8309-37435
3209,080 - ASTANAJAPURA,004 - MUNJUL,002300 - RT 03 RW 07 DUSUN 03,AHMAD HIDAYAT,ahmadhidayat.farhan@gmail.com,+62 857-9786-8191,IKA BELA,ikabela1a@gmail.com,+62 822-1475-9331
3209,080 - ASTANAJAPURA,004 - MUNJUL,002400 - RT 04 RW 07 DUSUN 03,AHMAD HIDAYAT,ahmadhidayat.farhan@gmail.com,+62 857-9786-8191,IKA BELA,ikabela1a@gmail.com,+62 822-1475-9331
3209,080 - ASTANAJAPURA,005 - SIDAMULYA,000100 - RT 001 RW 001 DUSUN MAJA 1,DEDI JUNAEDI JAENAL,dd.dede139@gmail.com,+62 821-2035-2185,MOHAMAD YUSUP M,jessyyusuf5@gmail.com,+62 896-6244-6488
3209,080 - ASTANAJAPURA,005 - SIDAMULYA,000300 - RT 003 RW 001 DUSUN MAJA 1,DEDI JUNAEDI JAENAL,dd.dede139@gmail.com,+62 821-2035-2185,MOHAMAD YUSUP M,jessyyusuf5@gmail.com,+62 896-6244-6488
3209,080 - ASTANAJAPURA,005 - SIDAMULYA,000600 - RT 003 RW 002 DUSUN MAJA 2,DEDI JUNAEDI JAENAL,dd.dede139@gmail.com,+62 821-2035-2185,MUHAMMAD HERIYANTO,muhammadheriyanto4121@gmail.com,+62 089-7705-1486_
3209,080 - ASTANAJAPURA,005 - SIDAMULYA,000700 - RT 001 RW 003 DUSUN KIWIYAR,DEDI JUNAEDI JAENAL,dd.dede139@gmail.com,+62 821-2035-2185,MUHAMMAD HERIYANTO,muhammadheriyanto4121@gmail.com,+62 089-7705-1486_
3209,080 - ASTANAJAPURA,005 - SIDAMULYA,000800 - RT 002 RW 003 DUSUN KIWIYAR,DEDI JUNAEDI JAENAL,dd.dede139@gmail.com,+62 821-2035-2185,AHMAD RIFA'I,ahmadrifai121076@gmail.com,+62 831-2092-7179
3209,080 - ASTANAJAPURA,005 - SIDAMULYA,000900 - RT 003 RW 003 DUSUN KIWIYAR,DEDI JUNAEDI JAENAL,dd.dede139@gmail.com,+62 821-2035-2185,AHMAD RIFA'I,ahmadrifai121076@gmail.com,+62 831-2092-7179
3209,080 - ASTANAJAPURA,005 - SIDAMULYA,001100 - RT 005 RW 003 DUSUN KIWIYAR,DEDI JUNAEDI JAENAL,dd.dede139@gmail.com,+62 821-2035-2185,AHMAD RIFA'I,ahmadrifai121076@gmail.com,+62 831-2092-7179
3209,080 - ASTANAJAPURA,005 - SIDAMULYA,001200 - RT 006 RW 003 DUSUN KIWIYAR,DEDI JUNAEDI JAENAL,dd.dede139@gmail.com,+62 821-2035-2185,AHMAD RIFA'I,ahmadrifai121076@gmail.com,+62 831-2092-7179
3209,080 - ASTANAJAPURA,005 - SIDAMULYA,001300 - RT 001 RW 004 DUSUN KILIYEM,DEDI JUNAEDI JAENAL,dd.dede139@gmail.com,+62 821-2035-2185,SUROKMAN ,surokmanoman@gmail.com,0
3209,080 - ASTANAJAPURA,005 - SIDAMULYA,001400 - RT 002 RW 004 DUSUN KILIYEM,DEDI JUNAEDI JAENAL,dd.dede139@gmail.com,+62 821-2035-2185,SUROKMAN ,surokmanoman@gmail.com,0
3209,080 - ASTANAJAPURA,005 - SIDAMULYA,001600 - RT 004 RW 004 DUSUN KILIYEM,DEDI JUNAEDI JAENAL,dd.dede139@gmail.com,+62 821-2035-2185,SUROKMAN ,surokmanoman@gmail.com,0
3209,080 - ASTANAJAPURA,005 - SIDAMULYA,001700 - RT 005 RW 004 DUSUN KILIYEM,DEDI JUNAEDI JAENAL,dd.dede139@gmail.com,+62 821-2035-2185,SUROKMAN ,surokmanoman@gmail.com,0
3209,080 - ASTANAJAPURA,005 - SIDAMULYA,001800 - RT 006 RW 004 DUSUN KIGANUNG,DEDI JUNAEDI JAENAL,dd.dede139@gmail.com,+62 821-2035-2185,MUHAMMAD HERIYANTO,muhammadheriyanto4121@gmail.com,+62 089-7705-1486_
3209,080 - ASTANAJAPURA,005 - SIDAMULYA,100100 - SAWAH DUSUN MAJA 1,DEDI JUNAEDI JAENAL,dd.dede139@gmail.com,+62 821-2035-2185,MOHAMAD YUSUP M,jessyyusuf5@gmail.com,+62 896-6244-6488
3209,080 - ASTANAJAPURA,006 - MERTAPADA KULON,000201 - RT 002 RW 001 DUSUN MANIS,SYAMSURI,syamnabil76@gmail.com,0,AMIN YUSUF,aminysuf99@gmail.com,+62 089-6235-92071
3209,080 - ASTANAJAPURA,006 - MERTAPADA KULON,000202 - RT 002 RW 001 DUSUN MANIS,SYAMSURI,syamnabil76@gmail.com,0,AMIN YUSUF,aminysuf99@gmail.com,+62 089-6235-92071
3209,080 - ASTANAJAPURA,006 - MERTAPADA KULON,000300 - RT 003 RW 001 DUSUN MANIS,SYAMSURI,syamnabil76@gmail.com,0,AMIN YUSUF,aminysuf99@gmail.com,+62 089-6235-92071
3209,080 - ASTANAJAPURA,006 - MERTAPADA KULON,000500 - RT 005 RW 002 DUSUN MANIS,SYAMSURI,syamnabil76@gmail.com,0,ABDUL HARIS MAULANA,zufatahmad@gmail.com,+62 896-5207-1779
3209,080 - ASTANAJAPURA,006 - MERTAPADA KULON,000600 - RT 006 RW 002 DUSUN MANIS,SYAMSURI,syamnabil76@gmail.com,0,ABDUL HARIS MAULANA,zufatahmad@gmail.com,+62 896-5207-1779
3209,080 - ASTANAJAPURA,006 - MERTAPADA KULON,000800 - RT 008 RW 003 DUSUN MANIS,SYAMSURI,syamnabil76@gmail.com,0,ABDUL HARIS MAULANA,zufatahmad@gmail.com,+62 896-5207-1779
3209,080 - ASTANAJAPURA,006 - MERTAPADA KULON,000901 - RT 009 RW 003 DUSUN MANIS,SYAMSURI,syamnabil76@gmail.com,0,ABDUL HARIS MAULANA,zufatahmad@gmail.com,+62 896-5207-1779
3209,080 - ASTANAJAPURA,006 - MERTAPADA KULON,000902 - RT 009 RW 003 DUSUN MANIS,SYAMSURI,syamnabil76@gmail.com,0,ABDUL HARIS MAULANA,zufatahmad@gmail.com,+62 896-5207-1779
3209,080 - ASTANAJAPURA,006 - MERTAPADA KULON,001000 - RT 010 RW 004 DUSUN BUNTET PESANTREN,SYAMSURI,syamnabil76@gmail.com,0,SUTINI,tieneza053@gmail.com,+62 813-2117-1090
3209,080 - ASTANAJAPURA,006 - MERTAPADA KULON,001102 - RT 011 RW 004 DUSUN BUNTET PESANTREN,SYAMSURI,syamnabil76@gmail.com,0,SUTINI,tieneza053@gmail.com,+62 813-2117-1090
3209,080 - ASTANAJAPURA,006 - MERTAPADA KULON,001103 - RT 011 RW 004 DUSUN BUNTET PESANTREN,SYAMSURI,syamnabil76@gmail.com,0,SUTINI,tieneza053@gmail.com,+62 813-2117-1090
3209,080 - ASTANAJAPURA,006 - MERTAPADA KULON,001200 - RT 012 RW 004 DUSUN BUNTET PESANTREN,SYAMSURI,syamnabil76@gmail.com,0,MOH. AKMAL ABBAS S.,akmalabbas17@gmail.com,+62 813-8823-5155
3209,080 - ASTANAJAPURA,006 - MERTAPADA KULON,001300 - RT 013 RW 005 DUSUN BUNTET PESANTREN,SYAMSURI,syamnabil76@gmail.com,0,MOH. AKMAL ABBAS S.,akmalabbas17@gmail.com,+62 813-8823-5155
3209,080 - ASTANAJAPURA,006 - MERTAPADA KULON,001500 - RT 015 RW 005 DUSUN BUNTET PESANTREN,SYAMSURI,syamnabil76@gmail.com,0,ZAENAL ABIDIN,jeansforever1732@gmail.com,+62 081-3818-10355
3209,080 - ASTANAJAPURA,006 - MERTAPADA KULON,001700 - RT 017 RW 006 DUSUN BUNTET PESANTREN,SYAMSURI,syamnabil76@gmail.com,0,ZAENAL ABIDIN,jeansforever1732@gmail.com,+62 081-3818-10355
3209,080 - ASTANAJAPURA,006 - MERTAPADA KULON,001800 - RT 018 RW 006 DUSUN BUNTET PESANTREN,SYAMSURI,syamnabil76@gmail.com,0,MOH. AKMAL ABBAS S.,akmalabbas17@gmail.com,+62 813-8823-5155
3209,080 - ASTANAJAPURA,006 - MERTAPADA KULON,001901 - RT 019 RW 007 DUSUN MERSI,SYAMSURI,syamnabil76@gmail.com,0,ZAENAL ABIDIN,jeansforever1732@gmail.com,+62 081-3818-10355
3209,080 - ASTANAJAPURA,006 - MERTAPADA KULON,001902 - RT 019 RW 007 DUSUN MERSI,SYAMSURI,syamnabil76@gmail.com,0,ZAENAL ABIDIN,jeansforever1732@gmail.com,+62 081-3818-10355
3209,080 - ASTANAJAPURA,006 - MERTAPADA KULON,002000 - RT 020 RW 007 DUSUN MERSI,SYAMSURI,syamnabil76@gmail.com,0,ZAENAL ABIDIN,jeansforever1732@gmail.com,+62 081-3818-10355
3209,080 - ASTANAJAPURA,006 - MERTAPADA KULON,002100 - RT 021 RW 007 DUSUN MERSI,SYAMSURI,syamnabil76@gmail.com,0,ZAENAL ABIDIN,jeansforever1732@gmail.com,+62 081-3818-10355
3209,080 - ASTANAJAPURA,007 - MERTAPADA WETAN,000100 - RT 01 RW 01 DUSUN MANIS,DEDI JUNAEDI JAENAL,dd.dede139@gmail.com,+62 821-2035-2185,SITI FATKHIYAH ,fatkhiyahsiti08@gmail.com,+62 831-6773-4043
3209,080 - ASTANAJAPURA,007 - MERTAPADA WETAN,000200 - RT 02 RW 01 DUSUN MANIS,DEDI JUNAEDI JAENAL,dd.dede139@gmail.com,+62 821-2035-2185,SITI FATKHIYAH ,fatkhiyahsiti08@gmail.com,+62 831-6773-4043
3209,080 - ASTANAJAPURA,007 - MERTAPADA WETAN,000300 - RT 03 RW 01 DUSUN MANIS,DEDI JUNAEDI JAENAL,dd.dede139@gmail.com,+62 821-2035-2185,SITI FATKHIYAH ,fatkhiyahsiti08@gmail.com,+62 831-6773-4043
3209,080 - ASTANAJAPURA,007 - MERTAPADA WETAN,000700 - RT 02 RW 02 DUSUN WAGE,SYAMSURI,syamnabil76@gmail.com,0,WISNU RAMADHAN ,ramadhanwisnu280@gmail.com,+62 857-2496-3120
3209,080 - ASTANAJAPURA,007 - MERTAPADA WETAN,000800 - RT 03 RW 02 DUSUN WAGE,SYAMSURI,syamnabil76@gmail.com,0,WISNU RAMADHAN ,ramadhanwisnu280@gmail.com,+62 857-2496-3120
3209,080 - ASTANAJAPURA,007 - MERTAPADA WETAN,001000 - RT 01 RW 03 DUSUN PAHING,SYAMSURI,syamnabil76@gmail.com,0,WISNU RAMADHAN ,ramadhanwisnu280@gmail.com,+62 857-2496-3120
3209,080 - ASTANAJAPURA,007 - MERTAPADA WETAN,001100 - RT 02 RW 03 DUSUN PAHING,SYAMSURI,syamnabil76@gmail.com,0,AKHMAD FADLI,akhmadfadli51530@gmail.com,+62 812-8665-8817
3209,080 - ASTANAJAPURA,007 - MERTAPADA WETAN,001200 - RT 03 RW 03 DUSUN PAHING,SYAMSURI,syamnabil76@gmail.com,0,AKHMAD FADLI,akhmadfadli51530@gmail.com,+62 812-8665-8817
3209,080 - ASTANAJAPURA,007 - MERTAPADA WETAN,001300 - RT 04 RW 03 DUSUN PAHING,SYAMSURI,syamnabil76@gmail.com,0,AKHMAD FADLI,akhmadfadli51530@gmail.com,+62 812-8665-8817
3209,080 - ASTANAJAPURA,007 - MERTAPADA WETAN,001400 - RT 01 RW 04 DUSUN PON 1,SYAMSURI,syamnabil76@gmail.com,0,AKHMAD FADLI,akhmadfadli51530@gmail.com,+62 812-8665-8817
3209,080 - ASTANAJAPURA,007 - MERTAPADA WETAN,001600 - RT 03 RW 04 DUSUN PON 1,SYAMSURI,syamnabil76@gmail.com,0,KHIFDIYAH ,khifdiyahiif1@gmail.com,+62 878-8408-3212
3209,080 - ASTANAJAPURA,007 - MERTAPADA WETAN,001700 - RT 01 RW 05 DUSUN PON 2,DEDI JUNAEDI JAENAL,dd.dede139@gmail.com,+62 821-2035-2185,ANGGI SRI REZEKI,anggirezeki12@gmail.com,+62 838-6324-9449
3209,080 - ASTANAJAPURA,007 - MERTAPADA WETAN,001900 - RT 03 RW 05 DUSUN PON 2,DEDI JUNAEDI JAENAL,dd.dede139@gmail.com,+62 821-2035-2185,ANGGI SRI REZEKI,anggirezeki12@gmail.com,+62 838-6324-9449
3209,080 - ASTANAJAPURA,007 - MERTAPADA WETAN,002200 - RT 02 RW 06 DUSUN BTN/MANIS 2,SYAMSURI,syamnabil76@gmail.com,0,KHIFDIYAH ,khifdiyahiif1@gmail.com,+62 878-8408-3212
3209,080 - ASTANAJAPURA,007 - MERTAPADA WETAN,002300 - RT 03 RW 06 DUSUN BTN/MANIS 2,DEDI JUNAEDI JAENAL,dd.dede139@gmail.com,+62 821-2035-2185,ANGGI SRI REZEKI,anggirezeki12@gmail.com,+62 838-6324-9449
3209,080 - ASTANAJAPURA,007 - MERTAPADA WETAN,002400 - RT 04 RW 06 DUSUN BTN/MANIS 2,SYAMSURI,syamnabil76@gmail.com,0,KHIFDIYAH ,khifdiyahiif1@gmail.com,+62 878-8408-3212
3209,080 - ASTANAJAPURA,007 - MERTAPADA WETAN,002500 - RT 05 RW 06 DUSUN BTN/MANIS 2,SYAMSURI,syamnabil76@gmail.com,0,KHIFDIYAH ,khifdiyahiif1@gmail.com,+62 878-8408-3212
3209,080 - ASTANAJAPURA,007 - MERTAPADA WETAN,100200 - LAHAN PERTANIAN PADI/SAWAH,SYAMSURI,syamnabil76@gmail.com,0,AKHMAD FADLI,akhmadfadli51530@gmail.com,+62 812-8665-8817
3209,080 - ASTANAJAPURA,008 - BUNTET,000100 - RT 001 RW 001 DUSUN 001,SUJERMAN,mansujerman@gmail.com,+62 821-1599-4735,YANUAR KHALIK,khalikyanuar@gmail.com,+62 838-6616-3660
3209,080 - ASTANAJAPURA,008 - BUNTET,000200 - RT 002 RW 001 DUSUN 001,SUJERMAN,mansujerman@gmail.com,+62 821-1599-4735,YANUAR KHALIK,khalikyanuar@gmail.com,+62 838-6616-3660
3209,080 - ASTANAJAPURA,008 - BUNTET,000500 - RT 005 RW 001 DUSUN 001,SUJERMAN,mansujerman@gmail.com,+62 821-1599-4735,YANUAR KHALIK,khalikyanuar@gmail.com,+62 838-6616-3660
3209,080 - ASTANAJAPURA,008 - BUNTET,000800 - RT 003 RW 002 DUSUN 001,AHMAD HIDAYAT,ahmadhidayat.farhan@gmail.com,+62 857-9786-8191,MISNA,airahwildah1@gmail.com,+62 831-2080-0056
3209,080 - ASTANAJAPURA,008 - BUNTET,000900 - RT 004 RW 002 DUSUN 001,AHMAD HIDAYAT,ahmadhidayat.farhan@gmail.com,+62 857-9786-8191,MISNA,airahwildah1@gmail.com,+62 831-2080-0056
3209,080 - ASTANAJAPURA,008 - BUNTET,001200 - RT 002 RW 004 DUSUN 002,SUJERMAN,mansujerman@gmail.com,+62 821-1599-4735,ASEP SAPRUDIN,cepeng288@gmail.com,+62 813-1911-0110
3209,080 - ASTANAJAPURA,008 - BUNTET,001900 - RT 003 RW 006 DUSUN 003,SUJERMAN,mansujerman@gmail.com,+62 821-1599-4735,ROHIDI,kuwucupbuntet@gmail.com,+62 838-2404-0777
3209,080 - ASTANAJAPURA,008 - BUNTET,002300 - RT 001 RW 003 DUSUN 004,SUJERMAN,mansujerman@gmail.com,+62 821-1599-4735,ASEP SAPRUDIN,cepeng288@gmail.com,+62 813-1911-0110
3209,080 - ASTANAJAPURA,008 - BUNTET,002600 - RT 004 RW 003 DUSUN 004,SUJERMAN,mansujerman@gmail.com,+62 821-1599-4735,ASEP SAPRUDIN,cepeng288@gmail.com,+62 813-1911-0110
3209,080 - ASTANAJAPURA,008 - BUNTET,100100 - SAWAH,SUJERMAN,mansujerman@gmail.com,+62 821-1599-4735,ASEP SAPRUDIN,cepeng288@gmail.com,+62 813-1911-0110
3209,080 - ASTANAJAPURA,009 - KANCI KULON,000100 - RT 001 RW 001 DUSUN 01,SUJERMAN,mansujerman@gmail.com,+62 821-1599-4735,TUTI ARYANI,tutiaryani1994@gmail.com,+62 838-6474-783
3209,080 - ASTANAJAPURA,009 - KANCI KULON,000200 - RT 002 RW 001 DUSUN 01,SUJERMAN,mansujerman@gmail.com,+62 821-1599-4735,TUTI ARYANI,tutiaryani1994@gmail.com,+62 838-6474-783
3209,080 - ASTANAJAPURA,009 - KANCI KULON,000500 - RT 001 RW 002 DUSUN 02,SUJERMAN,mansujerman@gmail.com,+62 821-1599-4735,TUTI ARYANI,tutiaryani1994@gmail.com,+62 838-6474-783
3209,080 - ASTANAJAPURA,009 - KANCI KULON,000800 - RT 001 RW 003 DUSUN 02,SUJERMAN,mansujerman@gmail.com,+62 821-1599-4735,MAESAROH,maeysarohraffa@gmail.com,+62 895-8006-12382
3209,080 - ASTANAJAPURA,009 - KANCI KULON,000900 - RT 002 RW 003 DUSUN 02,SUJERMAN,mansujerman@gmail.com,+62 821-1599-4735,MAESAROH,maeysarohraffa@gmail.com,+62 895-8006-12382
3209,080 - ASTANAJAPURA,009 - KANCI KULON,001700 - RT 003 RW 005 DUSUN 03,SUJERMAN,mansujerman@gmail.com,+62 821-1599-4735,INTAN NUR ILMI,intannurilmi835@gmail.com,+62 085-9111-41117
3209,080 - ASTANAJAPURA,009 - KANCI KULON,001800 - RT 001 RW 006 DUSUN 04,SUJERMAN,mansujerman@gmail.com,+62 821-1599-4735,IKAH FARIKHAH ,gitoika294@gmail.com,+62 089-7861-4320
3209,080 - ASTANAJAPURA,009 - KANCI KULON,100100 - SAWAH,SUJERMAN,mansujerman@gmail.com,+62 821-1599-4735,IKAH FARIKHAH ,gitoika294@gmail.com,+62 089-7861-4320
3209,080 - ASTANAJAPURA,009 - KANCI KULON,100200 - SAWAH,SUJERMAN,mansujerman@gmail.com,+62 821-1599-4735,IKAH FARIKHAH ,gitoika294@gmail.com,+62 089-7861-4320
3209,080 - ASTANAJAPURA,010 - KANCI,000100 - RT 001 RW 001 DUSUN 01,LISTYA AGUSTINA,ashshofa24@gmail.com,0,SHOFYAN BUDI HARTONO ,iancirebon@gmail.com,+62 813-1508-5537
3209,080 - ASTANAJAPURA,010 - KANCI,000300 - RT 003 RW 001 DUSUN 01,LISTYA AGUSTINA,ashshofa24@gmail.com,0,SHOFYAN BUDI HARTONO ,iancirebon@gmail.com,+62 813-1508-5537
3209,080 - ASTANAJAPURA,010 - KANCI,000400 - RT 004 RW 001 DUSUN 01,LISTYA AGUSTINA,ashshofa24@gmail.com,0,SHOFYAN BUDI HARTONO ,iancirebon@gmail.com,+62 813-1508-5537
3209,080 - ASTANAJAPURA,010 - KANCI,000700 - RT 003 RW 002 DUSUN 01,LISTYA AGUSTINA,ashshofa24@gmail.com,0,ADHE SUPRAYOGIE,adhesuprayogie24@gmail.com,+62 896-6090-6192
3209,080 - ASTANAJAPURA,010 - KANCI,001000 - RT 002 RW 003 DUSUN 02,LISTYA AGUSTINA,ashshofa24@gmail.com,0,TAUFIK APRIYASIN,apriearyanto29@gmail.com,+62 081-2920-29172
3209,080 - ASTANAJAPURA,010 - KANCI,001300 - RT 001 RW 004 DUSUN 02,LISTYA AGUSTINA,ashshofa24@gmail.com,0,SHOFYAN BUDI HARTONO ,iancirebon@gmail.com,+62 813-1508-5537
3209,080 - ASTANAJAPURA,010 - KANCI,001400 - RT 002 RW 004 DUSUN 02,LISTYA AGUSTINA,ashshofa24@gmail.com,0,TAUFIK APRIYASIN,apriearyanto29@gmail.com,+62 081-2920-29172
3209,080 - ASTANAJAPURA,010 - KANCI,001600 - RT 001 RW 005 DUSUN 03,LISTYA AGUSTINA,ashshofa24@gmail.com,0,HENDRA WAHYUDI,musthofahendra5@gmail.com,+62 853-1462-2044_
3209,080 - ASTANAJAPURA,010 - KANCI,001700 - RT 002 RW 005 DUSUN 03,LISTYA AGUSTINA,ashshofa24@gmail.com,0,HENDRA WAHYUDI,musthofahendra5@gmail.com,+62 853-1462-2044_
3209,080 - ASTANAJAPURA,010 - KANCI,001800 - RT 003 RW 005 DUSUN 03,LISTYA AGUSTINA,ashshofa24@gmail.com,0,HENDRA WAHYUDI,musthofahendra5@gmail.com,+62 853-1462-2044_
3209,080 - ASTANAJAPURA,010 - KANCI,001900 - RT 004 RW 005 DUSUN 03,LISTYA AGUSTINA,ashshofa24@gmail.com,0,HENDRA WAHYUDI,musthofahendra5@gmail.com,+62 853-1462-2044_
3209,080 - ASTANAJAPURA,010 - KANCI,002400 - RT 001 RW 007 DUSUN 04,LISTYA AGUSTINA,ashshofa24@gmail.com,0,SYAHRUL AUZANDY,syahrulauzandy73@gmail.com,+62 896-8793-7087
3209,080 - ASTANAJAPURA,010 - KANCI,002800 - RT 005 RW 007 DUSUN 04,LISTYA AGUSTINA,ashshofa24@gmail.com,0,SYAHRUL AUZANDY,syahrulauzandy73@gmail.com,+62 896-8793-7087
3209,080 - ASTANAJAPURA,010 - KANCI,003000 - RT 002 RW 008 DUSUN 04,LISTYA AGUSTINA,ashshofa24@gmail.com,0,SYAHRUL AUZANDY,syahrulauzandy73@gmail.com,+62 896-8793-7087
3209,080 - ASTANAJAPURA,010 - KANCI,100100 - SAWAH,LISTYA AGUSTINA,ashshofa24@gmail.com,0,SHOFYAN BUDI HARTONO ,iancirebon@gmail.com,+62 813-1508-5537
3209,080 - ASTANAJAPURA,010 - KANCI,500400 - PLTU,LISTYA AGUSTINA,ashshofa24@gmail.com,0,ADHE SUPRAYOGIE,adhesuprayogie24@gmail.com,+62 896-6090-6192
3209,080 - ASTANAJAPURA,011 - ASTANAJAPURA,000100 - RT 001 RW 001 DUSUN NANGKA,AJENG FATIMAH,ajengfatimah0310@gmail.com,+62 895-3244-03000,DIANA PERMATA SARI,dianapermatasari2804@gmail.com,+62 881-2277-591
3209,080 - ASTANAJAPURA,011 - ASTANAJAPURA,000200 - RT 002 RW 001 DUSUN NANGKA,AJENG FATIMAH,ajengfatimah0310@gmail.com,+62 895-3244-03000,DIANA PERMATA SARI,dianapermatasari2804@gmail.com,+62 881-2277-591
3209,080 - ASTANAJAPURA,011 - ASTANAJAPURA,000300 - RT 003 RW 001 DUSUN NANGKA,AJENG FATIMAH,ajengfatimah0310@gmail.com,+62 895-3244-03000,DIANA PERMATA SARI,dianapermatasari2804@gmail.com,+62 881-2277-591
3209,080 - ASTANAJAPURA,011 - ASTANAJAPURA,000600 - RT 003 RW 002 DUSUN NANGKA,AJENG FATIMAH,ajengfatimah0310@gmail.com,+62 895-3244-03000,DIANA PERMATA SARI,dianapermatasari2804@gmail.com,+62 881-2277-591
3209,080 - ASTANAJAPURA,011 - ASTANAJAPURA,000800 - RT 002 RW 003 DUSUN CEMPAKA,AJENG FATIMAH,ajengfatimah0310@gmail.com,+62 895-3244-03000,ALIT SUBKHIYAH,subkhiyahalit@gmail.com,+62 822-9535-2609
3209,080 - ASTANAJAPURA,011 - ASTANAJAPURA,000900 - RT 003 RW 003 DUSUN CEMPAKA,AJENG FATIMAH,ajengfatimah0310@gmail.com,+62 895-3244-03000,AKMAD MUJAHID,akmadmujahid52@gmail.com,+62 812-2444-9251
3209,080 - ASTANAJAPURA,011 - ASTANAJAPURA,001100 - RT 002 RW 008 DUSUN SINGKIL,AJENG FATIMAH,ajengfatimah0310@gmail.com,+62 895-3244-03000,AHMAD RIFAI,ahmadrifai210377@gmail.com,+62 853-1743-2252
3209,080 - ASTANAJAPURA,011 - ASTANAJAPURA,001300 - RT 001 RW 005 DUSUN MELATI,AJENG FATIMAH,ajengfatimah0310@gmail.com,+62 895-3244-03000,AHMAD RIFAI,ahmadrifai210377@gmail.com,+62 853-1743-2252
3209,080 - ASTANAJAPURA,011 - ASTANAJAPURA,001400 - RT 002 RW 005 DUSUN MELATI,AJENG FATIMAH,ajengfatimah0310@gmail.com,+62 895-3244-03000,AKMAD MUJAHID,akmadmujahid52@gmail.com,+62 812-2444-9251
3209,080 - ASTANAJAPURA,011 - ASTANAJAPURA,001600 - RT 001 RW 007 DUSUN SINGKIL,AJENG FATIMAH,ajengfatimah0310@gmail.com,+62 895-3244-03000,AKMAD MUJAHID,akmadmujahid52@gmail.com,+62 812-2444-9251
3209,080 - ASTANAJAPURA,011 - ASTANAJAPURA,001700 - RT 002 RW 004 DUSUN CEMPAKA,AJENG FATIMAH,ajengfatimah0310@gmail.com,+62 895-3244-03000,ALIT SUBKHIYAH,subkhiyahalit@gmail.com,+62 822-9535-2609
3209,080 - ASTANAJAPURA,011 - ASTANAJAPURA,001800 - RT 003 RW 004 DUSUN CEMPAKA,AJENG FATIMAH,ajengfatimah0310@gmail.com,+62 895-3244-03000,AKMAD MUJAHID,akmadmujahid52@gmail.com,+62 812-2444-9251
3209,080 - ASTANAJAPURA,011 - ASTANAJAPURA,002000 - RT 002 RW 006 DUSUN MELATI,AJENG FATIMAH,ajengfatimah0310@gmail.com,+62 895-3244-03000,AKMAD MUJAHID,akmadmujahid52@gmail.com,+62 812-2444-9251
3209,080 - ASTANAJAPURA,011 - ASTANAJAPURA,002100 - RT 003 RW 007 DUSUN SINGKIL,AJENG FATIMAH,ajengfatimah0310@gmail.com,+62 895-3244-03000,AHMAD RIFAI,ahmadrifai210377@gmail.com,+62 853-1743-2252
3209,080 - ASTANAJAPURA,011 - ASTANAJAPURA,100200 - SAWAH 2,AJENG FATIMAH,ajengfatimah0310@gmail.com,+62 895-3244-03000,AHMAD RIFAI,ahmadrifai210377@gmail.com,+62 853-1743-2252
3209,080 - ASTANAJAPURA,015 - KENDAL,000100 - RT 001 RW 001 DUSUN MANIS,LISTYA AGUSTINA,ashshofa24@gmail.com,0,PUSPA ANJANI,anjani.puspa@gmail.com,+62 857-9726-8020
3209,080 - ASTANAJAPURA,015 - KENDAL,000400 - RT 001 RW 002 DUSUN PON,LISTYA AGUSTINA,ashshofa24@gmail.com,0,SITI FATIMAH,sf119758@gmail.com,+62 896-8132-7023
3209,080 - ASTANAJAPURA,015 - KENDAL,000700 - RT 001 RW 003 DUSUN PAHING,LISTYA AGUSTINA,ashshofa24@gmail.com,0,SITI FATIMAH,sf119758@gmail.com,+62 896-8132-7023
3209,080 - ASTANAJAPURA,015 - KENDAL,000800 - RT 002 RW 003 DUSUN PAHING,LISTYA AGUSTINA,ashshofa24@gmail.com,0,PUSPA ANJANI,anjani.puspa@gmail.com,+62 857-9726-8020
3209,080 - ASTANAJAPURA,016 - JAPURA KIDUL,000700 - RT 001 RW 003 DUSUN MANIS 2,AJENG FATIMAH,ajengfatimah0310@gmail.com,+62 895-3244-03000,RATIM,atimuyun1019@gmail.com,+62 813-2116-2985
3209,080 - ASTANAJAPURA,016 - JAPURA KIDUL,001000 - RT 001 RW 004 DUSUN MANIS 2,AJENG FATIMAH,ajengfatimah0310@gmail.com,+62 895-3244-03000,RATIM,atimuyun1019@gmail.com,+62 813-2116-2985
3209,080 - ASTANAJAPURA,016 - JAPURA KIDUL,001100 - RT 002 RW 004 DUSUN MANIS 2,AJENG FATIMAH,ajengfatimah0310@gmail.com,+62 895-3244-03000,RATIM,atimuyun1019@gmail.com,+62 813-2116-2985
3209,080 - ASTANAJAPURA,016 - JAPURA KIDUL,001200 - RT 003 RW 004 DUSUN MANIS 2,AJENG FATIMAH,ajengfatimah0310@gmail.com,+62 895-3244-03000,RATIM,atimuyun1019@gmail.com,+62 813-2116-2985
3209,080 - ASTANAJAPURA,016 - JAPURA KIDUL,001400 - RT 002 RW 005 DUSUN PAHING,AJENG FATIMAH,ajengfatimah0310@gmail.com,+62 895-3244-03000,MUHAMMAD ELGA FAUZAN,elgaf14@gmail.com,+62 838-0884-1985
3209,080 - ASTANAJAPURA,016 - JAPURA KIDUL,001500 - RT 003 RW 005 DUSUN PAHING,SODIKIN,dikinbabadan1314@gmail.com,+62 877-8318-6593,CHAERUL UMAM ,chaerul203@gmail.com,0
3209,080 - ASTANAJAPURA,016 - JAPURA KIDUL,001900 - RT 001 RW 007 DUSUN CANTILAN LOR,AJENG FATIMAH,ajengfatimah0310@gmail.com,+62 895-3244-03000,SRI MULYANI,sriemulyani021295@gmail.com,+62 813-1293-1199
3209,080 - ASTANAJAPURA,016 - JAPURA KIDUL,002000 - RT 002 RW 007 DUSUN CANTILAN LOR,AJENG FATIMAH,ajengfatimah0310@gmail.com,+62 895-3244-03000,SRI MULYANI,sriemulyani021295@gmail.com,+62 813-1293-1199
3209,080 - ASTANAJAPURA,016 - JAPURA KIDUL,002200 - RT 001 RW 008 DUSUN CANTILAN LOR,AJENG FATIMAH,ajengfatimah0310@gmail.com,+62 895-3244-03000,SRI MULYANA,sriemulyana02@gmail.com,+62 082-3120-00401
3209,080 - ASTANAJAPURA,016 - JAPURA KIDUL,002300 - RT 002 RW 008 DUSUN CANTILAN LOR,SODIKIN,dikinbabadan1314@gmail.com,+62 877-8318-6593,ABDUL ROKIB,roxybae0@gmail.com,+62 831-8044-1446
3209,080 - ASTANAJAPURA,016 - JAPURA KIDUL,002400 - RT 003 RW 008 DUSUN CANTILAN LOR,AJENG FATIMAH,ajengfatimah0310@gmail.com,+62 895-3244-03000,SRI MULYANA,sriemulyana02@gmail.com,+62 082-3120-00401
3209,080 - ASTANAJAPURA,016 - JAPURA KIDUL,100300 - SAWAH 2,SODIKIN,dikinbabadan1314@gmail.com,+62 877-8318-6593,CHAERUL UMAM ,chaerul203@gmail.com,0
3209,080 - ASTANAJAPURA,017 - JAPURABAKTI,000100 - RT 001 RW 001 DUSUN 1,SODIKIN,dikinbabadan1314@gmail.com,+62 877-8318-6593,SUSILAWATI,susilawatisupandi89@gmail.com,+62 895-0860-8600
3209,080 - ASTANAJAPURA,017 - JAPURABAKTI,000200 - RT 002 RW 001 DUSUN 1,SODIKIN,dikinbabadan1314@gmail.com,+62 877-8318-6593,SUSILAWATI,susilawatisupandi89@gmail.com,+62 895-0860-8600
3209,080 - ASTANAJAPURA,017 - JAPURABAKTI,000300 - RT 003 RW 001 DUSUN 1,SODIKIN,dikinbabadan1314@gmail.com,+62 877-8318-6593,SRI YOSI,yossiyayu@gmail.com,+62 878-2424-3826
3209,080 - ASTANAJAPURA,017 - JAPURABAKTI,000400 - RT 004 RW 001 DUSUN 1,SODIKIN,dikinbabadan1314@gmail.com,+62 877-8318-6593,SRI YOSI,yossiyayu@gmail.com,+62 878-2424-3826
3209,080 - ASTANAJAPURA,017 - JAPURABAKTI,000500 - RT 001 RW 002 DUSUN 1,SODIKIN,dikinbabadan1314@gmail.com,+62 877-8318-6593,SUSILAWATI,susilawatisupandi89@gmail.com,+62 895-0860-8600
3209,080 - ASTANAJAPURA,017 - JAPURABAKTI,000600 - RT 002 RW 002 DUSUN 1,SODIKIN,dikinbabadan1314@gmail.com,+62 877-8318-6593,SRI YOSI,yossiyayu@gmail.com,+62 878-2424-3826
3209,080 - ASTANAJAPURA,017 - JAPURABAKTI,000700 - RT 003 RW 002 DUSUN 1,SODIKIN,dikinbabadan1314@gmail.com,+62 877-8318-6593,SUSILAWATI,susilawatisupandi89@gmail.com,+62 895-0860-8600
3209,080 - ASTANAJAPURA,017 - JAPURABAKTI,000800 - RT 004 RW 002 DUSUN 1,SODIKIN,dikinbabadan1314@gmail.com,+62 877-8318-6593,SRI YOSI,yossiyayu@gmail.com,+62 878-2424-3826
3209,080 - ASTANAJAPURA,017 - JAPURABAKTI,000900 - RT 001 RW 003 DUSUN 2,SODIKIN,dikinbabadan1314@gmail.com,+62 877-8318-6593,MUHAMMAD SAI,aajangkung78@gmail.com,+62 857-9409-7881
3209,080 - ASTANAJAPURA,017 - JAPURABAKTI,001000 - RT 002 RW 003 DUSUN 2,SODIKIN,dikinbabadan1314@gmail.com,+62 877-8318-6593,MUSA IMRON,musaimron23@gmail.com,+62 896-9949-2775
3209,080 - ASTANAJAPURA,017 - JAPURABAKTI,001100 - RT 003 RW 003 DUSUN 2,SODIKIN,dikinbabadan1314@gmail.com,+62 877-8318-6593,MUHAMMAD SAI,aajangkung78@gmail.com,+62 857-9409-7881
3209,080 - ASTANAJAPURA,017 - JAPURABAKTI,001200 - RT 004 RW 003 DUSUN 2,SODIKIN,dikinbabadan1314@gmail.com,+62 877-8318-6593,MUSA IMRON,musaimron23@gmail.com,+62 896-9949-2775
3209,080 - ASTANAJAPURA,017 - JAPURABAKTI,001300 - RT 001 RW 004 DUSUN 2,SODIKIN,dikinbabadan1314@gmail.com,+62 877-8318-6593,MUHAMMAD SAI,aajangkung78@gmail.com,+62 857-9409-7881
3209,080 - ASTANAJAPURA,017 - JAPURABAKTI,001400 - RT 002 RW 004 DUSUN 2,SODIKIN,dikinbabadan1314@gmail.com,+62 877-8318-6593,MUSA IMRON,musaimron23@gmail.com,+62 896-9949-2775
3209,080 - ASTANAJAPURA,017 - JAPURABAKTI,001500 - RT 003 RW 004 DUSUN 2,SODIKIN,dikinbabadan1314@gmail.com,+62 877-8318-6593,MUHAMMAD SAI,aajangkung78@gmail.com,+62 857-9409-7881
3209,080 - ASTANAJAPURA,017 - JAPURABAKTI,001600 - RT 004 RW 004 DUSUN 2,SODIKIN,dikinbabadan1314@gmail.com,+62 877-8318-6593,MUSA IMRON,musaimron23@gmail.com,+62 896-9949-2775
3209,080 - ASTANAJAPURA,017 - JAPURABAKTI,001900 - RT 003 RW 005 DUSUN 3,SODIKIN,dikinbabadan1314@gmail.com,+62 877-8318-6593,SYUKRON,syukronnajaa2016@gmail.com,+62 823-1883-3963
3209,080 - ASTANAJAPURA,017 - JAPURABAKTI,002000 - RT 004 RW 005 DUSUN 3,SODIKIN,dikinbabadan1314@gmail.com,+62 877-8318-6593,SRI YOSI,yossiyayu@gmail.com,+62 878-2424-3826
3209,080 - ASTANAJAPURA,017 - JAPURABAKTI,002100 - RT 001 RW 006 DUSUN 3,SODIKIN,dikinbabadan1314@gmail.com,+62 877-8318-6593,SUSILAWATI,susilawatisupandi89@gmail.com,+62 895-0860-8600
3209,080 - ASTANAJAPURA,017 - JAPURABAKTI,002200 - RT 002 RW 006 DUSUN 3,SODIKIN,dikinbabadan1314@gmail.com,+62 877-8318-6593,SRI YOSI,yossiyayu@gmail.com,+62 878-2424-3826
3209,080 - ASTANAJAPURA,017 - JAPURABAKTI,002400 - RT 004 RW 006 DUSUN 3,SODIKIN,dikinbabadan1314@gmail.com,+62 877-8318-6593,SYUKRON,syukronnajaa2016@gmail.com,+62 823-1883-3963
3209,080 - ASTANAJAPURA,017 - JAPURABAKTI,002500 - RT 001 RW 007 DUSUN 4,SODIKIN,dikinbabadan1314@gmail.com,+62 877-8318-6593,SRI YOSI,yossiyayu@gmail.com,+62 878-2424-3826
3209,080 - ASTANAJAPURA,017 - JAPURABAKTI,002700 - RT 003 RW 007 DUSUN 4,SODIKIN,dikinbabadan1314@gmail.com,+62 877-8318-6593,SYUKRON,syukronnajaa2016@gmail.com,+62 823-1883-3963
3209,080 - ASTANAJAPURA,017 - JAPURABAKTI,002800 - RT 004 RW 007 DUSUN 4,SODIKIN,dikinbabadan1314@gmail.com,+62 877-8318-6593,SUSILAWATI,susilawatisupandi89@gmail.com,+62 895-0860-8600
3209,080 - ASTANAJAPURA,017 - JAPURABAKTI,002900 - RT 001 RW 008 DUSUN 4,SODIKIN,dikinbabadan1314@gmail.com,+62 877-8318-6593,MUHAMMAD SAI,aajangkung78@gmail.com,+62 857-9409-7881
3209,080 - ASTANAJAPURA,017 - JAPURABAKTI,003000 - RT 002 RW 008 DUSUN 4,SODIKIN,dikinbabadan1314@gmail.com,+62 877-8318-6593,MUSA IMRON,musaimron23@gmail.com,+62 896-9949-2775
3209,080 - ASTANAJAPURA,017 - JAPURABAKTI,003100 - RT 003 RW 008 DUSUN 4,SODIKIN,dikinbabadan1314@gmail.com,+62 877-8318-6593,MUHAMMAD SAI,aajangkung78@gmail.com,+62 857-9409-7881
3209,080 - ASTANAJAPURA,017 - JAPURABAKTI,003200 - RT 004 RW 008 DUSUN 4,SODIKIN,dikinbabadan1314@gmail.com,+62 877-8318-6593,MUSA IMRON,musaimron23@gmail.com,+62 896-9949-2775
3209,080 - ASTANAJAPURA,017 - JAPURABAKTI,003300 - RT 006 RW 004 DUSUN 2,SODIKIN,dikinbabadan1314@gmail.com,+62 877-8318-6593,MUHAMMAD SAI,aajangkung78@gmail.com,+62 857-9409-7881
3209,080 - ASTANAJAPURA,017 - JAPURABAKTI,003400 - RT 005 RW  004 DUSUN 02,SODIKIN,dikinbabadan1314@gmail.com,+62 877-8318-6593,MUSA IMRON,musaimron23@gmail.com,+62 896-9949-2775
3209,080 - ASTANAJAPURA,017 - JAPURABAKTI,100100 - SAWAH,SODIKIN,dikinbabadan1314@gmail.com,+62 877-8318-6593,MUHAMMAD SAI,aajangkung78@gmail.com,+62 857-9409-7881
3209,081 - PANGENAN,001 - ASTANAMUKTI,000200 - RT 002 RW 001,HERI SUHERI,fazka635@gmail.com,0,SITI MUZDHALIFAH,smusdalifah565@gmail.com,0
3209,081 - PANGENAN,001 - ASTANAMUKTI,000300 - RT 003 RW 001,HERI SUHERI,fazka635@gmail.com,0,SITI MUZDHALIFAH,smusdalifah565@gmail.com,0
3209,081 - PANGENAN,001 - ASTANAMUKTI,000500 - RT 001 RW 002,HERI SUHERI,fazka635@gmail.com,0,SITI MUZDHALIFAH,smusdalifah565@gmail.com,0
3209,081 - PANGENAN,001 - ASTANAMUKTI,000600 - RT 002 RW 002,HERI SUHERI,fazka635@gmail.com,0,SITI MUZDHALIFAH,smusdalifah565@gmail.com,0
3209,081 - PANGENAN,001 - ASTANAMUKTI,000700 - RT 003 RW 002,HERI SUHERI,fazka635@gmail.com,0,SITI MUZDHALIFAH,smusdalifah565@gmail.com,0
3209,081 - PANGENAN,001 - ASTANAMUKTI,001600 - RT 001 RW 005,HERI SUHERI,fazka635@gmail.com,0,ALVINA AMELIA,alvinaamelia0107@gmail.com,+62 083-8248-82263
3209,081 - PANGENAN,001 - ASTANAMUKTI,100300 - SAWAH 03,HERI SUHERI,fazka635@gmail.com,0,ALVINA AMELIA,alvinaamelia0107@gmail.com,+62 083-8248-82263
3209,081 - PANGENAN,001 - ASTANAMUKTI,600500 - TAMBAK,HERI SUHERI,fazka635@gmail.com,0,SITI MUZDHALIFAH,smusdalifah565@gmail.com,0
3209,081 - PANGENAN,002 - PENGARENGAN,000201 - RT 002 RW 001,GUNAWAN,itikarsiti29@gmail.com,0,TAUFIQ HIDAYAT,htaufiq484@gmail.com,+62 895-8041-22236
3209,081 - PANGENAN,002 - PENGARENGAN,000300 - RT 001 RW 002,GUNAWAN,itikarsiti29@gmail.com,0,MUHAMMAD SAUKI ,aqielsyauqi@gmail.com,+62 895-0969-8545
3209,081 - PANGENAN,002 - PENGARENGAN,000400 - RT 002 RW 002,GUNAWAN,itikarsiti29@gmail.com,0,ARYANTO,arya.zairuzadi@gmail.com,+62 085-7236-88691
3209,081 - PANGENAN,002 - PENGARENGAN,000500 - RT 001 RW 003,GUNAWAN,itikarsiti29@gmail.com,0,MUHAMMAD SAUKI ,aqielsyauqi@gmail.com,+62 895-0969-8545
3209,081 - PANGENAN,002 - PENGARENGAN,000601 - RT 002 RW 003,GUNAWAN,itikarsiti29@gmail.com,0,TAUFIQ HIDAYAT,htaufiq484@gmail.com,+62 895-8041-22236
3209,081 - PANGENAN,002 - PENGARENGAN,000602 - RT 002 RW 003,GUNAWAN,itikarsiti29@gmail.com,0,TAUFIQ HIDAYAT,htaufiq484@gmail.com,+62 895-8041-22236
3209,081 - PANGENAN,002 - PENGARENGAN,000700 - RT 002 RW 004,GUNAWAN,itikarsiti29@gmail.com,0,ARYANTO,arya.zairuzadi@gmail.com,+62 085-7236-88691
3209,081 - PANGENAN,002 - PENGARENGAN,000800 - RT 001 RW 004,GUNAWAN,itikarsiti29@gmail.com,0,ARYANTO,arya.zairuzadi@gmail.com,+62 085-7236-88691
3209,081 - PANGENAN,002 - PENGARENGAN,000900 - RT 001 RW 005,GUNAWAN,itikarsiti29@gmail.com,0,MUHAMMAD SAUKI ,aqielsyauqi@gmail.com,+62 895-0969-8545
3209,081 - PANGENAN,002 - PENGARENGAN,001000 - RT 002 RW 005,GUNAWAN,itikarsiti29@gmail.com,0,MUHAMMAD SAUKI ,aqielsyauqi@gmail.com,+62 895-0969-8545
3209,081 - PANGENAN,002 - PENGARENGAN,001100 - RT 001 RW 006,GUNAWAN,itikarsiti29@gmail.com,0,MUHAMMAD SAUKI ,aqielsyauqi@gmail.com,+62 895-0969-8545
3209,081 - PANGENAN,002 - PENGARENGAN,001200 - RT 002 RW 006,GUNAWAN,itikarsiti29@gmail.com,0,ARYANTO,arya.zairuzadi@gmail.com,+62 085-7236-88691
3209,081 - PANGENAN,002 - PENGARENGAN,001300 - RT 001 RW 007,GUNAWAN,itikarsiti29@gmail.com,0,ARYANTO,arya.zairuzadi@gmail.com,+62 085-7236-88691
3209,081 - PANGENAN,002 - PENGARENGAN,001500 - RT 001 RW 008,GUNAWAN,itikarsiti29@gmail.com,0,MUHAMMAD SAUKI ,aqielsyauqi@gmail.com,+62 895-0969-8545
3209,081 - PANGENAN,002 - PENGARENGAN,100700 - SAWAH 04,GUNAWAN,itikarsiti29@gmail.com,0,ARYANTO,arya.zairuzadi@gmail.com,+62 085-7236-88691
3209,081 - PANGENAN,002 - PENGARENGAN,600200 - TAMBAK GARAM 01,GUNAWAN,itikarsiti29@gmail.com,0,MUHAMMAD SAUKI ,aqielsyauqi@gmail.com,+62 895-0969-8545
3209,081 - PANGENAN,002 - PENGARENGAN,600400 - TAMBAK GARAM 02,GUNAWAN,itikarsiti29@gmail.com,0,ARYANTO,arya.zairuzadi@gmail.com,+62 085-7236-88691
3209,081 - PANGENAN,002 - PENGARENGAN,600800 - TAMBAK,GUNAWAN,itikarsiti29@gmail.com,0,ARYANTO,arya.zairuzadi@gmail.com,+62 085-7236-88691
3209,081 - PANGENAN,003 - JAPURA LOR,000100 - RT 001 RW 001,HERI SUHERI,fazka635@gmail.com,0,FATIMAH,21.fatimahhh@gmail.com,+62 819-0984-5358
3209,081 - PANGENAN,003 - JAPURA LOR,000300 - RT 003 RW 001,HERI SUHERI,fazka635@gmail.com,0,FATIMAH,21.fatimahhh@gmail.com,+62 819-0984-5358
3209,081 - PANGENAN,003 - JAPURA LOR,000500 - RT 005 RW 002,HERI SUHERI,fazka635@gmail.com,0,FATIMAH,21.fatimahhh@gmail.com,+62 819-0984-5358
3209,081 - PANGENAN,003 - JAPURA LOR,000600 - RT 006 RW 002,HERI SUHERI,fazka635@gmail.com,0,SELAMET RIYANTO,selametalhufny@gmail.com,0
3209,081 - PANGENAN,003 - JAPURA LOR,000800 - RT 002 RW 003,HERI SUHERI,fazka635@gmail.com,0,ANDRIANI,andriyani60.ay14@gmail.com,+62 812-1856-0679
3209,081 - PANGENAN,003 - JAPURA LOR,000900 - RT 003 RW 003,HERI SUHERI,fazka635@gmail.com,0,ANDRIANI,andriyani60.ay14@gmail.com,+62 812-1856-0679
3209,081 - PANGENAN,003 - JAPURA LOR,001301 - RT 001 RW 005,HERI SUHERI,fazka635@gmail.com,0,VIVI LOVIAN,vivilovianak2@gmail.com,+62 859-4309-7009
3209,081 - PANGENAN,003 - JAPURA LOR,001302 - RT 001 RW 005,HERI SUHERI,fazka635@gmail.com,0,VIVI LOVIAN,vivilovianak2@gmail.com,+62 859-4309-7009
3209,081 - PANGENAN,003 - JAPURA LOR,001400 - RT 002 RW 005,HERI SUHERI,fazka635@gmail.com,0,SITI JUBAEDAH,sitijubaedahjapuralor@gmail.com,+62 895-8004-55554
3209,081 - PANGENAN,003 - JAPURA LOR,001500 - RT 003 RW 005,HERI SUHERI,fazka635@gmail.com,0,SITI JUBAEDAH,sitijubaedahjapuralor@gmail.com,+62 895-8004-55554
3209,081 - PANGENAN,003 - JAPURA LOR,001600 - RT 004 RW 006,HERI SUHERI,fazka635@gmail.com,0,SITI JUBAEDAH,sitijubaedahjapuralor@gmail.com,+62 895-8004-55554
3209,081 - PANGENAN,003 - JAPURA LOR,001700 - RT 005 RW 006,HERI SUHERI,fazka635@gmail.com,0,SITI JUBAEDAH,sitijubaedahjapuralor@gmail.com,+62 895-8004-55554
3209,081 - PANGENAN,003 - JAPURA LOR,001800 - RT 006 RW 006,HERI SUHERI,fazka635@gmail.com,0,SITI JUBAEDAH,sitijubaedahjapuralor@gmail.com,+62 895-8004-55554
3209,081 - PANGENAN,003 - JAPURA LOR,002400 - RT 006 RW 008,HERI SUHERI,fazka635@gmail.com,0,SELAMET RIYANTO,selametalhufny@gmail.com,0
3209,081 - PANGENAN,003 - JAPURA LOR,002500 - RT 001 RW 009,HERI SUHERI,fazka635@gmail.com,0,SELAMET RIYANTO,selametalhufny@gmail.com,0
3209,081 - PANGENAN,003 - JAPURA LOR,002600 - RT 002 RW 009,HERI SUHERI,fazka635@gmail.com,0,SELAMET RIYANTO,selametalhufny@gmail.com,0
3209,081 - PANGENAN,003 - JAPURA LOR,002700 - RT 003 RW 009,HERI SUHERI,fazka635@gmail.com,0,SELAMET RIYANTO,selametalhufny@gmail.com,0
3209,081 - PANGENAN,003 - JAPURA LOR,100200 - SAWAH,HERI SUHERI,fazka635@gmail.com,0,FATIMAH,21.fatimahhh@gmail.com,+62 819-0984-5358
3209,081 - PANGENAN,004 - BERINGIN,000100 - RT 001 RW 001,ALDI KURNIA PRATAMA,leobujanger46@gmail.com,+62 822-1473-5711,YAYAH CHOIRIYAH ,yayahchoiriyah34@gmail.com,+62 853-2341-1644
3209,081 - PANGENAN,004 - BERINGIN,000200 - RT 002 RW 001,ALDI KURNIA PRATAMA,leobujanger46@gmail.com,+62 822-1473-5711,YAYAH CHOIRIYAH ,yayahchoiriyah34@gmail.com,+62 853-2341-1644
3209,081 - PANGENAN,004 - BERINGIN,000400 - RT 004 RW 002,ALDI KURNIA PRATAMA,leobujanger46@gmail.com,+62 822-1473-5711,YAYAH CHOIRIYAH ,yayahchoiriyah34@gmail.com,+62 853-2341-1644
3209,081 - PANGENAN,004 - BERINGIN,000600 - RT 006 RW 002,ALDI KURNIA PRATAMA,leobujanger46@gmail.com,+62 822-1473-5711,SITI ROYANAH,iyukblok3@gmail.com,0
3209,081 - PANGENAN,004 - BERINGIN,000900 - RT 009 RW 003,ALDI KURNIA PRATAMA,leobujanger46@gmail.com,+62 822-1473-5711,SITI ROYANAH,iyukblok3@gmail.com,0
3209,081 - PANGENAN,004 - BERINGIN,001100 - RT 011 RW 004,ALDI KURNIA PRATAMA,leobujanger46@gmail.com,+62 822-1473-5711,SITI ROYANAH,iyukblok3@gmail.com,0
3209,081 - PANGENAN,004 - BERINGIN,001200 - RT 012 RW 004,ALDI KURNIA PRATAMA,leobujanger46@gmail.com,+62 822-1473-5711,SITI ROYANAH,iyukblok3@gmail.com,0
3209,081 - PANGENAN,005 - RAWAURIP,000100 - RT 001 RW 001 BLOK MANIS,ALDI KURNIA PRATAMA,leobujanger46@gmail.com,+62 822-1473-5711,EGA DWI ALVIANO,banyualviano@gmail.com,+62 813-2031-4380
3209,081 - PANGENAN,005 - RAWAURIP,000300 - RT 003 RW 002 BLOK MANIS,ALDI KURNIA PRATAMA,leobujanger46@gmail.com,+62 822-1473-5711,EGA DWI ALVIANO,banyualviano@gmail.com,+62 813-2031-4380
3209,081 - PANGENAN,005 - RAWAURIP,000400 - RT 004 RW 002 BLOK MANIS,ALDI KURNIA PRATAMA,leobujanger46@gmail.com,+62 822-1473-5711,ILYAS RUKHYAT,ilyasrukhyat123@gmail.com,+62 857-9725-0480
3209,081 - PANGENAN,005 - RAWAURIP,000700 - RT 002 RW 003 BLOK PAHING,ALDI KURNIA PRATAMA,leobujanger46@gmail.com,+62 822-1473-5711,ILYAS RUKHYAT,ilyasrukhyat123@gmail.com,+62 857-9725-0480
3209,081 - PANGENAN,005 - RAWAURIP,000800 - RT 003 RW 003 BLOK PAHING,ALDI KURNIA PRATAMA,leobujanger46@gmail.com,+62 822-1473-5711,ILYAS RUKHYAT,ilyasrukhyat123@gmail.com,+62 857-9725-0480
3209,081 - PANGENAN,005 - RAWAURIP,000900 - RT 004 RW 003 BLOK PAHING,ALDI KURNIA PRATAMA,leobujanger46@gmail.com,+62 822-1473-5711,ILYAS RUKHYAT,ilyasrukhyat123@gmail.com,+62 857-9725-0480
3209,081 - PANGENAN,005 - RAWAURIP,001100 - RT 001 RW 004 BLOK PON,ALDI KURNIA PRATAMA,leobujanger46@gmail.com,+62 822-1473-5711,LEA HAIFA AZHAR,leaazhar21@gmail.com,+62 895-0238-8360
3209,081 - PANGENAN,005 - RAWAURIP,001200 - RT 002 RW 004 BLOK PON,ALDI KURNIA PRATAMA,leobujanger46@gmail.com,+62 822-1473-5711,LEA HAIFA AZHAR,leaazhar21@gmail.com,+62 895-0238-8360
3209,081 - PANGENAN,005 - RAWAURIP,001300 - RT 003 RW 004 BLOK PON,ALDI KURNIA PRATAMA,leobujanger46@gmail.com,+62 822-1473-5711,LEA HAIFA AZHAR,leaazhar21@gmail.com,+62 895-0238-8360
3209,081 - PANGENAN,005 - RAWAURIP,001400 - RT 004 RW 005 BLOK PON,ALDI KURNIA PRATAMA,leobujanger46@gmail.com,+62 822-1473-5711,ANANDA FASYA,nandatosky0@gmail.com,+62 838-2226-6953
3209,081 - PANGENAN,005 - RAWAURIP,001500 - RT 005 RW 005 BLOK PON,ALDI KURNIA PRATAMA,leobujanger46@gmail.com,+62 822-1473-5711,ZAENUDIN,phitaxs06071984@gmail.com,+62 821-1729-0100
3209,081 - PANGENAN,005 - RAWAURIP,001700 - RT 002 RW 006 BLOK WAGE,ALDI KURNIA PRATAMA,leobujanger46@gmail.com,+62 822-1473-5711,ILYAS RUKHYAT,ilyasrukhyat123@gmail.com,+62 857-9725-0480
3209,081 - PANGENAN,005 - RAWAURIP,002000 - RT 005 RW 007 BLOK WAGE,ALDI KURNIA PRATAMA,leobujanger46@gmail.com,+62 822-1473-5711,ZAENUDIN,phitaxs06071984@gmail.com,+62 821-1729-0100
3209,081 - PANGENAN,005 - RAWAURIP,002700 - RT 006 RW 007 BLOK WAGE,ALDI KURNIA PRATAMA,leobujanger46@gmail.com,+62 822-1473-5711,ZAENUDIN,phitaxs06071984@gmail.com,+62 821-1729-0100
3209,081 - PANGENAN,005 - RAWAURIP,002900 - RT 003 RW 006 BLOK WAGE,ALDI KURNIA PRATAMA,leobujanger46@gmail.com,+62 822-1473-5711,ZAENUDIN,phitaxs06071984@gmail.com,+62 821-1729-0100
3209,081 - PANGENAN,005 - RAWAURIP,003100 - RT 006 RW 005 BLOK PON,ALDI KURNIA PRATAMA,leobujanger46@gmail.com,+62 822-1473-5711,ZAENUDIN,phitaxs06071984@gmail.com,+62 821-1729-0100
3209,081 - PANGENAN,005 - RAWAURIP,600200 - TAMBAK 2,ALDI KURNIA PRATAMA,leobujanger46@gmail.com,+62 822-1473-5711,EGA DWI ALVIANO,banyualviano@gmail.com,+62 813-2031-4380
3209,081 - PANGENAN,006 - BENDUNGAN,000300 - RT 003 RW 001,GUNAWAN,itikarsiti29@gmail.com,0,MUHAMAD,ahmadjayadi46@gmail.com,+62 823-1700-1200
3209,081 - PANGENAN,006 - BENDUNGAN,000400 - RT 004 RW 001,GUNAWAN,itikarsiti29@gmail.com,0,MUHAMAD,ahmadjayadi46@gmail.com,+62 823-1700-1200
3209,081 - PANGENAN,006 - BENDUNGAN,000500 - RT 001 RW 002,GUNAWAN,itikarsiti29@gmail.com,0,MUHAMAD,ahmadjayadi46@gmail.com,+62 823-1700-1200
3209,081 - PANGENAN,006 - BENDUNGAN,000600 - RT 002 RW 002,GUNAWAN,itikarsiti29@gmail.com,0,MUHAMAD,ahmadjayadi46@gmail.com,+62 823-1700-1200
3209,081 - PANGENAN,006 - BENDUNGAN,000700 - RT 003 RW 002,GUNAWAN,itikarsiti29@gmail.com,0,MUHAMAD,ahmadjayadi46@gmail.com,+62 823-1700-1200
3209,081 - PANGENAN,006 - BENDUNGAN,001200 - RT 004 RW 003,GUNAWAN,itikarsiti29@gmail.com,0,MUHAMAD,ahmadjayadi46@gmail.com,+62 823-1700-1200
3209,081 - PANGENAN,006 - BENDUNGAN,001400 - RT 002 RW 004,GUNAWAN,itikarsiti29@gmail.com,0,SITI HARFIYAH,sitiharfiyah26@gmail.com,0
3209,081 - PANGENAN,006 - BENDUNGAN,001600 - RT 004 RW 004,GUNAWAN,itikarsiti29@gmail.com,0,SITI HARFIYAH,sitiharfiyah26@gmail.com,0
3209,081 - PANGENAN,006 - BENDUNGAN,100100 - SAWAH 01,GUNAWAN,itikarsiti29@gmail.com,0,MUHAMAD,ahmadjayadi46@gmail.com,+62 823-1700-1200
3209,081 - PANGENAN,006 - BENDUNGAN,600200 - TAMBAK GARAM 01,GUNAWAN,itikarsiti29@gmail.com,0,MUHAMAD,ahmadjayadi46@gmail.com,+62 823-1700-1200
3209,081 - PANGENAN,006 - BENDUNGAN,600400 - TAMBAK GARAM 02,GUNAWAN,itikarsiti29@gmail.com,0,SITI HARFIYAH,sitiharfiyah26@gmail.com,0
3209,081 - PANGENAN,007 - PANGENAN,001300 - RT 003 RW 002,GUNAWAN,itikarsiti29@gmail.com,0,SAFITRI,trifitri07@gmail.com,0
3209,081 - PANGENAN,007 - PANGENAN,600600 - TAMBAK,GUNAWAN,itikarsiti29@gmail.com,0,SAFITRI,trifitri07@gmail.com,0
3209,081 - PANGENAN,008 - GETRAKMOYAN,000300 - RT 003 RW 001,ESTRI WIDASWORO,estriw75@gmail.com,+62 821-3004-6182,LAORA CERLIANA,laoracerliana42@gmail.com,+62 831-4907-0760
3209,081 - PANGENAN,008 - GETRAKMOYAN,000400 - RT 004 RW 001,ESTRI WIDASWORO,estriw75@gmail.com,+62 821-3004-6182,LAORA CERLIANA,laoracerliana42@gmail.com,+62 831-4907-0760
3209,081 - PANGENAN,008 - GETRAKMOYAN,000500 - RT 005 RW 001,ESTRI WIDASWORO,estriw75@gmail.com,+62 821-3004-6182,LAORA CERLIANA,laoracerliana42@gmail.com,+62 831-4907-0760
3209,081 - PANGENAN,008 - GETRAKMOYAN,000700 - RT 002 RW 002,ESTRI WIDASWORO,estriw75@gmail.com,+62 821-3004-6182,LAORA CERLIANA,laoracerliana42@gmail.com,+62 831-4907-0760
3209,081 - PANGENAN,008 - GETRAKMOYAN,000800 - RT 003 RW 002,ESTRI WIDASWORO,estriw75@gmail.com,+62 821-3004-6182,LAORA CERLIANA,laoracerliana42@gmail.com,+62 831-4907-0760
3209,081 - PANGENAN,008 - GETRAKMOYAN,000900 - RT 004 RW 002,ESTRI WIDASWORO,estriw75@gmail.com,+62 821-3004-6182,LAORA CERLIANA,laoracerliana42@gmail.com,+62 831-4907-0760
3209,081 - PANGENAN,008 - GETRAKMOYAN,001000 - RT 005 RW 002,ESTRI WIDASWORO,estriw75@gmail.com,+62 821-3004-6182,LAORA CERLIANA,laoracerliana42@gmail.com,+62 831-4907-0760
3209,081 - PANGENAN,008 - GETRAKMOYAN,001100 - RT 006 RW 002,ESTRI WIDASWORO,estriw75@gmail.com,+62 821-3004-6182,LAORA CERLIANA,laoracerliana42@gmail.com,+62 831-4907-0760
3209,081 - PANGENAN,008 - GETRAKMOYAN,001200 - RT 001 RW 003,ESTRI WIDASWORO,estriw75@gmail.com,+62 821-3004-6182,LAORA CERLIANA,laoracerliana42@gmail.com,+62 831-4907-0760
3209,081 - PANGENAN,008 - GETRAKMOYAN,001400 - RT 003 RW 003,ESTRI WIDASWORO,estriw75@gmail.com,+62 821-3004-6182,LAORA CERLIANA,laoracerliana42@gmail.com,+62 831-4907-0760
3209,081 - PANGENAN,008 - GETRAKMOYAN,001500 - RT 004 RW 003,ESTRI WIDASWORO,estriw75@gmail.com,+62 821-3004-6182,LAORA CERLIANA,laoracerliana42@gmail.com,+62 831-4907-0760
3209,081 - PANGENAN,008 - GETRAKMOYAN,001600 - RT 005 RW 003,ESTRI WIDASWORO,estriw75@gmail.com,+62 821-3004-6182,LAORA CERLIANA,laoracerliana42@gmail.com,+62 831-4907-0760
3209,081 - PANGENAN,008 - GETRAKMOYAN,001700 - RT 006 RW 003,ESTRI WIDASWORO,estriw75@gmail.com,+62 821-3004-6182,LELI LIANA,leliliana237@gmail.com,+62 838-2300-2834
3209,081 - PANGENAN,008 - GETRAKMOYAN,001800 - RT 001 RW 004,ESTRI WIDASWORO,estriw75@gmail.com,+62 821-3004-6182,HENDRIYANA HARBI,hendriyanaharbi@gmail.com,+62 838-6126-5892
3209,081 - PANGENAN,008 - GETRAKMOYAN,001900 - RT 002 RW 004,ESTRI WIDASWORO,estriw75@gmail.com,+62 821-3004-6182,LELI LIANA,leliliana237@gmail.com,+62 838-2300-2834
3209,081 - PANGENAN,008 - GETRAKMOYAN,002000 - RT 003 RW 004,ESTRI WIDASWORO,estriw75@gmail.com,+62 821-3004-6182,LELI LIANA,leliliana237@gmail.com,+62 838-2300-2834
3209,081 - PANGENAN,008 - GETRAKMOYAN,002100 - RT 004 RW 004,ESTRI WIDASWORO,estriw75@gmail.com,+62 821-3004-6182,LELI LIANA,leliliana237@gmail.com,+62 838-2300-2834
3209,081 - PANGENAN,008 - GETRAKMOYAN,002300 - RT 006 RW 004,ESTRI WIDASWORO,estriw75@gmail.com,+62 821-3004-6182,HENDRIYANA HARBI,hendriyanaharbi@gmail.com,+62 838-6126-5892
3209,081 - PANGENAN,008 - GETRAKMOYAN,002700 - RT 002 RW 005,ESTRI WIDASWORO,estriw75@gmail.com,+62 821-3004-6182,LELI LIANA,leliliana237@gmail.com,+62 838-2300-2834
3209,081 - PANGENAN,008 - GETRAKMOYAN,002800 - RT 003 RW 005,ESTRI WIDASWORO,estriw75@gmail.com,+62 821-3004-6182,LELI LIANA,leliliana237@gmail.com,+62 838-2300-2834
3209,081 - PANGENAN,008 - GETRAKMOYAN,002900 - RT 004 RW 005,ESTRI WIDASWORO,estriw75@gmail.com,+62 821-3004-6182,LELI LIANA,leliliana237@gmail.com,+62 838-2300-2834
3209,081 - PANGENAN,008 - GETRAKMOYAN,003000 - RT 005 RW 005,ESTRI WIDASWORO,estriw75@gmail.com,+62 821-3004-6182,LELI LIANA,leliliana237@gmail.com,+62 838-2300-2834
3209,081 - PANGENAN,008 - GETRAKMOYAN,003300 - RT 002 RW 006,ESTRI WIDASWORO,estriw75@gmail.com,+62 821-3004-6182,LELI LIANA,leliliana237@gmail.com,+62 838-2300-2834
3209,081 - PANGENAN,008 - GETRAKMOYAN,003400 - RT 003 RW 006,ESTRI WIDASWORO,estriw75@gmail.com,+62 821-3004-6182,LELI LIANA,leliliana237@gmail.com,+62 838-2300-2834
3209,081 - PANGENAN,008 - GETRAKMOYAN,003500 - RT 004 RW 006,ESTRI WIDASWORO,estriw75@gmail.com,+62 821-3004-6182,LELI LIANA,leliliana237@gmail.com,+62 838-2300-2834
3209,081 - PANGENAN,008 - GETRAKMOYAN,003600 - RT 005 RW 006,ESTRI WIDASWORO,estriw75@gmail.com,+62 821-3004-6182,LELI LIANA,leliliana237@gmail.com,+62 838-2300-2834
3209,081 - PANGENAN,008 - GETRAKMOYAN,003700 - RT 006 RW 006,ESTRI WIDASWORO,estriw75@gmail.com,+62 821-3004-6182,LELI LIANA,leliliana237@gmail.com,+62 838-2300-2834
3209,081 - PANGENAN,008 - GETRAKMOYAN,004000 - RT 003 RW 007,ESTRI WIDASWORO,estriw75@gmail.com,+62 821-3004-6182,HENDRIYANA HARBI,hendriyanaharbi@gmail.com,+62 838-6126-5892
3209,081 - PANGENAN,009 - ENDER,000100 - RT 001 RW 001,ESTRI WIDASWORO,estriw75@gmail.com,+62 821-3004-6182,SISKA PUTRI ADILAH ,siskaputriadila@gmail.com,+62 083-8900-28392
3209,081 - PANGENAN,009 - ENDER,001700 - RT 003 RW 005,ESTRI WIDASWORO,estriw75@gmail.com,+62 821-3004-6182,DILLA SHAFIA,dillashafia22@gmail.com,+62 895-3292-31906
3209,081 - PANGENAN,009 - ENDER,002100 - RT 002 RW 007,ESTRI WIDASWORO,estriw75@gmail.com,+62 821-3004-6182,DILLA SHAFIA,dillashafia22@gmail.com,+62 895-3292-31906
3209,081 - PANGENAN,009 - ENDER,002200 - RT 003 RW 007,ESTRI WIDASWORO,estriw75@gmail.com,+62 821-3004-6182,DILLA SHAFIA,dillashafia22@gmail.com,+62 895-3292-31906
3209,081 - PANGENAN,009 - ENDER,002300 - RT 005 RW 008,ESTRI WIDASWORO,estriw75@gmail.com,+62 821-3004-6182,DILLA SHAFIA,dillashafia22@gmail.com,+62 895-3292-31906
3209,081 - PANGENAN,009 - ENDER,600400 - TAMBAK,ESTRI WIDASWORO,estriw75@gmail.com,+62 821-3004-6182,DILLA SHAFIA,dillashafia22@gmail.com,+62 895-3292-31906
3209,090 - MUNDU,001 - SETUPATOK,000302 - RT 003 RW 001 DUSUN 001,MUSLIM,abiansyahputabihi@gmail.com,+62 895-1283-4813,MARIA ULFAH,alulafarzana0103@gmail.com,0
3209,090 - MUNDU,001 - SETUPATOK,000700 - RT 001 RW 002 DUSUN 001,DASLAM,acamdaslam123@gmail.com,0,SATINI ,satinibilal04@gmail.com,+62 895-6278-82892
3209,090 - MUNDU,001 - SETUPATOK,000800 - RT 002 RW 002 DUSUN 001,DASLAM,acamdaslam123@gmail.com,0,SATINI ,satinibilal04@gmail.com,+62 895-6278-82892
3209,090 - MUNDU,001 - SETUPATOK,001100 - RT 002 RW 003 DUSUN 002,DASLAM,acamdaslam123@gmail.com,0,TUTI SETIAWATI,tutisetia09@gmail.com,+62 888-9409-942
3209,090 - MUNDU,001 - SETUPATOK,001200 - RT 003 RW 003 DUSUN 002,DASLAM,acamdaslam123@gmail.com,0,TUTI SETIAWATI,tutisetia09@gmail.com,+62 888-9409-942
3209,090 - MUNDU,001 - SETUPATOK,001400 - RT 001 RW 004 DUSUN 002,DODI SUPRIYADI,dodisupriyadi342@gmail.com,+62 081-3131-34530,SAHLAN KHOFIFAH,khofifans@gmail.com,+62 856-0381-1427
3209,090 - MUNDU,001 - SETUPATOK,001500 - RT 002 RW 004 DUSUN 002,DODI SUPRIYADI,dodisupriyadi342@gmail.com,+62 081-3131-34530,SAHLAN KHOFIFAH,khofifans@gmail.com,+62 856-0381-1427
3209,090 - MUNDU,001 - SETUPATOK,001600 - RT 003 RW 004 DUSUN 002,DASLAM,acamdaslam123@gmail.com,0,ABDUL KOLID,kholidabdul058@gmail.com,+62 838-2495-8278
3209,090 - MUNDU,001 - SETUPATOK,001700 - RT 004 RW 004 DUSUN 002,DASLAM,acamdaslam123@gmail.com,0,ABDUL KOLID,kholidabdul058@gmail.com,+62 838-2495-8278
3209,090 - MUNDU,001 - SETUPATOK,001900 - RT 006 RW 004 DUSUN 002,DODI SUPRIYADI,dodisupriyadi342@gmail.com,+62 081-3131-34530,SAHLAN KHOFIFAH,khofifans@gmail.com,+62 856-0381-1427
3209,090 - MUNDU,001 - SETUPATOK,002000 - RT 007 RW 004 DUSUN 002,DASLAM,acamdaslam123@gmail.com,0,ABDUL KOLID,kholidabdul058@gmail.com,+62 838-2495-8278
3209,090 - MUNDU,001 - SETUPATOK,002100 - RT 001 RW 005 DUSUN 003,DASLAM,acamdaslam123@gmail.com,0,SITI MARIYAM,sitimariyamm1122@gmail.com,+62 812-2211-1791
3209,090 - MUNDU,001 - SETUPATOK,002200 - RT 002 RW 005 DUSUN 003,DASLAM,acamdaslam123@gmail.com,0,SITI MARIYAM,sitimariyamm1122@gmail.com,+62 812-2211-1791
3209,090 - MUNDU,001 - SETUPATOK,002600 - RT 002 RW 006 DUSUN 003,MUSLIM,abiansyahputabihi@gmail.com,+62 895-1283-4813,MOH AMDANI,amdanimooo@gmail.com,+62 896-7750-6999
3209,090 - MUNDU,001 - SETUPATOK,002700 - RT 003 RW 006 DUSUN 003,MUSLIM,abiansyahputabihi@gmail.com,+62 895-1283-4813,MOH AMDANI,amdanimooo@gmail.com,+62 896-7750-6999
3209,090 - MUNDU,001 - SETUPATOK,002800 - RT 004 RW 006 DUSUN 003,DASLAM,acamdaslam123@gmail.com,0,ABDUL KOLID,kholidabdul058@gmail.com,+62 838-2495-8278
3209,090 - MUNDU,001 - SETUPATOK,003000 - RT 006 RW 006 DUSUN 003,MUSLIM,abiansyahputabihi@gmail.com,+62 895-1283-4813,MARIA ULFAH,alulafarzana0103@gmail.com,0
3209,090 - MUNDU,001 - SETUPATOK,100100 - SAWAH,MUSLIM,abiansyahputabihi@gmail.com,+62 895-1283-4813,MARIA ULFAH,alulafarzana0103@gmail.com,0
3209,090 - MUNDU,001 - SETUPATOK,100300 - KEBUN,DASLAM,acamdaslam123@gmail.com,0,SATINI ,satinibilal04@gmail.com,+62 895-6278-82892
3209,090 - MUNDU,002 - PENPEN,000100 - RT 001 RW 001 DUSUN 001,MUSLIM,abiansyahputabihi@gmail.com,+62 895-1283-4813,ATIKAH ,atikahcrbn0231@gmail.com,+62 895-3750-00152
3209,090 - MUNDU,002 - PENPEN,000200 - RT 002 RW 001 DUSUN 001,MUSLIM,abiansyahputabihi@gmail.com,+62 895-1283-4813,ONI SAHRONI,onisahroni08@gmail.com,+62 896-4804-1281
3209,090 - MUNDU,002 - PENPEN,000300 - RT 003 RW 001 DUSUN 001,MUSLIM,abiansyahputabihi@gmail.com,+62 895-1283-4813,ONI SAHRONI,onisahroni08@gmail.com,+62 896-4804-1281
3209,090 - MUNDU,002 - PENPEN,000401 - RT 004 RW 001 DUSUN 001,MUSLIM,abiansyahputabihi@gmail.com,+62 895-1283-4813,ONI SAHRONI,onisahroni08@gmail.com,+62 896-4804-1281
3209,090 - MUNDU,002 - PENPEN,000402 - RT 004 RW 001 DUSUN 001,MUSLIM,abiansyahputabihi@gmail.com,+62 895-1283-4813,ONI SAHRONI,onisahroni08@gmail.com,+62 896-4804-1281
3209,090 - MUNDU,002 - PENPEN,000500 - RT 005 RW 001 DUSUN 001,MUSLIM,abiansyahputabihi@gmail.com,+62 895-1283-4813,NAILU ROHMAN,nailurohman2000@gmail.com,+62 896-7640-0470
3209,090 - MUNDU,002 - PENPEN,000601 - RT 001 RW 002 DUSUN 001,MUSLIM,abiansyahputabihi@gmail.com,+62 895-1283-4813,NAILU ROHMAN,nailurohman2000@gmail.com,+62 896-7640-0470
3209,090 - MUNDU,002 - PENPEN,000701 - RT 002 RW 002 DUSUN 001,MUSLIM,abiansyahputabihi@gmail.com,+62 895-1283-4813,NURKHASANAH,sayanurkhasanah91@gmail.com,+62 895-2990-7611
3209,090 - MUNDU,002 - PENPEN,000900 - RT 004 RW 002 DUSUN 001,MUSLIM,abiansyahputabihi@gmail.com,+62 895-1283-4813,NAILU ROHMAN,nailurohman2000@gmail.com,+62 896-7640-0470
3209,090 - MUNDU,002 - PENPEN,001001 - RT 005 RW 002 DUSUN 001,MUSLIM,abiansyahputabihi@gmail.com,+62 895-1283-4813,NAILU ROHMAN,nailurohman2000@gmail.com,+62 896-7640-0470
3209,090 - MUNDU,002 - PENPEN,001102 - RT 001 RW 003 DUSUN 002,MUSLIM,abiansyahputabihi@gmail.com,+62 895-1283-4813,ANAH SOFIYANAH,anahsofiyanah169@gmail.com,0
3209,090 - MUNDU,002 - PENPEN,001300 - RT 003 RW 003 DUSUN 002,MUSLIM,abiansyahputabihi@gmail.com,+62 895-1283-4813,ANAH SOFIYANAH,anahsofiyanah169@gmail.com,0
3209,090 - MUNDU,002 - PENPEN,001400 - RT 004 RW 003 DUSUN 002,MUSLIM,abiansyahputabihi@gmail.com,+62 895-1283-4813,ATIKAH ,atikahcrbn0231@gmail.com,+62 895-3750-00152
3209,090 - MUNDU,002 - PENPEN,001500 - RT 005 RW 003 DUSUN 002,MUSLIM,abiansyahputabihi@gmail.com,+62 895-1283-4813,ATIKAH ,atikahcrbn0231@gmail.com,+62 895-3750-00152
3209,090 - MUNDU,002 - PENPEN,001700 - RT 002 RW 004 DUSUN 002,MUSLIM,abiansyahputabihi@gmail.com,+62 895-1283-4813,ALFIAH,alfiahermawan97@gmail.com,+62 857-1868-4152
3209,090 - MUNDU,002 - PENPEN,001800 - RT 003 RW 004 DUSUN 002,MUSLIM,abiansyahputabihi@gmail.com,+62 895-1283-4813,ALFIAH,alfiahermawan97@gmail.com,+62 857-1868-4152
3209,090 - MUNDU,002 - PENPEN,002100 - RT 001 RW 005 DUSUN 002,MUSLIM,abiansyahputabihi@gmail.com,+62 895-1283-4813,ATIKAH ,atikahcrbn0231@gmail.com,+62 895-3750-00152
3209,090 - MUNDU,002 - PENPEN,002300 - RT 003 RW 005 DUSUN 002,MUSLIM,abiansyahputabihi@gmail.com,+62 895-1283-4813,NAILU ROHMAN,nailurohman2000@gmail.com,+62 896-7640-0470
3209,090 - MUNDU,003 - MUNDU MESIGIT,000200 - RT 002 RW 001 DUSUN KENARI,ADI SUSANTO,adijeh5@gmail.com,0,AHMAD FAOZI,fauzicnb@gmail.com,+62 081-2241-58883
3209,090 - MUNDU,003 - MUNDU MESIGIT,000300 - RT 003 RW 001 DUSUN KENARI,ADI SUSANTO,adijeh5@gmail.com,0,AHMAD FAOZI,fauzicnb@gmail.com,+62 081-2241-58883
3209,090 - MUNDU,003 - MUNDU MESIGIT,000500 - RT 002 RW 002 DUSUN KENARI,ADI SUSANTO,adijeh5@gmail.com,0,AHMAD FAOZI,fauzicnb@gmail.com,+62 081-2241-58883
3209,090 - MUNDU,003 - MUNDU MESIGIT,000600 - RT 003 RW 002 DUSUN KENARI,ADI SUSANTO,adijeh5@gmail.com,0,AHMAD FAOZI,fauzicnb@gmail.com,+62 081-2241-58883
3209,090 - MUNDU,003 - MUNDU MESIGIT,000700 - RT 001 RW 003 DUSUN SINABE,ADI SUSANTO,adijeh5@gmail.com,0,MITIYAH,thiacnb5@gmail.com,+62 831-3357-9828
3209,090 - MUNDU,003 - MUNDU MESIGIT,000800 - RT 002 RW 003 DUSUN SINABE,ADI SUSANTO,adijeh5@gmail.com,0,MITIYAH,thiacnb5@gmail.com,+62 831-3357-9828
3209,090 - MUNDU,003 - MUNDU MESIGIT,000900 - RT 003 RW 003 DUSUN SINABE,ADI SUSANTO,adijeh5@gmail.com,0,MITIYAH,thiacnb5@gmail.com,+62 831-3357-9828
3209,090 - MUNDU,003 - MUNDU MESIGIT,001400 - RT 002 RW 005 DUSUN MESIGIT,ADI SUSANTO,adijeh5@gmail.com,0,DEDE SETIAWAN,dedesetiawan0502@gmail.com,+62 823-9881-5494
3209,090 - MUNDU,003 - MUNDU MESIGIT,001500 - RT 001 RW 006 DUSUN MESIGIT,ADI SUSANTO,adijeh5@gmail.com,0,DEDE SETIAWAN,dedesetiawan0502@gmail.com,+62 823-9881-5494
3209,090 - MUNDU,003 - MUNDU MESIGIT,001700 - RT 001 RW 007 DUSUN PERM MUNDU DE CULTURE,ADI SUSANTO,adijeh5@gmail.com,0,AHMAD FAOZI,fauzicnb@gmail.com,+62 081-2241-58883
3209,090 - MUNDU,003 - MUNDU MESIGIT,100101 - PERSAWAHAN,ADI SUSANTO,adijeh5@gmail.com,0,DEDE SETIAWAN,dedesetiawan0502@gmail.com,+62 823-9881-5494
3209,090 - MUNDU,003 - MUNDU MESIGIT,100500 - PERSAWAHAN,ADI SUSANTO,adijeh5@gmail.com,0,AHMAD FAOZI,fauzicnb@gmail.com,+62 081-2241-58883
3209,090 - MUNDU,004 - LUWUNG,000101 - RT 01 RW 01 DUSUN 1,DASLAM,acamdaslam123@gmail.com,0,RESKY PRASETYO,reskyprasetyo49@gmail.com,+62 082-3173-93700
3209,090 - MUNDU,004 - LUWUNG,000200 - RT 02 RW 01 DUSUN 1,DASLAM,acamdaslam123@gmail.com,0,RESKY PRASETYO,reskyprasetyo49@gmail.com,+62 082-3173-93700
3209,090 - MUNDU,004 - LUWUNG,000300 - RT 01 RW 02 DUSUN 2,DASLAM,acamdaslam123@gmail.com,0,LIYANAH,lialiyanah1@gmail.com,+62 852-2458-5871
3209,090 - MUNDU,004 - LUWUNG,000400 - RT 02 RW 02 DUSUN 2,DASLAM,acamdaslam123@gmail.com,0,LIYANAH,lialiyanah1@gmail.com,+62 852-2458-5871
3209,090 - MUNDU,004 - LUWUNG,000500 - RT 01 RW 03 DUSUN 2,DASLAM,acamdaslam123@gmail.com,0,LIYANAH,lialiyanah1@gmail.com,+62 852-2458-5871
3209,090 - MUNDU,004 - LUWUNG,000600 - RT 02 RW 03 DUSUN 2,DASLAM,acamdaslam123@gmail.com,0,LIYANAH,lialiyanah1@gmail.com,+62 852-2458-5871
3209,090 - MUNDU,004 - LUWUNG,000700 - RT 01 RW 04 DUSUN 3,DASLAM,acamdaslam123@gmail.com,0,RESKY PRASETYO,reskyprasetyo49@gmail.com,+62 082-3173-93700
3209,090 - MUNDU,004 - LUWUNG,000800 - RT 02 RW 04 DUSUN 3,DASLAM,acamdaslam123@gmail.com,0,RESKY PRASETYO,reskyprasetyo49@gmail.com,+62 082-3173-93700
3209,090 - MUNDU,004 - LUWUNG,001100 - RT 01 RW 06 DUSUN 4,DASLAM,acamdaslam123@gmail.com,0,SUMINI,ss4488429@gmail.com,+62 087-7292-93232
3209,090 - MUNDU,004 - LUWUNG,001200 - RT 02 RW 06 DUSUN 4,DASLAM,acamdaslam123@gmail.com,0,SUMINI,ss4488429@gmail.com,+62 087-7292-93232
3209,090 - MUNDU,004 - LUWUNG,001300 - RT 01 RW 07 DUSUN 4,DASLAM,acamdaslam123@gmail.com,0,SUMINI,ss4488429@gmail.com,+62 087-7292-93232
3209,090 - MUNDU,004 - LUWUNG,001400 - RT 02 RW 07 DUSUN 4,DASLAM,acamdaslam123@gmail.com,0,SUMINI,ss4488429@gmail.com,+62 087-7292-93232
3209,090 - MUNDU,004 - LUWUNG,001600 - RT 01 RW 08 DUSUN 5,DASLAM,acamdaslam123@gmail.com,0,WIDI AULIA PUTRI,pwidiaulia@gmail.com,0
3209,090 - MUNDU,004 - LUWUNG,001700 - RT 02 RW 08 DUSUN 5,DASLAM,acamdaslam123@gmail.com,0,WIDI AULIA PUTRI,pwidiaulia@gmail.com,0
3209,090 - MUNDU,004 - LUWUNG,100100 - PERSAWAHAN/KEBUN,DASLAM,acamdaslam123@gmail.com,0,WIDI AULIA PUTRI,pwidiaulia@gmail.com,0
3209,090 - MUNDU,005 - WARUDUWUR,000100 - RT 001 RW 001 DUSUN 001,ELI YULIAWATI,eyuliawati160@gmail.com,+62 822-4584-9789,MARISA,marisaalysta79@gmail.com,+62 895-3852-07079
3209,090 - MUNDU,005 - WARUDUWUR,000200 - RT 002 RW 001 DUSUN 001,ELI YULIAWATI,eyuliawati160@gmail.com,+62 822-4584-9789,MARISA,marisaalysta79@gmail.com,+62 895-3852-07079
3209,090 - MUNDU,005 - WARUDUWUR,000300 - RT 003 RW 002 DUSUN 001,ELI YULIAWATI,eyuliawati160@gmail.com,+62 822-4584-9789,MARISA,marisaalysta79@gmail.com,+62 895-3852-07079
3209,090 - MUNDU,005 - WARUDUWUR,000500 - RT 005 RW 003 DUSUN 001,ELI YULIAWATI,eyuliawati160@gmail.com,+62 822-4584-9789,IRFAN YONANDA,yonanda.crb@gmail.com,+62 857-2220-4867
3209,090 - MUNDU,005 - WARUDUWUR,000600 - RT 006 RW 003 DUSUN 001,ELI YULIAWATI,eyuliawati160@gmail.com,+62 822-4584-9789,KOMALASARI ,komalasaribaru2022@gmail.com,0
3209,090 - MUNDU,005 - WARUDUWUR,000700 - RT 007 RW 004 DUSUN 002,ELI YULIAWATI,eyuliawati160@gmail.com,+62 822-4584-9789,IRFAN YONANDA,yonanda.crb@gmail.com,+62 857-2220-4867
3209,090 - MUNDU,005 - WARUDUWUR,000800 - RT 008 RW 004 DUSUN 002,ELI YULIAWATI,eyuliawati160@gmail.com,+62 822-4584-9789,KOMALASARI ,komalasaribaru2022@gmail.com,0
3209,090 - MUNDU,005 - WARUDUWUR,000900 - RT 009 RW 005 DUSUN 002,ELI YULIAWATI,eyuliawati160@gmail.com,+62 822-4584-9789,KOMALASARI ,komalasaribaru2022@gmail.com,0
3209,090 - MUNDU,005 - WARUDUWUR,001000 - RT 010 RW 005 DUSUN 002,ELI YULIAWATI,eyuliawati160@gmail.com,+62 822-4584-9789,IRFAN YONANDA,yonanda.crb@gmail.com,+62 857-2220-4867
3209,090 - MUNDU,005 - WARUDUWUR,100200 - SAWAH,ELI YULIAWATI,eyuliawati160@gmail.com,+62 822-4584-9789,MARISA,marisaalysta79@gmail.com,+62 895-3852-07079
3209,090 - MUNDU,005 - WARUDUWUR,100500 - SAWAH PERTANIAN,ELI YULIAWATI,eyuliawati160@gmail.com,+62 822-4584-9789,IRFAN YONANDA,yonanda.crb@gmail.com,+62 857-2220-4867
3209,090 - MUNDU,005 - WARUDUWUR,500300 - KAWASAN TERBANGUN,ELI YULIAWATI,eyuliawati160@gmail.com,+62 822-4584-9789,IRFAN YONANDA,yonanda.crb@gmail.com,+62 857-2220-4867
3209,090 - MUNDU,005 - WARUDUWUR,600100 - EMPANG,ELI YULIAWATI,eyuliawati160@gmail.com,+62 822-4584-9789,MARISA,marisaalysta79@gmail.com,+62 895-3852-07079
3209,090 - MUNDU,006 - CITEMU,000100 - RT 01 RW 01 DUSUN 1,ELI YULIAWATI,eyuliawati160@gmail.com,+62 822-4584-9789,ABDUL HALIM MAHMUD,halimkblo@gmail.com,+62 877-2408-8564
3209,090 - MUNDU,006 - CITEMU,000201 - RT 02 RW 01 DUSUN 1,ELI YULIAWATI,eyuliawati160@gmail.com,+62 822-4584-9789,ABDUL HALIM MAHMUD,halimkblo@gmail.com,+62 877-2408-8564
3209,090 - MUNDU,006 - CITEMU,000202 - RT 02 RW 01 DUSUN 1,ELI YULIAWATI,eyuliawati160@gmail.com,+62 822-4584-9789,NURHAYATI,bilqis.kayyisah15@gmail.com,+62 852-5054-6293
3209,090 - MUNDU,006 - CITEMU,000300 - RT 03 RW 01 DUSUN 1,ELI YULIAWATI,eyuliawati160@gmail.com,+62 822-4584-9789,NURHAYATI,bilqis.kayyisah15@gmail.com,+62 852-5054-6293
3209,090 - MUNDU,006 - CITEMU,000400 - RT 01 RW 02 DUSUN 1,ELI YULIAWATI,eyuliawati160@gmail.com,+62 822-4584-9789,NURHAYATI,bilqis.kayyisah15@gmail.com,+62 852-5054-6293
3209,090 - MUNDU,006 - CITEMU,000500 - RT 02 RW 02 DUSUN 2,ELI YULIAWATI,eyuliawati160@gmail.com,+62 822-4584-9789,NURHAYATI,bilqis.kayyisah15@gmail.com,+62 852-5054-6293
3209,090 - MUNDU,006 - CITEMU,000600 - RT 03 RW 02 DUSUN 2,ELI YULIAWATI,eyuliawati160@gmail.com,+62 822-4584-9789,ABDUL HALIM MAHMUD,halimkblo@gmail.com,+62 877-2408-8564
3209,090 - MUNDU,006 - CITEMU,000700 - RT 01 RW 03 DUSUN 2,ELI YULIAWATI,eyuliawati160@gmail.com,+62 822-4584-9789,ABDUL HALIM MAHMUD,halimkblo@gmail.com,+62 877-2408-8564
3209,090 - MUNDU,006 - CITEMU,000800 - RT 02 RW 03 DUSUN 2,ELI YULIAWATI,eyuliawati160@gmail.com,+62 822-4584-9789,NURHAYATI,bilqis.kayyisah15@gmail.com,+62 852-5054-6293
3209,090 - MUNDU,006 - CITEMU,000900 - RT 03 RW 03 DUSUN 2,ELI YULIAWATI,eyuliawati160@gmail.com,+62 822-4584-9789,ABDUL HALIM MAHMUD,halimkblo@gmail.com,+62 877-2408-8564
3209,090 - MUNDU,006 - CITEMU,300200 - TAMBAK,ELI YULIAWATI,eyuliawati160@gmail.com,+62 822-4584-9789,NURHAYATI,bilqis.kayyisah15@gmail.com,+62 852-5054-6293
3209,090 - MUNDU,007 - BANDENGAN,000100 - RT 001 RW 001 DUSUN 001,ADI SUSANTO,adijeh5@gmail.com,0,SRIYANA,kiandraibrahim0@gmail.com,+62 838-2470-2117
3209,090 - MUNDU,007 - BANDENGAN,000200 - RT 002 RW 001 DUSUN 001,ADI SUSANTO,adijeh5@gmail.com,0,SRIYANA,kiandraibrahim0@gmail.com,+62 838-2470-2117
3209,090 - MUNDU,007 - BANDENGAN,000300 - RT 003 RW 001 DUSUN 001,ADI SUSANTO,adijeh5@gmail.com,0,SRIYANA,kiandraibrahim0@gmail.com,+62 838-2470-2117
3209,090 - MUNDU,007 - BANDENGAN,000400 - RT 001 RW 002 DUSUN 001,ADI SUSANTO,adijeh5@gmail.com,0,SRIYANA,kiandraibrahim0@gmail.com,+62 838-2470-2117
3209,090 - MUNDU,007 - BANDENGAN,000600 - RT 003 RW 002 DUSUN 001,ADI SUSANTO,adijeh5@gmail.com,0,SRIYANA,kiandraibrahim0@gmail.com,+62 838-2470-2117
3209,090 - MUNDU,007 - BANDENGAN,100100 - SAWAH,ADI SUSANTO,adijeh5@gmail.com,0,MOCHAMMAD HAMKA ,bugelhamka@gmail.com,+62 821-3002-3333
3209,090 - MUNDU,008 - MUNDU PESISIR,000100 - RT 01 RW 01 DUSUN 1,SOLIKHIN,nchoheh15@gmail.com,+62 838-2493-1107,DEDE YULIANTI,dedey5362@gmail.com,+62 896-7385-6598
3209,090 - MUNDU,008 - MUNDU PESISIR,000200 - RT 02 RW 01 DUSUN 1,SOLIKHIN,nchoheh15@gmail.com,+62 838-2493-1107,DEDE YULIANTI,dedey5362@gmail.com,+62 896-7385-6598
3209,090 - MUNDU,008 - MUNDU PESISIR,000300 - RT 03 RW 01 DUSUN 1,SOLIKHIN,nchoheh15@gmail.com,+62 838-2493-1107,DEDE YULIANTI,dedey5362@gmail.com,+62 896-7385-6598
3209,090 - MUNDU,008 - MUNDU PESISIR,000400 - RT 01 RW 02 DUSUN 1,SOLIKHIN,nchoheh15@gmail.com,+62 838-2493-1107,DEDE YULIANTI,dedey5362@gmail.com,+62 896-7385-6598
3209,090 - MUNDU,008 - MUNDU PESISIR,000500 - RT 02 RW 02 DUSUN 1,SOLIKHIN,nchoheh15@gmail.com,+62 838-2493-1107,DEDE YULIANTI,dedey5362@gmail.com,+62 896-7385-6598
3209,090 - MUNDU,008 - MUNDU PESISIR,000600 - RT 03 RW 02 DUSUN 1,SOLIKHIN,nchoheh15@gmail.com,+62 838-2493-1107,DEDE YULIANTI,dedey5362@gmail.com,+62 896-7385-6598
3209,090 - MUNDU,008 - MUNDU PESISIR,000800 - RT 01 RW 03 DUSUN 2,SOLIKHIN,nchoheh15@gmail.com,+62 838-2493-1107,ERINA,erin66775@gmail.com,+62 813-9213-3098
3209,090 - MUNDU,008 - MUNDU PESISIR,001000 - RT 03 RW 03 DUSUN 2,SOLIKHIN,nchoheh15@gmail.com,+62 838-2493-1107,NAILATUL INAYAH,nailainayah25@gmail.com,+62 812-2155-4582
3209,090 - MUNDU,008 - MUNDU PESISIR,001100 - RT 04 RW 03 DUSUN 2,SOLIKHIN,nchoheh15@gmail.com,+62 838-2493-1107,NAILATUL INAYAH,nailainayah25@gmail.com,+62 812-2155-4582
3209,090 - MUNDU,008 - MUNDU PESISIR,001200 - RT 01 RW 04 DUSUN 2,SOLIKHIN,nchoheh15@gmail.com,+62 838-2493-1107,DEWI SITI RUKMANA,dewisitirukmana67@gmail.com,+62 895-6064-68967
3209,090 - MUNDU,008 - MUNDU PESISIR,001300 - RT 02 RW 04 DUSUN 2,SOLIKHIN,nchoheh15@gmail.com,+62 838-2493-1107,NAILATUL INAYAH,nailainayah25@gmail.com,+62 812-2155-4582
3209,090 - MUNDU,008 - MUNDU PESISIR,001400 - RT 03 RW 04 DUSUN 2,SOLIKHIN,nchoheh15@gmail.com,+62 838-2493-1107,ERINA,erin66775@gmail.com,+62 813-9213-3098
3209,090 - MUNDU,008 - MUNDU PESISIR,001800 - RT 04 RW 05 DUSUN 3,SOLIKHIN,nchoheh15@gmail.com,+62 838-2493-1107,NAILATUL INAYAH,nailainayah25@gmail.com,+62 812-2155-4582
3209,090 - MUNDU,008 - MUNDU PESISIR,001900 - RT 01 RW 06 DUSUN 3,SOLIKHIN,nchoheh15@gmail.com,+62 838-2493-1107,DEWI SITI RUKMANA,dewisitirukmana67@gmail.com,+62 895-6064-68967
3209,090 - MUNDU,008 - MUNDU PESISIR,002000 - RT 02 RW 06 DUSUN 3,SOLIKHIN,nchoheh15@gmail.com,+62 838-2493-1107,DEWI SITI RUKMANA,dewisitirukmana67@gmail.com,+62 895-6064-68967
3209,090 - MUNDU,008 - MUNDU PESISIR,002100 - RT 03 RW 06 DUSUN 3,SOLIKHIN,nchoheh15@gmail.com,+62 838-2493-1107,DEWI SITI RUKMANA,dewisitirukmana67@gmail.com,+62 895-6064-68967
3209,090 - MUNDU,008 - MUNDU PESISIR,002300 - RT 01 RW 07 DUSUN 4,SOLIKHIN,nchoheh15@gmail.com,+62 838-2493-1107,SUSANTI,alunna04@gmail.com,+62 895-3808-50514
3209,090 - MUNDU,008 - MUNDU PESISIR,002400 - RT 02 RW 07 DUSUN 4,SOLIKHIN,nchoheh15@gmail.com,+62 838-2493-1107,SUSANTI,alunna04@gmail.com,+62 895-3808-50514
3209,090 - MUNDU,008 - MUNDU PESISIR,002500 - RT 01 RW 08 DUSUN 4,SOLIKHIN,nchoheh15@gmail.com,+62 838-2493-1107,SUSANTI,alunna04@gmail.com,+62 895-3808-50514
3209,090 - MUNDU,008 - MUNDU PESISIR,002700 - RT 03 RW 08 DUSUN 4,SOLIKHIN,nchoheh15@gmail.com,+62 838-2493-1107,SUSANTI,alunna04@gmail.com,+62 895-3808-50514
3209,090 - MUNDU,008 - MUNDU PESISIR,002900 - RT 01 RW 09 DUSUN 1,SOLIKHIN,nchoheh15@gmail.com,+62 838-2493-1107,DEWI SITI RUKMANA,dewisitirukmana67@gmail.com,+62 895-6064-68967
3209,090 - MUNDU,008 - MUNDU PESISIR,003000 - RT 02 RW 09 DUSUN 1,SOLIKHIN,nchoheh15@gmail.com,+62 838-2493-1107,SUSANTI,alunna04@gmail.com,+62 895-3808-50514
3209,090 - MUNDU,008 - MUNDU PESISIR,"100200 - NON SLS PERSAWAHAN, PERKEBUNAN TEBU",SOLIKHIN,nchoheh15@gmail.com,+62 838-2493-1107,NAILATUL INAYAH,nailainayah25@gmail.com,+62 812-2155-4582
3209,090 - MUNDU,009 - SUCI,000200 - RT 002 RW 001 DUSUN 001,AKRUDI,akrudiakrudi9@gmail.com,+62 811-1112-2675,ADE IRAWAN,iade23034@gmail.com,+62 852-6928-4035
3209,090 - MUNDU,009 - SUCI,000300 - RT 003 RW 001 DUSUN 001,AKRUDI,akrudiakrudi9@gmail.com,+62 811-1112-2675,ADE IRAWAN,iade23034@gmail.com,+62 852-6928-4035
3209,090 - MUNDU,009 - SUCI,000400 - RT 004 RW 001 DUSUN 001,AKRUDI,akrudiakrudi9@gmail.com,+62 811-1112-2675,ADE IRAWAN,iade23034@gmail.com,+62 852-6928-4035
3209,090 - MUNDU,009 - SUCI,000500 - RT 001 RW 002 DUSUN 002,AKRUDI,akrudiakrudi9@gmail.com,+62 811-1112-2675,TOMI RIZA,tom.tek80@gmail.com,+62 895-3573-35619
3209,090 - MUNDU,009 - SUCI,000700 - RT 003 RW 002 DUSUN 002,AKRUDI,akrudiakrudi9@gmail.com,+62 811-1112-2675,TOMI RIZA,tom.tek80@gmail.com,+62 895-3573-35619
3209,090 - MUNDU,009 - SUCI,000800 - RT 004 RW 002 DUSUN 002,AKRUDI,akrudiakrudi9@gmail.com,+62 811-1112-2675,TOMI RIZA,tom.tek80@gmail.com,+62 895-3573-35619
3209,090 - MUNDU,009 - SUCI,001100 - RT 002 RW 003 DUSUN 003,AKRUDI,akrudiakrudi9@gmail.com,+62 811-1112-2675,ASEP MU’MIN,asepmukmin22@gmail.com,+62 812-3354-4294
3209,090 - MUNDU,009 - SUCI,001300 - RT 004 RW 003 DUSUN 003,AKRUDI,akrudiakrudi9@gmail.com,+62 811-1112-2675,ASEP MU’MIN,asepmukmin22@gmail.com,+62 812-3354-4294
3209,090 - MUNDU,009 - SUCI,100200 - BLOK SIBLANTEN,AKRUDI,akrudiakrudi9@gmail.com,+62 811-1112-2675,ADE IRAWAN,iade23034@gmail.com,+62 852-6928-4035
3209,090 - MUNDU,010 - BANJARWANGUNAN,000600 - RT 001 RW 002 DUSUN 001,AKRUDI,akrudiakrudi9@gmail.com,+62 811-1112-2675,RIZAL SAPUTRA ,rizalsaputra1020@gmail.com,+62 897-6004-968
3209,090 - MUNDU,010 - BANJARWANGUNAN,000900 - RT 004 RW 002 DUSUN 001,AKRUDI,akrudiakrudi9@gmail.com,+62 811-1112-2675,NASIHIN,nasihindede82@gmail.com,+62 081-3954-50679
3209,090 - MUNDU,010 - BANJARWANGUNAN,001000 - RT 001 RW 003 DUSUN 002,AKRUDI,akrudiakrudi9@gmail.com,+62 811-1112-2675,RIZAL SAPUTRA ,rizalsaputra1020@gmail.com,+62 897-6004-968
3209,090 - MUNDU,010 - BANJARWANGUNAN,001100 - RT 002 RW 003 DUSUN 002,AKRUDI,akrudiakrudi9@gmail.com,+62 811-1112-2675,RIZAL SAPUTRA ,rizalsaputra1020@gmail.com,+62 897-6004-968
3209,090 - MUNDU,010 - BANJARWANGUNAN,001200 - RT 003 RW 003 DUSUN 002,AKRUDI,akrudiakrudi9@gmail.com,+62 811-1112-2675,RIZAL SAPUTRA ,rizalsaputra1020@gmail.com,+62 897-6004-968
3209,090 - MUNDU,010 - BANJARWANGUNAN,001500 - RT 001 RW 004 DUSUN 003,AKRUDI,akrudiakrudi9@gmail.com,+62 811-1112-2675,ARI RUSTIANA,rustianaari@gmail.com,+62 815-4677-4424
3209,090 - MUNDU,010 - BANJARWANGUNAN,001700 - RT 003 RW 004 DUSUN 003,AKRUDI,akrudiakrudi9@gmail.com,+62 811-1112-2675,CUTI HARTATI ,cutihartati17@gmail.com,+62 831-3398-1815
3209,090 - MUNDU,010 - BANJARWANGUNAN,001800 - RT 001 RW 005 DUSUN 003,AKRUDI,akrudiakrudi9@gmail.com,+62 811-1112-2675,CUTI HARTATI ,cutihartati17@gmail.com,+62 831-3398-1815
3209,090 - MUNDU,010 - BANJARWANGUNAN,001900 - RT 002 RW 005 DUSUN 003,AKRUDI,akrudiakrudi9@gmail.com,+62 811-1112-2675,CUTI HARTATI ,cutihartati17@gmail.com,+62 831-3398-1815
3209,090 - MUNDU,010 - BANJARWANGUNAN,002000 - RT 003 RW 005 DUSUN 003,AKRUDI,akrudiakrudi9@gmail.com,+62 811-1112-2675,CUTI HARTATI ,cutihartati17@gmail.com,+62 831-3398-1815
3209,090 - MUNDU,010 - BANJARWANGUNAN,002200 - RT 002 RW 006 DUSUN 004,AKRUDI,akrudiakrudi9@gmail.com,+62 811-1112-2675,CUTI HARTATI ,cutihartati17@gmail.com,+62 831-3398-1815
3209,090 - MUNDU,010 - BANJARWANGUNAN,002300 - RT 003 RW 006 DUSUN 004,AKRUDI,akrudiakrudi9@gmail.com,+62 811-1112-2675,CUTI HARTATI ,cutihartati17@gmail.com,+62 831-3398-1815
3209,090 - MUNDU,010 - BANJARWANGUNAN,002600 - RT 002 RW 007 DUSUN 005,SOLIKHIN,nchoheh15@gmail.com,+62 838-2493-1107,DWI RAHMA NOVIANA,dwirahmanoviana66@gmail.com,+62 888-0200-7403
3209,090 - MUNDU,010 - BANJARWANGUNAN,002700 - RT 003 RW 007 DUSUN 005,SOLIKHIN,nchoheh15@gmail.com,+62 838-2493-1107,DWI RAHMA NOVIANA,dwirahmanoviana66@gmail.com,+62 888-0200-7403
3209,090 - MUNDU,010 - BANJARWANGUNAN,003200 - RT 002 RW 008 DUSUN 005,SOLIKHIN,nchoheh15@gmail.com,+62 838-2493-1107,DWI RAHMA NOVIANA,dwirahmanoviana66@gmail.com,+62 888-0200-7403
3209,090 - MUNDU,010 - BANJARWANGUNAN,003600 - RT 006 RW 008 DUSUN 005,ELI YULIAWATI,eyuliawati160@gmail.com,+62 822-4584-9789,GLADYS PUTRI SYAHANWAR,gladysps043@gmail.com,+62 858-4659-5189
3209,090 - MUNDU,010 - BANJARWANGUNAN,004500 - RT 007 RW 003 DUSUN 002,SOLIKHIN,nchoheh15@gmail.com,+62 838-2493-1107,KHOIRIYYAH,khoiriyyah39@gmail.com,+62 899-3620-891
3209,090 - MUNDU,010 - BANJARWANGUNAN,100100 - SAWAH,SOLIKHIN,nchoheh15@gmail.com,+62 838-2493-1107,KHOIRIYYAH,khoiriyyah39@gmail.com,+62 899-3620-891
3209,090 - MUNDU,011 - PAMENGKANG,000100 - RT 001 RW 001 DUSUN 1 BLOK MANIS,DODI SUPRIYADI,dodisupriyadi342@gmail.com,+62 081-3131-34530,PUTRI RACHMAWATI,prachmawati567@gmail.com,+62 089-6035-51725
3209,090 - MUNDU,011 - PAMENGKANG,000700 - RT 007 RW 002 DUSUN 1 BLOK MANIS,KHAERUDIN,rdnkhrudin8@gmail.com,+62 085-2248-25752,TITI SUSANTI,susantititi84@gmail.com,+62 821-2871-7260
3209,090 - MUNDU,011 - PAMENGKANG,000800 - RT 001 RW 003 DUSUN 1 BLOK PAHING,KHAERUDIN,rdnkhrudin8@gmail.com,+62 085-2248-25752,TITI SUSANTI,susantititi84@gmail.com,+62 821-2871-7260
3209,090 - MUNDU,011 - PAMENGKANG,000900 - RT 002 RW 003 DUSUN 1 BLOK PAHING,KHAERUDIN,rdnkhrudin8@gmail.com,+62 085-2248-25752,MOHAMAD AGUNG CIPTADI,agungciptadi1@gmail.com,+62 812-1424-9454
3209,090 - MUNDU,011 - PAMENGKANG,001000 - RT 003 RW 003 DUSUN 1 BLOK PAHING,DODI SUPRIYADI,dodisupriyadi342@gmail.com,+62 081-3131-34530,IMAS TRIHASTUTI,anilahanilah85@gmail.com,+62 853-1537-0709
3209,090 - MUNDU,011 - PAMENGKANG,001700 - RT 003 RW 005 DUSUN 3 BLOK PON,DODI SUPRIYADI,dodisupriyadi342@gmail.com,+62 081-3131-34530,LINA MARLINA,mamiolario09@gmail.com,+62 813-1400-0240
3209,090 - MUNDU,011 - PAMENGKANG,001900 - RT 005 RW 005 DUSUN 3 BLOK PON,DODI SUPRIYADI,dodisupriyadi342@gmail.com,+62 081-3131-34530,LINA MARLINA,mamiolario09@gmail.com,+62 813-1400-0240
3209,090 - MUNDU,011 - PAMENGKANG,002000 - RT 006 RW 005 DUSUN 3 BLOK PON,KHAERUDIN,rdnkhrudin8@gmail.com,+62 085-2248-25752,MOHAMAD AGUNG CIPTADI,agungciptadi1@gmail.com,+62 812-1424-9454
3209,090 - MUNDU,011 - PAMENGKANG,002100 - RT 001 RW 006 DUSUN 4 BLOK WAGE,KHAERUDIN,rdnkhrudin8@gmail.com,+62 085-2248-25752,AGUS SUPRIYADI,agusadila99@gmail.com,+62 853-1911-9199
3209,090 - MUNDU,011 - PAMENGKANG,002200 - RT 002 RW 006 DUSUN 4 BLOK WAGE,KHAERUDIN,rdnkhrudin8@gmail.com,+62 085-2248-25752,AGUS SUPRIYADI,agusadila99@gmail.com,+62 853-1911-9199
3209,090 - MUNDU,011 - PAMENGKANG,002300 - RT 003 RW 006 DUSUN 4 BLOK WAGE,KHAERUDIN,rdnkhrudin8@gmail.com,+62 085-2248-25752,AGUS SUPRIYADI,agusadila99@gmail.com,+62 853-1911-9199
3209,090 - MUNDU,011 - PAMENGKANG,002400 - RT 004 RW 007 DUSUN 4 BLOK WAGE,KHAERUDIN,rdnkhrudin8@gmail.com,+62 085-2248-25752,AGUS SUPRIYADI,agusadila99@gmail.com,+62 853-1911-9199
3209,090 - MUNDU,011 - PAMENGKANG,002601 - RT 006 RW 007 DUSUN 4 BLOK WAGE,KHAERUDIN,rdnkhrudin8@gmail.com,+62 085-2248-25752,AGUS SUPRIYADI,agusadila99@gmail.com,+62 853-1911-9199
3209,090 - MUNDU,011 - PAMENGKANG,003400 - RT 005 RW 013 DUSUN 5,KHAERUDIN,rdnkhrudin8@gmail.com,+62 085-2248-25752,TITI SUSANTI,susantititi84@gmail.com,+62 821-2871-7260
3209,090 - MUNDU,011 - PAMENGKANG,003600 - RT 001 RW 009 DUSUN 5 GPP,KHAERUDIN,rdnkhrudin8@gmail.com,+62 085-2248-25752,AYU VERAYANI,ayuv3658@gmail.com,+62 857-9553-3535
3209,090 - MUNDU,011 - PAMENGKANG,004100 - RT 006 RW 009 DUSUN 5 GPP,KHAERUDIN,rdnkhrudin8@gmail.com,+62 085-2248-25752,AYU VERAYANI,ayuv3658@gmail.com,+62 857-9553-3535
3209,090 - MUNDU,011 - PAMENGKANG,004500 - RT 001 RW 010 DUSUN 5 GPP,KHAERUDIN,rdnkhrudin8@gmail.com,+62 085-2248-25752,SUSILIYANTI,susiliyanti146@gmail.com,+62 813-8012-4285
3209,090 - MUNDU,011 - PAMENGKANG,004600 - RT 002 RW 010 DUSUN 5 GPP,KHAERUDIN,rdnkhrudin8@gmail.com,+62 085-2248-25752,SUSILIYANTI,susiliyanti146@gmail.com,+62 813-8012-4285
3209,090 - MUNDU,011 - PAMENGKANG,004700 - RT 003 RW 010 DUSUN 5 GPP,KHAERUDIN,rdnkhrudin8@gmail.com,+62 085-2248-25752,SUSILIYANTI,susiliyanti146@gmail.com,+62 813-8012-4285
3209,090 - MUNDU,011 - PAMENGKANG,004800 - RT 004 RW 010 DUSUN 5 GPP,KHAERUDIN,rdnkhrudin8@gmail.com,+62 085-2248-25752,SUSILIYANTI,susiliyanti146@gmail.com,+62 813-8012-4285
3209,090 - MUNDU,011 - PAMENGKANG,005100 - RT 004 RW 012 DUSUN 5 GPP,DODI SUPRIYADI,dodisupriyadi342@gmail.com,+62 081-3131-34530,LINA MARLINA,mamiolario09@gmail.com,+62 813-1400-0240
3209,090 - MUNDU,011 - PAMENGKANG,005300 - RT 001 RW 011 DUSUN PON,KHAERUDIN,rdnkhrudin8@gmail.com,+62 085-2248-25752,ASIH SUTRISNA,asihsutrisna010229@gmail.com,+62 821-2616-4829
3209,090 - MUNDU,011 - PAMENGKANG,005500 - RT 003 RW 011 DUSUN PON,KHAERUDIN,rdnkhrudin8@gmail.com,+62 085-2248-25752,ASIH SUTRISNA,asihsutrisna010229@gmail.com,+62 821-2616-4829
3209,090 - MUNDU,011 - PAMENGKANG,005600 - RT 004 RW 011 DUSUN PON,KHAERUDIN,rdnkhrudin8@gmail.com,+62 085-2248-25752,ASIH SUTRISNA,asihsutrisna010229@gmail.com,+62 821-2616-4829
3209,090 - MUNDU,011 - PAMENGKANG,005700 - RT 005 RW 011 DUSUN PON,KHAERUDIN,rdnkhrudin8@gmail.com,+62 085-2248-25752,ASIH SUTRISNA,asihsutrisna010229@gmail.com,+62 821-2616-4829
3209,090 - MUNDU,011 - PAMENGKANG,005800 - RT 009 RW 010 DUSUN 5 GPP,KHAERUDIN,rdnkhrudin8@gmail.com,+62 085-2248-25752,EVI SULASTRI,sulastrievi120@gmail.com,+62 813-9443-2004
3209,090 - MUNDU,011 - PAMENGKANG,006100 - RT 005 RW 001 DUSUN 1 BLOK MANIS,KHAERUDIN,rdnkhrudin8@gmail.com,+62 085-2248-25752,EVI SULASTRI,sulastrievi120@gmail.com,+62 813-9443-2004
3209,090 - MUNDU,011 - PAMENGKANG,100200 - SAWAH,KHAERUDIN,rdnkhrudin8@gmail.com,+62 085-2248-25752,SUSILIYANTI,susiliyanti146@gmail.com,+62 813-8012-4285
3209,090 - MUNDU,011 - PAMENGKANG,400503 - PEMUKIMAN PENDUDUK,KHAERUDIN,rdnkhrudin8@gmail.com,+62 085-2248-25752,AYU VERAYANI,ayuv3658@gmail.com,+62 857-9553-3535
3209,090 - MUNDU,012 - SINARANCANG,000100 - RT 001 RW 01 DUSUN 001,DODI SUPRIYADI,dodisupriyadi342@gmail.com,+62 081-3131-34530,SATA SUPRIADI,satasupriadi@gmail.com,+62 813-2000-1609
3209,090 - MUNDU,012 - SINARANCANG,000300 - RT 003 RW 01 DUSUN 001,DODI SUPRIYADI,dodisupriyadi342@gmail.com,+62 081-3131-34530,SATA SUPRIADI,satasupriadi@gmail.com,+62 813-2000-1609
3209,090 - MUNDU,012 - SINARANCANG,000800 - RT 008 RW 03 DUSUN 002,DODI SUPRIYADI,dodisupriyadi342@gmail.com,+62 081-3131-34530,SATA SUPRIADI,satasupriadi@gmail.com,+62 813-2000-1609
3209,090 - MUNDU,012 - SINARANCANG,001100 - RT 011 RW 04 DUSUN 002,DODI SUPRIYADI,dodisupriyadi342@gmail.com,+62 081-3131-34530,SATA SUPRIADI,satasupriadi@gmail.com,+62 813-2000-1609
3209,100 - BEBER,001 - WANAYASA,000100 - RT 001 RW 001 BLOK PALINGGIHAN,SUDUR MISBAHUSUDUR,sudurmisbhau12@gmail.com,+62 819-1132-2165,KOKOM KOMALASARI ,ibukomalasari2019@gmail.com,+62 838-5392-0057
3209,100 - BEBER,001 - WANAYASA,000200 - RT 002 RW 001 BLOK PALINGGIHAN,SUDUR MISBAHUSUDUR,sudurmisbhau12@gmail.com,+62 819-1132-2165,RIKI KURNIA CAHYADI,rikikurniacahyadi@gmail.com,+62 823-2000-5928
3209,100 - BEBER,001 - WANAYASA,000300 - RT 003 RW 002 BLOK DESA,SUDUR MISBAHUSUDUR,sudurmisbhau12@gmail.com,+62 819-1132-2165,KOKOM KOMALASARI ,ibukomalasari2019@gmail.com,+62 838-5392-0057
3209,100 - BEBER,001 - WANAYASA,000400 - RT 004 RW 002 BLOK DESA,SUDUR MISBAHUSUDUR,sudurmisbhau12@gmail.com,+62 819-1132-2165,KOKOM KOMALASARI ,ibukomalasari2019@gmail.com,+62 838-5392-0057
3209,100 - BEBER,001 - WANAYASA,000500 - RT 005 RW 003 BLOK CIJOLANG,SUDUR MISBAHUSUDUR,sudurmisbhau12@gmail.com,+62 819-1132-2165,KOKOM KOMALASARI ,ibukomalasari2019@gmail.com,+62 838-5392-0057
3209,100 - BEBER,001 - WANAYASA,000600 - RT 006 RW 003 BLOK CIJOLANG,SUDUR MISBAHUSUDUR,sudurmisbhau12@gmail.com,+62 819-1132-2165,KOKOM KOMALASARI ,ibukomalasari2019@gmail.com,+62 838-5392-0057
3209,100 - BEBER,001 - WANAYASA,000700 - RT 007 RW 004 BLOK HULUDAYEUH,SUDUR MISBAHUSUDUR,sudurmisbhau12@gmail.com,+62 819-1132-2165,KOKOM KOMALASARI ,ibukomalasari2019@gmail.com,+62 838-5392-0057
3209,100 - BEBER,001 - WANAYASA,000800 - RT 008 RW 004 BLOK KARANGANYAR,SUDUR MISBAHUSUDUR,sudurmisbhau12@gmail.com,+62 819-1132-2165,KOKOM KOMALASARI ,ibukomalasari2019@gmail.com,+62 838-5392-0057
3209,100 - BEBER,002 - SINDANGKASIH,000100 - RT 001 RW 001 BLOK SUKAJADI,MOH YONO TRI HARYANTO,yonoonoy84@gmail.com,+62 857-9339-6199,DISTY MUBAROKAH ,mubarokdisty@gmail.com,+62 821-1715-0172
3209,100 - BEBER,002 - SINDANGKASIH,000200 - RT 002 RW 001 BLOK SUKAJADI,MOH YONO TRI HARYANTO,yonoonoy84@gmail.com,+62 857-9339-6199,DISTY MUBAROKAH ,mubarokdisty@gmail.com,+62 821-1715-0172
3209,100 - BEBER,002 - SINDANGKASIH,000300 - RT 003 RW 001 BLOK SUKAJADI,MOH YONO TRI HARYANTO,yonoonoy84@gmail.com,+62 857-9339-6199,DISTY MUBAROKAH ,mubarokdisty@gmail.com,+62 821-1715-0172
3209,100 - BEBER,002 - SINDANGKASIH,000500 - RT 001 RW 002 BLOK SUKAMANAH,SUDUR MISBAHUSUDUR,sudurmisbhau12@gmail.com,+62 819-1132-2165,SISKEU YULIANA,siskeuyuliana81@gmail.com,+62 878-8088-0780
3209,100 - BEBER,002 - SINDANGKASIH,000600 - RT 002 RW 002 BLOK SUKAMANAH,SUDUR MISBAHUSUDUR,sudurmisbhau12@gmail.com,+62 819-1132-2165,SISKEU YULIANA,siskeuyuliana81@gmail.com,+62 878-8088-0780
3209,100 - BEBER,002 - SINDANGKASIH,000700 - RT 003 RW 002 BLOK SUKAMANAH,SUDUR MISBAHUSUDUR,sudurmisbhau12@gmail.com,+62 819-1132-2165,SISKEU YULIANA,siskeuyuliana81@gmail.com,+62 878-8088-0780
3209,100 - BEBER,002 - SINDANGKASIH,000800 - RT 004 RW 002 BLOK SUKAMANAH,SUDUR MISBAHUSUDUR,sudurmisbhau12@gmail.com,+62 819-1132-2165,SISKEU YULIANA,siskeuyuliana81@gmail.com,+62 878-8088-0780
3209,100 - BEBER,002 - SINDANGKASIH,000900 - RT 001 RW 003 BLOK TARIKOLOT,MOH YONO TRI HARYANTO,yonoonoy84@gmail.com,+62 857-9339-6199,DISTY MUBAROKAH ,mubarokdisty@gmail.com,+62 821-1715-0172
3209,100 - BEBER,002 - SINDANGKASIH,001000 - RT 002 RW 003 BLOK TARIKOLOT,MOH YONO TRI HARYANTO,yonoonoy84@gmail.com,+62 857-9339-6199,DISTY MUBAROKAH ,mubarokdisty@gmail.com,+62 821-1715-0172
3209,100 - BEBER,002 - SINDANGKASIH,001100 - RT 001 RW 004 BLOK SUKAHATI,SUDUR MISBAHUSUDUR,sudurmisbhau12@gmail.com,+62 819-1132-2165,SISKEU YULIANA,siskeuyuliana81@gmail.com,+62 878-8088-0780
3209,100 - BEBER,002 - SINDANGKASIH,001200 - RT 002 RW 004 BLOK SUKAHATI,SUDUR MISBAHUSUDUR,sudurmisbhau12@gmail.com,+62 819-1132-2165,SISKEU YULIANA,siskeuyuliana81@gmail.com,+62 878-8088-0780
3209,100 - BEBER,002 - SINDANGKASIH,001300 - RT 003 RW 004 BLOK SUKAHATI,SUDUR MISBAHUSUDUR,sudurmisbhau12@gmail.com,+62 819-1132-2165,SISKEU YULIANA,siskeuyuliana81@gmail.com,+62 878-8088-0780
3209,100 - BEBER,002 - SINDANGKASIH,001400 - RT 004 RW 004 BLOK SUKAHATI,SUDUR MISBAHUSUDUR,sudurmisbhau12@gmail.com,+62 819-1132-2165,SISKEU YULIANA,siskeuyuliana81@gmail.com,+62 878-8088-0780
3209,100 - BEBER,002 - SINDANGKASIH,001500 - RT 001 RW 005 BLOK DEPOK,MOH YONO TRI HARYANTO,yonoonoy84@gmail.com,+62 857-9339-6199,DISTY MUBAROKAH ,mubarokdisty@gmail.com,+62 821-1715-0172
3209,100 - BEBER,002 - SINDANGKASIH,001600 - RT 002 RW 005 BLOK DEPOK,MOH YONO TRI HARYANTO,yonoonoy84@gmail.com,+62 857-9339-6199,DISTY MUBAROKAH ,mubarokdisty@gmail.com,+62 821-1715-0172
3209,100 - BEBER,002 - SINDANGKASIH,100200 - SAWAH,SUDUR MISBAHUSUDUR,sudurmisbhau12@gmail.com,+62 819-1132-2165,SISKEU YULIANA,siskeuyuliana81@gmail.com,+62 878-8088-0780
3209,100 - BEBER,003 - SINDANGHAYU,000100 - RT 001 RW 001 DUSUN PENGAMPON,SUDUR MISBAHUSUDUR,sudurmisbhau12@gmail.com,+62 819-1132-2165,LIA ERNALIA,liaemalia162@gmail.com,0
3209,100 - BEBER,003 - SINDANGHAYU,000200 - RT 002 RW 001 DUSUN PENGAMPON,SUDUR MISBAHUSUDUR,sudurmisbhau12@gmail.com,+62 819-1132-2165,LIA ERNALIA,liaemalia162@gmail.com,0
3209,100 - BEBER,003 - SINDANGHAYU,000300 - RT 003 RW 001 DUSUN PENGAMPON,SUDUR MISBAHUSUDUR,sudurmisbhau12@gmail.com,+62 819-1132-2165,LIA ERNALIA,liaemalia162@gmail.com,0
3209,100 - BEBER,003 - SINDANGHAYU,000400 - RT 001 RW 002 DUSUN PENGAMPON,SUDUR MISBAHUSUDUR,sudurmisbhau12@gmail.com,+62 819-1132-2165,LIA ERNALIA,liaemalia162@gmail.com,0
3209,100 - BEBER,003 - SINDANGHAYU,000500 - RT 002 RW 002 DUSUN PENGAMPON,SUDUR MISBAHUSUDUR,sudurmisbhau12@gmail.com,+62 819-1132-2165,LIA ERNALIA,liaemalia162@gmail.com,0
3209,100 - BEBER,003 - SINDANGHAYU,000600 - RT 003 RW 002 DUSUN PENGAMPON,SUDUR MISBAHUSUDUR,sudurmisbhau12@gmail.com,+62 819-1132-2165,LIA ERNALIA,liaemalia162@gmail.com,0
3209,100 - BEBER,003 - SINDANGHAYU,000700 - RT 001 RW 003 DUSUN KONDANG,SUDUR MISBAHUSUDUR,sudurmisbhau12@gmail.com,+62 819-1132-2165,LIA ERNALIA,liaemalia162@gmail.com,0
3209,100 - BEBER,003 - SINDANGHAYU,000800 - RT 002 RW 003 DUSUN KONDANG,SUDUR MISBAHUSUDUR,sudurmisbhau12@gmail.com,+62 819-1132-2165,LIA ERNALIA,liaemalia162@gmail.com,0
3209,100 - BEBER,003 - SINDANGHAYU,000900 - RT 003 RW 003 DUSUN KONDANG,SUDUR MISBAHUSUDUR,sudurmisbhau12@gmail.com,+62 819-1132-2165,LIA ERNALIA,liaemalia162@gmail.com,0
3209,100 - BEBER,003 - SINDANGHAYU,001000 - RT 001 RW 004 DUSUN KONDANG,SUDUR MISBAHUSUDUR,sudurmisbhau12@gmail.com,+62 819-1132-2165,LIA ERNALIA,liaemalia162@gmail.com,0
3209,100 - BEBER,003 - SINDANGHAYU,001100 - RT 002 RW 004 DUSUN KONDANG,SUDUR MISBAHUSUDUR,sudurmisbhau12@gmail.com,+62 819-1132-2165,LIA ERNALIA,liaemalia162@gmail.com,0
3209,100 - BEBER,003 - SINDANGHAYU,001200 - RT 003 RW 004 DUSUN KONDANG,SUDUR MISBAHUSUDUR,sudurmisbhau12@gmail.com,+62 819-1132-2165,LIA ERNALIA,liaemalia162@gmail.com,0
3209,100 - BEBER,004 - CIAWIGAJAH,000300 - RT 001 RW 002 BLOK MANIS,SUDUR MISBAHUSUDUR,sudurmisbhau12@gmail.com,+62 819-1132-2165,SRI NURMAHALAH,nurmahalahsri@gmail.com,+62 831-3113-6865
3209,100 - BEBER,004 - CIAWIGAJAH,000400 - RT 002 RW 002 BLOK MANIS,SUDUR MISBAHUSUDUR,sudurmisbhau12@gmail.com,+62 819-1132-2165,SRI NURMAHALAH,nurmahalahsri@gmail.com,+62 831-3113-6865
3209,100 - BEBER,004 - CIAWIGAJAH,000500 - RT 001 RW 003 BLOK PAHING,SUDUR MISBAHUSUDUR,sudurmisbhau12@gmail.com,+62 819-1132-2165,SRI NURMAHALAH,nurmahalahsri@gmail.com,+62 831-3113-6865
3209,100 - BEBER,004 - CIAWIGAJAH,000600 - RT 002 RW 003 BLOK PAHING,SUDUR MISBAHUSUDUR,sudurmisbhau12@gmail.com,+62 819-1132-2165,SRI NURMAHALAH,nurmahalahsri@gmail.com,+62 831-3113-6865
3209,100 - BEBER,004 - CIAWIGAJAH,000700 - RT 003 RW 003 BLOK PAHING,SUDUR MISBAHUSUDUR,sudurmisbhau12@gmail.com,+62 819-1132-2165,SRI NURMAHALAH,nurmahalahsri@gmail.com,+62 831-3113-6865
3209,100 - BEBER,004 - CIAWIGAJAH,000800 - RT 001 RW 004 BLOK PAHING,SUDUR MISBAHUSUDUR,sudurmisbhau12@gmail.com,+62 819-1132-2165,SRI NURMAHALAH,nurmahalahsri@gmail.com,+62 831-3113-6865
3209,100 - BEBER,004 - CIAWIGAJAH,001000 - RT 003 RW 004 BLOK PAHING,SUDUR MISBAHUSUDUR,sudurmisbhau12@gmail.com,+62 819-1132-2165,SRI NURMAHALAH,nurmahalahsri@gmail.com,+62 831-3113-6865
3209,100 - BEBER,004 - CIAWIGAJAH,001100 - RT 001 RW 005 BLOK PON,SUDUR MISBAHUSUDUR,sudurmisbhau12@gmail.com,+62 819-1132-2165,CUCU IMAMMUDIN HIDAYAT,cucuimam85@gmail.com,+62 831-8799-2905
3209,100 - BEBER,004 - CIAWIGAJAH,001200 - RT 002 RW 005 BLOK PON,SUDUR MISBAHUSUDUR,sudurmisbhau12@gmail.com,+62 819-1132-2165,CUCU IMAMMUDIN HIDAYAT,cucuimam85@gmail.com,+62 831-8799-2905
3209,100 - BEBER,004 - CIAWIGAJAH,001300 - RT 001 RW 006 BLOK PON,SUDUR MISBAHUSUDUR,sudurmisbhau12@gmail.com,+62 819-1132-2165,CUCU IMAMMUDIN HIDAYAT,cucuimam85@gmail.com,+62 831-8799-2905
3209,100 - BEBER,004 - CIAWIGAJAH,001400 - RT 002 RW 006 BLOK PON,SUDUR MISBAHUSUDUR,sudurmisbhau12@gmail.com,+62 819-1132-2165,CUCU IMAMMUDIN HIDAYAT,cucuimam85@gmail.com,+62 831-8799-2905
3209,100 - BEBER,004 - CIAWIGAJAH,001600 - RT 002 RW 007 BLOK WAGE,SUDUR MISBAHUSUDUR,sudurmisbhau12@gmail.com,+62 819-1132-2165,RIKI KURNIA CAHYADI,rikikurniacahyadi@gmail.com,+62 823-2000-5928
3209,100 - BEBER,004 - CIAWIGAJAH,001700 - RT 001 RW 008 BLOK WAGE,SUDUR MISBAHUSUDUR,sudurmisbhau12@gmail.com,+62 819-1132-2165,RIKI KURNIA CAHYADI,rikikurniacahyadi@gmail.com,+62 823-2000-5928
3209,100 - BEBER,004 - CIAWIGAJAH,001800 - RT 002 RW 008 BLOK WAGE,SUDUR MISBAHUSUDUR,sudurmisbhau12@gmail.com,+62 819-1132-2165,NINA ASRIYANI,ninaasriyani2@gmail.com,+62 857-9360-1826
3209,100 - BEBER,004 - CIAWIGAJAH,001900 - RT 003 RW 008 BLOK WAGE,SUDUR MISBAHUSUDUR,sudurmisbhau12@gmail.com,+62 819-1132-2165,NINA ASRIYANI,ninaasriyani2@gmail.com,+62 857-9360-1826
3209,100 - BEBER,004 - CIAWIGAJAH,002000 - RT 001 RW 009 BLOK KLIWON,SUDUR MISBAHUSUDUR,sudurmisbhau12@gmail.com,+62 819-1132-2165,CUCU IMAMMUDIN HIDAYAT,cucuimam85@gmail.com,+62 831-8799-2905
3209,100 - BEBER,004 - CIAWIGAJAH,002200 - RT 003 RW 009 BLOK KLIWON,SUDUR MISBAHUSUDUR,sudurmisbhau12@gmail.com,+62 819-1132-2165,NINA ASRIYANI,ninaasriyani2@gmail.com,+62 857-9360-1826
3209,100 - BEBER,004 - CIAWIGAJAH,002300 - RT 001 RW 010 BLOK KLIWON,SUDUR MISBAHUSUDUR,sudurmisbhau12@gmail.com,+62 819-1132-2165,NINA ASRIYANI,ninaasriyani2@gmail.com,+62 857-9360-1826
3209,100 - BEBER,004 - CIAWIGAJAH,002400 - RT 002 RW 010 BLOK KLIWON,SUDUR MISBAHUSUDUR,sudurmisbhau12@gmail.com,+62 819-1132-2165,NINA ASRIYANI,ninaasriyani2@gmail.com,+62 857-9360-1826
3209,100 - BEBER,004 - CIAWIGAJAH,002500 - RT 003 RW 010 BLOK KLIWON,SUDUR MISBAHUSUDUR,sudurmisbhau12@gmail.com,+62 819-1132-2165,NINA ASRIYANI,ninaasriyani2@gmail.com,+62 857-9360-1826
3209,100 - BEBER,004 - CIAWIGAJAH,002700 - RT 002 RW 011 BLOK PARENCA,SUDUR MISBAHUSUDUR,sudurmisbhau12@gmail.com,+62 819-1132-2165,NINA ASRIYANI,ninaasriyani2@gmail.com,+62 857-9360-1826
3209,100 - BEBER,004 - CIAWIGAJAH,002900 - RT 002 RW 012 BLOK PARENCA,SUDUR MISBAHUSUDUR,sudurmisbhau12@gmail.com,+62 819-1132-2165,NINA ASRIYANI,ninaasriyani2@gmail.com,+62 857-9360-1826
3209,100 - BEBER,008 - CIKANCAS,000100 - RT 001 RW 001 DUSUN SUMAJAYA,MOH YONO TRI HARYANTO,yonoonoy84@gmail.com,+62 857-9339-6199,ACEF WIRIA ADIWANGSA,alvinodaffa315@gmail.com,+62 831-8033-4947
3209,100 - BEBER,008 - CIKANCAS,000200 - RT 002 RW 001 DUSUN SUMAJAYA,MOH YONO TRI HARYANTO,yonoonoy84@gmail.com,+62 857-9339-6199,ACEF WIRIA ADIWANGSA,alvinodaffa315@gmail.com,+62 831-8033-4947
3209,100 - BEBER,008 - CIKANCAS,000300 - RT 001 RW 002 DUSUN SUMAJAYA,MOH YONO TRI HARYANTO,yonoonoy84@gmail.com,+62 857-9339-6199,ACEF WIRIA ADIWANGSA,alvinodaffa315@gmail.com,+62 831-8033-4947
3209,100 - BEBER,008 - CIKANCAS,000400 - RT 002 RW 002 DUSUN SUMAJAYA,MOH YONO TRI HARYANTO,yonoonoy84@gmail.com,+62 857-9339-6199,ACEF WIRIA ADIWANGSA,alvinodaffa315@gmail.com,+62 831-8033-4947
3209,100 - BEBER,008 - CIKANCAS,000500 - RT 003 RW 002 DUSUN SUMAJAYA,MOH YONO TRI HARYANTO,yonoonoy84@gmail.com,+62 857-9339-6199,ACEF WIRIA ADIWANGSA,alvinodaffa315@gmail.com,+62 831-8033-4947
3209,100 - BEBER,008 - CIKANCAS,000600 - RT 004 RW 002 DUSUN SUMAJAYA,MOH YONO TRI HARYANTO,yonoonoy84@gmail.com,+62 857-9339-6199,ACEF WIRIA ADIWANGSA,alvinodaffa315@gmail.com,+62 831-8033-4947
3209,100 - BEBER,008 - CIKANCAS,000700 - RT 001 RW 003 DUSUN SUMAJAYA,MOH YONO TRI HARYANTO,yonoonoy84@gmail.com,+62 857-9339-6199,ACEF WIRIA ADIWANGSA,alvinodaffa315@gmail.com,+62 831-8033-4947
3209,100 - BEBER,008 - CIKANCAS,000800 - RT 002 RW 003 DUSUN SUMAJAYA,MOH YONO TRI HARYANTO,yonoonoy84@gmail.com,+62 857-9339-6199,ACEF WIRIA ADIWANGSA,alvinodaffa315@gmail.com,+62 831-8033-4947
3209,100 - BEBER,008 - CIKANCAS,000900 - RT 003 RW 003 DUSUN SUMAJAYA,MOH YONO TRI HARYANTO,yonoonoy84@gmail.com,+62 857-9339-6199,ACEF WIRIA ADIWANGSA,alvinodaffa315@gmail.com,+62 831-8033-4947
3209,100 - BEBER,008 - CIKANCAS,001000 - RT 001 RW 004 DUSUN MARGASUTA,MOH YONO TRI HARYANTO,yonoonoy84@gmail.com,+62 857-9339-6199,DEDE DENI NASUTION,dennynasutionjkt@gmail.com,+62 821-1643-4833
3209,100 - BEBER,008 - CIKANCAS,001100 - RT 002 RW 004 DUSUN MARGASUTA,MOH YONO TRI HARYANTO,yonoonoy84@gmail.com,+62 857-9339-6199,DEDE DENI NASUTION,dennynasutionjkt@gmail.com,+62 821-1643-4833
3209,100 - BEBER,008 - CIKANCAS,001200 - RT 001 RW 005 DUSUN MARGASUTA,MOH YONO TRI HARYANTO,yonoonoy84@gmail.com,+62 857-9339-6199,DEDE DENI NASUTION,dennynasutionjkt@gmail.com,+62 821-1643-4833
3209,100 - BEBER,008 - CIKANCAS,001300 - RT 002 RW 005 DUSUN MARGASUTA,MOH YONO TRI HARYANTO,yonoonoy84@gmail.com,+62 857-9339-6199,DEDE DENI NASUTION,dennynasutionjkt@gmail.com,+62 821-1643-4833
3209,100 - BEBER,008 - CIKANCAS,001400 - RT 003 RW 005 DUSUN MARGASUTA,MOH YONO TRI HARYANTO,yonoonoy84@gmail.com,+62 857-9339-6199,DEDE DENI NASUTION,dennynasutionjkt@gmail.com,+62 821-1643-4833
3209,100 - BEBER,008 - CIKANCAS,001500 - RT 001 RW 006 DUSUN MARGASUTA,MOH YONO TRI HARYANTO,yonoonoy84@gmail.com,+62 857-9339-6199,DEDE DENI NASUTION,dennynasutionjkt@gmail.com,+62 821-1643-4833
3209,100 - BEBER,008 - CIKANCAS,001600 - RT 002 RW 006 DUSUN MARGASUTA,MOH YONO TRI HARYANTO,yonoonoy84@gmail.com,+62 857-9339-6199,DEDE DENI NASUTION,dennynasutionjkt@gmail.com,+62 821-1643-4833
3209,100 - BEBER,008 - CIKANCAS,001700 - RT 003 RW 006 DUSUN MARGASUTA,MOH YONO TRI HARYANTO,yonoonoy84@gmail.com,+62 857-9339-6199,DEDE DENI NASUTION,dennynasutionjkt@gmail.com,+62 821-1643-4833
3209,100 - BEBER,008 - CIKANCAS,001800 - RT 004 RW 006 DUSUN MARGASUTA,MOH YONO TRI HARYANTO,yonoonoy84@gmail.com,+62 857-9339-6199,DEDE DENI NASUTION,dennynasutionjkt@gmail.com,+62 821-1643-4833
3209,100 - BEBER,008 - CIKANCAS,100100 - PERSAWAHAN,MOH YONO TRI HARYANTO,yonoonoy84@gmail.com,+62 857-9339-6199,DEDE DENI NASUTION,dennynasutionjkt@gmail.com,+62 821-1643-4833
3209,100 - BEBER,009 - HALIMPU,000100 - RT 001 RW 001 BLOK DESA,MOH YONO TRI HARYANTO,yonoonoy84@gmail.com,+62 857-9339-6199,NOERYATI,yatifarel@gmail.com,+62 813-1826-5318
3209,100 - BEBER,009 - HALIMPU,000200 - RT 002 RW 001 BLOK DESA,MOH YONO TRI HARYANTO,yonoonoy84@gmail.com,+62 857-9339-6199,NOERYATI,yatifarel@gmail.com,+62 813-1826-5318
3209,100 - BEBER,009 - HALIMPU,000300 - RT 003 RW 001 BLOK DESA,MOH YONO TRI HARYANTO,yonoonoy84@gmail.com,+62 857-9339-6199,NOERYATI,yatifarel@gmail.com,+62 813-1826-5318
3209,100 - BEBER,009 - HALIMPU,000400 - RT 004 RW 002 BLOK PAWEDUSAN,MOH YONO TRI HARYANTO,yonoonoy84@gmail.com,+62 857-9339-6199,NOERYATI,yatifarel@gmail.com,+62 813-1826-5318
3209,100 - BEBER,009 - HALIMPU,000500 - RT 005 RW 002 BLOK PAWEDUSAN,MOH YONO TRI HARYANTO,yonoonoy84@gmail.com,+62 857-9339-6199,NOERYATI,yatifarel@gmail.com,+62 813-1826-5318
3209,100 - BEBER,009 - HALIMPU,000600 - RT 006 RW 002 BLOK PAWEDUSAN,MOH YONO TRI HARYANTO,yonoonoy84@gmail.com,+62 857-9339-6199,NOERYATI,yatifarel@gmail.com,+62 813-1826-5318
3209,100 - BEBER,009 - HALIMPU,000700 - RT 007 RW 002 BLOK PAWEDUSAN,MOH YONO TRI HARYANTO,yonoonoy84@gmail.com,+62 857-9339-6199,TRI YATI ARGHI,nengarghi1507@gmail.com,+62 821-2221-6008
3209,100 - BEBER,009 - HALIMPU,000800 - RT 008 RW 002 BLOK PAWEDUSAN,MOH YONO TRI HARYANTO,yonoonoy84@gmail.com,+62 857-9339-6199,TRI YATI ARGHI,nengarghi1507@gmail.com,+62 821-2221-6008
3209,100 - BEBER,009 - HALIMPU,001000 - RT 010 RW 003 BLOK SINDUREJA,MOH YONO TRI HARYANTO,yonoonoy84@gmail.com,+62 857-9339-6199,TRI YATI ARGHI,nengarghi1507@gmail.com,+62 821-2221-6008
3209,100 - BEBER,009 - HALIMPU,001100 - RT 011 RW 003 BLOK SINDUREJA,MOH YONO TRI HARYANTO,yonoonoy84@gmail.com,+62 857-9339-6199,TRI YATI ARGHI,nengarghi1507@gmail.com,+62 821-2221-6008
3209,100 - BEBER,009 - HALIMPU,100300 - KEBUN,MOH YONO TRI HARYANTO,yonoonoy84@gmail.com,+62 857-9339-6199,TRI YATI ARGHI,nengarghi1507@gmail.com,+62 821-2221-6008
3209,100 - BEBER,010 - CIPINANG,000100 - RT 001 RW 001 BLOK MANIS,RUDI CAHYADI,cahyadir136@gmail.com,+62 853-1646-5515,DEDE K.A.SAPUTRA,dedeboto188@gmail.com,+62 822-4022-5436
3209,100 - BEBER,010 - CIPINANG,000200 - RT 002 RW 001 BLOK MANIS,RUDI CAHYADI,cahyadir136@gmail.com,+62 853-1646-5515,DEDE K.A.SAPUTRA,dedeboto188@gmail.com,+62 822-4022-5436
3209,100 - BEBER,010 - CIPINANG,000300 - RT 003 RW 001 BLOK MANIS,RUDI CAHYADI,cahyadir136@gmail.com,+62 853-1646-5515,ROIS AROPAT ,roisaropat@gmail.com,+62 877-7907-4869
3209,100 - BEBER,010 - CIPINANG,000400 - RT 004 RW 002 BLOK WAGE,RUDI CAHYADI,cahyadir136@gmail.com,+62 853-1646-5515,DEDE K.A.SAPUTRA,dedeboto188@gmail.com,+62 822-4022-5436
3209,100 - BEBER,010 - CIPINANG,000500 - RT 005 RW 002 BLOK WAGE,RUDI CAHYADI,cahyadir136@gmail.com,+62 853-1646-5515,DEDE K.A.SAPUTRA,dedeboto188@gmail.com,+62 822-4022-5436
3209,100 - BEBER,010 - CIPINANG,000700 - RT 007 RW 003 BLOK PAHING,RUDI CAHYADI,cahyadir136@gmail.com,+62 853-1646-5515,ROIS AROPAT ,roisaropat@gmail.com,+62 877-7907-4869
3209,100 - BEBER,010 - CIPINANG,000800 - RT 008 RW 003 BLOK PAHING,RUDI CAHYADI,cahyadir136@gmail.com,+62 853-1646-5515,ROIS AROPAT ,roisaropat@gmail.com,+62 877-7907-4869
3209,100 - BEBER,010 - CIPINANG,000900 - RT 009 RW 003 BLOK PAHING,RUDI CAHYADI,cahyadir136@gmail.com,+62 853-1646-5515,ROIS AROPAT ,roisaropat@gmail.com,+62 877-7907-4869
3209,100 - BEBER,010 - CIPINANG,001100 - RT 011 RW 004 BLOK KLIWON,RUDI CAHYADI,cahyadir136@gmail.com,+62 853-1646-5515,ROIS AROPAT ,roisaropat@gmail.com,+62 877-7907-4869
3209,100 - BEBER,010 - CIPINANG,001200 - RT 012 RW 004 BLOK KLIWON,RUDI CAHYADI,cahyadir136@gmail.com,+62 853-1646-5515,ROIS AROPAT ,roisaropat@gmail.com,+62 877-7907-4869
3209,100 - BEBER,010 - CIPINANG,001400 - RT 014 RW 004 BLOK KLIWON,RUDI CAHYADI,cahyadir136@gmail.com,+62 853-1646-5515,ROIS AROPAT ,roisaropat@gmail.com,+62 877-7907-4869
3209,100 - BEBER,010 - CIPINANG,001500 - RT 015 RW 005 BLOK PON,RUDI CAHYADI,cahyadir136@gmail.com,+62 853-1646-5515,DEDE K.A.SAPUTRA,dedeboto188@gmail.com,+62 822-4022-5436
3209,100 - BEBER,010 - CIPINANG,001700 - RT 017 RW 005 BLOK PON,RUDI CAHYADI,cahyadir136@gmail.com,+62 853-1646-5515,DEDE K.A.SAPUTRA,dedeboto188@gmail.com,+62 822-4022-5436
3209,100 - BEBER,010 - CIPINANG,001800 - RT 018 RW 006 BLOK DARAINDAH,RUDI CAHYADI,cahyadir136@gmail.com,+62 853-1646-5515,ROIS AROPAT ,roisaropat@gmail.com,+62 877-7907-4869
3209,100 - BEBER,010 - CIPINANG,001900 - RT 019 RW 006 BLOK DARAINDAH,RUDI CAHYADI,cahyadir136@gmail.com,+62 853-1646-5515,ROIS AROPAT ,roisaropat@gmail.com,+62 877-7907-4869
3209,100 - BEBER,011 - BEBER,000201 - RT 002 RW 001 DUSUN KLIWON,MOH YONO TRI HARYANTO,yonoonoy84@gmail.com,+62 857-9339-6199,NURUL HUSNI SOFARWATI,nurulhusni130@gmail.com,+62 895-3920-54127
3209,100 - BEBER,011 - BEBER,000202 - RT 002 RW 001 DUSUN KLIWON,RUDI CAHYADI,cahyadir136@gmail.com,+62 853-1646-5515,HAERUL ANWAR,kanghaer3063@gmail.com,+62 831-7002-2100
3209,100 - BEBER,011 - BEBER,000300 - RT 003 RW 001 DUSUN KLIWON,MOH YONO TRI HARYANTO,yonoonoy84@gmail.com,+62 857-9339-6199,INTAN AMALA,intanamala1234@gmail.com,+62 838-2319-7144
3209,100 - BEBER,011 - BEBER,000400 - RT 004 RW 001 DUSUN KLIWON,MOH YONO TRI HARYANTO,yonoonoy84@gmail.com,+62 857-9339-6199,INTAN AMALA,intanamala1234@gmail.com,+62 838-2319-7144
3209,100 - BEBER,011 - BEBER,000500 - RT 001 RW 002 DUSUN KLIWON,MOH YONO TRI HARYANTO,yonoonoy84@gmail.com,+62 857-9339-6199,INTAN AMALA,intanamala1234@gmail.com,+62 838-2319-7144
3209,100 - BEBER,011 - BEBER,000900 - RT 001 RW 003 DUSUN MANIS,MOH YONO TRI HARYANTO,yonoonoy84@gmail.com,+62 857-9339-6199,NURUL HUSNI SOFARWATI,nurulhusni130@gmail.com,+62 895-3920-54127
3209,100 - BEBER,011 - BEBER,001000 - RT 002 RW 003 DUSUN MANIS,MOH YONO TRI HARYANTO,yonoonoy84@gmail.com,+62 857-9339-6199,NURUL HUSNI SOFARWATI,nurulhusni130@gmail.com,+62 895-3920-54127
3209,100 - BEBER,011 - BEBER,001100 - RT 003 RW 003 DUSUN MANIS,MOH YONO TRI HARYANTO,yonoonoy84@gmail.com,+62 857-9339-6199,NURUL HUSNI SOFARWATI,nurulhusni130@gmail.com,+62 895-3920-54127
3209,100 - BEBER,011 - BEBER,001200 - RT 004 RW 003 DUSUN MANIS,MOH YONO TRI HARYANTO,yonoonoy84@gmail.com,+62 857-9339-6199,NURUL HUSNI SOFARWATI,nurulhusni130@gmail.com,+62 895-3920-54127
3209,100 - BEBER,011 - BEBER,001300 - RT 001 RW 004 DUSUN MANIS,MOH YONO TRI HARYANTO,yonoonoy84@gmail.com,+62 857-9339-6199,NURUL HUSNI SOFARWATI,nurulhusni130@gmail.com,+62 895-3920-54127
3209,100 - BEBER,011 - BEBER,001400 - RT 002 RW 004 DUSUN MANIS,SOLEKHAH,solekhah1973@gmail.com,+62 852-9587-4300,WIWIN KURNIATI,wiwinwinky84@gmail.com,+62 877-1067-3445
3209,100 - BEBER,011 - BEBER,001500 - RT 001 RW 005 DUSUN PON,SOLEKHAH,solekhah1973@gmail.com,+62 852-9587-4300,WIWIN KURNIATI,wiwinwinky84@gmail.com,+62 877-1067-3445
3209,100 - BEBER,011 - BEBER,001600 - RT 002 RW 005 DUSUN PON,SOLEKHAH,solekhah1973@gmail.com,+62 852-9587-4300,WIWIN KURNIATI,wiwinwinky84@gmail.com,+62 877-1067-3445
3209,100 - BEBER,011 - BEBER,001700 - RT 003 RW 005 DUSUN PON,MOH YONO TRI HARYANTO,yonoonoy84@gmail.com,+62 857-9339-6199,INTAN AMALA,intanamala1234@gmail.com,+62 838-2319-7144
3209,100 - BEBER,011 - BEBER,001800 - RT 001 RW 006 DUSUN WAGE,MOH YONO TRI HARYANTO,yonoonoy84@gmail.com,+62 857-9339-6199,INTAN AMALA,intanamala1234@gmail.com,+62 838-2319-7144
3209,100 - BEBER,011 - BEBER,001900 - RT 002 RW 006 DUSUN WAGE,MOH YONO TRI HARYANTO,yonoonoy84@gmail.com,+62 857-9339-6199,INTAN AMALA,intanamala1234@gmail.com,+62 838-2319-7144
3209,100 - BEBER,011 - BEBER,002100 - RT 001 RW 007 DUSUN PON,RUDI CAHYADI,cahyadir136@gmail.com,+62 853-1646-5515,YASIR ABDULLAH,yasiryasirabdul15@gmail.com,+62 838-9330-4959
3209,100 - BEBER,011 - BEBER,002201 - RT 002 RW 007 DUSUN PON,RUDI CAHYADI,cahyadir136@gmail.com,+62 853-1646-5515,YASIR ABDULLAH,yasiryasirabdul15@gmail.com,+62 838-9330-4959
3209,100 - BEBER,011 - BEBER,002202 - RT 002 RW 007 DUSUN PON,RUDI CAHYADI,cahyadir136@gmail.com,+62 853-1646-5515,YASIR ABDULLAH,yasiryasirabdul15@gmail.com,+62 838-9330-4959
3209,100 - BEBER,011 - BEBER,002500 - RT 003 RW 008 DUSUN PAHING,RUDI CAHYADI,cahyadir136@gmail.com,+62 853-1646-5515,HAERUL ANWAR,kanghaer3063@gmail.com,+62 831-7002-2100
3209,100 - BEBER,011 - BEBER,002800 - RT 001 RW 009 DUSUN PAHING,SOLEKHAH,solekhah1973@gmail.com,+62 852-9587-4300,WIWIN KURNIATI,wiwinwinky84@gmail.com,+62 877-1067-3445
3209,100 - BEBER,011 - BEBER,002900 - RT 002 RW 009 DUSUN PAHING,SOLEKHAH,solekhah1973@gmail.com,+62 852-9587-4300,WIWIN KURNIATI,wiwinwinky84@gmail.com,+62 877-1067-3445
3209,100 - BEBER,011 - BEBER,003000 - RT 003 RW 009 DUSUN PAHING,SOLEKHAH,solekhah1973@gmail.com,+62 852-9587-4300,CICI SITI SOLIHAH,cicisitisolihah21@gmail.com,0
3209,100 - BEBER,011 - BEBER,003100 - RT 004 RW 009 DUSUN PAHING,SOLEKHAH,solekhah1973@gmail.com,+62 852-9587-4300,CICI SITI SOLIHAH,cicisitisolihah21@gmail.com,0
3209,100 - BEBER,011 - BEBER,003200 - RT 001 RW 010 DUSUN PAHING,SOLEKHAH,solekhah1973@gmail.com,+62 852-9587-4300,CICI SITI SOLIHAH,cicisitisolihah21@gmail.com,0
3209,100 - BEBER,011 - BEBER,003300 - RT 002 RW 010 DUSUN PAHING,SOLEKHAH,solekhah1973@gmail.com,+62 852-9587-4300,CICI SITI SOLIHAH,cicisitisolihah21@gmail.com,0
3209,100 - BEBER,011 - BEBER,003400 - RT 003 RW 010 DUSUN PAHING,SOLEKHAH,solekhah1973@gmail.com,+62 852-9587-4300,CICI SITI SOLIHAH,cicisitisolihah21@gmail.com,0
3209,100 - BEBER,011 - BEBER,003600 - RT 002 RW 011 DUSUN PAHING,SOLEKHAH,solekhah1973@gmail.com,+62 852-9587-4300,CICI SITI SOLIHAH,cicisitisolihah21@gmail.com,0
3209,100 - BEBER,011 - BEBER,003800 - RT 004 RW 011 DUSUN PAHING,SOLEKHAH,solekhah1973@gmail.com,+62 852-9587-4300,CICI SITI SOLIHAH,cicisitisolihah21@gmail.com,0
3209,100 - BEBER,011 - BEBER,003900 - RT 001 RW 012 DUSUN PAHING,SOLEKHAH,solekhah1973@gmail.com,+62 852-9587-4300,CICI SITI SOLIHAH,cicisitisolihah21@gmail.com,0
3209,100 - BEBER,011 - BEBER,004000 - RT 002 RW 012 DUSUN PAHING,SOLEKHAH,solekhah1973@gmail.com,+62 852-9587-4300,CICI SITI SOLIHAH,cicisitisolihah21@gmail.com,0
3209,100 - BEBER,012 - PATAPAN,000100 - RT 001 RW 001 BLOK WAGE,SOLEKHAH,solekhah1973@gmail.com,+62 852-9587-4300,RUDDY SEPTIAWAN,ruddysep@gmail.com,+62 085-2228-77779
3209,100 - BEBER,012 - PATAPAN,000200 - RT 002 RW 001 BLOK WAGE,SOLEKHAH,solekhah1973@gmail.com,+62 852-9587-4300,RUDDY SEPTIAWAN,ruddysep@gmail.com,+62 085-2228-77779
3209,100 - BEBER,012 - PATAPAN,000300 - RT 003 RW 002 BLOK MANIS,RUDI CAHYADI,cahyadir136@gmail.com,+62 853-1646-5515,UJANG HENRAYANA,nopalpebriyana@gmail.com,+62 852-2171-3235
3209,100 - BEBER,012 - PATAPAN,000400 - RT 004 RW 002 BLOK MANIS,RUDI CAHYADI,cahyadir136@gmail.com,+62 853-1646-5515,UJANG HENRAYANA,nopalpebriyana@gmail.com,+62 852-2171-3235
3209,100 - BEBER,012 - PATAPAN,000500 - RT 005 RW 003 BLOK PON,SOLEKHAH,solekhah1973@gmail.com,+62 852-9587-4300,RUDDY SEPTIAWAN,ruddysep@gmail.com,+62 085-2228-77779
3209,100 - BEBER,012 - PATAPAN,000700 - RT 007 RW 003 BLOK PON,SOLEKHAH,solekhah1973@gmail.com,+62 852-9587-4300,RUDDY SEPTIAWAN,ruddysep@gmail.com,+62 085-2228-77779
3209,100 - BEBER,012 - PATAPAN,000800 - RT 008 RW 004 BLOK KLIWON,SOLEKHAH,solekhah1973@gmail.com,+62 852-9587-4300,RUDDY SEPTIAWAN,ruddysep@gmail.com,+62 085-2228-77779
3209,100 - BEBER,012 - PATAPAN,001000 - RT 010 RW 004 BLOK KLIWON,SOLEKHAH,solekhah1973@gmail.com,+62 852-9587-4300,RUDDY SEPTIAWAN,ruddysep@gmail.com,+62 085-2228-77779
3209,100 - BEBER,012 - PATAPAN,001100 - RT 011 RW 005 BLOK PAHING,RUDI CAHYADI,cahyadir136@gmail.com,+62 853-1646-5515,UJANG HENRAYANA,nopalpebriyana@gmail.com,+62 852-2171-3235
3209,100 - BEBER,012 - PATAPAN,001300 - RT 013 RW 005 BLOK PON,SOLEKHAH,solekhah1973@gmail.com,+62 852-9587-4300,RUDDY SEPTIAWAN,ruddysep@gmail.com,+62 085-2228-77779
3209,100 - BEBER,012 - PATAPAN,001400 - RT 014 RW 005 BLOK PAHING,RUDI CAHYADI,cahyadir136@gmail.com,+62 853-1646-5515,UJANG HENRAYANA,nopalpebriyana@gmail.com,+62 852-2171-3235
3209,100 - BEBER,012 - PATAPAN,100200 - SAWAH,RUDI CAHYADI,cahyadir136@gmail.com,+62 853-1646-5515,UJANG HENRAYANA,nopalpebriyana@gmail.com,+62 852-2171-3235
3209,100 - BEBER,012 - PATAPAN,100400 - SAWAH,RUDI CAHYADI,cahyadir136@gmail.com,+62 853-1646-5515,UJANG HENRAYANA,nopalpebriyana@gmail.com,+62 852-2171-3235
3209,100 - BEBER,013 - KONDANGSARI,000100 - RT 001 RW 001 DUSUN KLIWON,SOLEKHAH,solekhah1973@gmail.com,+62 852-9587-4300,SANDI FIRMANULLAH,sandiaking7@gmail.com,+62 896-9495-6337
3209,100 - BEBER,013 - KONDANGSARI,000200 - RT 002 RW 001 DUSUN KLIWON,SOLEKHAH,solekhah1973@gmail.com,+62 852-9587-4300,SANDI FIRMANULLAH,sandiaking7@gmail.com,+62 896-9495-6337
3209,100 - BEBER,013 - KONDANGSARI,000300 - RT 003 RW 001 DUSUN KLIWON,SOLEKHAH,solekhah1973@gmail.com,+62 852-9587-4300,SILVI DWI APRILIANTI,silvidwi34134@gmail.com,+62 895-0625-7080
3209,100 - BEBER,013 - KONDANGSARI,000400 - RT 004 RW 002 DUSUN MANIS,SOLEKHAH,solekhah1973@gmail.com,+62 852-9587-4300,SANDI FIRMANULLAH,sandiaking7@gmail.com,+62 896-9495-6337
3209,100 - BEBER,013 - KONDANGSARI,000500 - RT 005 RW 002 DUSUN MANIS,SOLEKHAH,solekhah1973@gmail.com,+62 852-9587-4300,SILVI DWI APRILIANTI,silvidwi34134@gmail.com,+62 895-0625-7080
3209,100 - BEBER,013 - KONDANGSARI,000600 - RT 006 RW 002 DUSUN MANIS,SOLEKHAH,solekhah1973@gmail.com,+62 852-9587-4300,SANDI FIRMANULLAH,sandiaking7@gmail.com,+62 896-9495-6337
3209,100 - BEBER,013 - KONDANGSARI,000700 - RT 007 RW 002 DUSUN MANIS,SOLEKHAH,solekhah1973@gmail.com,+62 852-9587-4300,SANDI FIRMANULLAH,sandiaking7@gmail.com,+62 896-9495-6337
3209,100 - BEBER,013 - KONDANGSARI,001000 - RT 010 RW 003 DUSUN PAHING,SOLEKHAH,solekhah1973@gmail.com,+62 852-9587-4300,SILVI DWI APRILIANTI,silvidwi34134@gmail.com,+62 895-0625-7080
3209,100 - BEBER,013 - KONDANGSARI,001100 - RT 011 RW 003 DUSUN PAHING,SOLEKHAH,solekhah1973@gmail.com,+62 852-9587-4300,SILVI DWI APRILIANTI,silvidwi34134@gmail.com,+62 895-0625-7080
3209,100 - BEBER,013 - KONDANGSARI,001201 - RT 012 RW 004 DUSUN PON,RUDI CAHYADI,cahyadir136@gmail.com,+62 853-1646-5515,DEWINTA SETIANI,setianidewinta06@gmail.com,+62 857-9500-6595
3209,100 - BEBER,013 - KONDANGSARI,001301 - RT 013 RW 004 DUSUN PON,RUDI CAHYADI,cahyadir136@gmail.com,+62 853-1646-5515,DEWINTA SETIANI,setianidewinta06@gmail.com,+62 857-9500-6595
3209,100 - BEBER,013 - KONDANGSARI,001302 - RT 013 RW 004 DUSUN PON,SOLEKHAH,solekhah1973@gmail.com,+62 852-9587-4300,SANDI FIRMANULLAH,sandiaking7@gmail.com,+62 896-9495-6337
3209,100 - BEBER,013 - KONDANGSARI,001401 - RT 014 RW 005 DUSUN PON,RUDI CAHYADI,cahyadir136@gmail.com,+62 853-1646-5515,DEWINTA SETIANI,setianidewinta06@gmail.com,+62 857-9500-6595
3209,100 - BEBER,013 - KONDANGSARI,001402 - RT 014 RW 005 DUSUN PON,RUDI CAHYADI,cahyadir136@gmail.com,+62 853-1646-5515,DEWINTA SETIANI,setianidewinta06@gmail.com,+62 857-9500-6595
3209,101 - GREGED,001 - GUMULUNG LEBAK,000200 - RT 002 RW 001 DUSUN 01,IYAN KURNIA,riyanrika2022@gmail.com,+62 859-5672-1551,SIFA CAHYANA INDRAJAYA ,sivacahyana1@gmail.com,+62 083-8215-03658
3209,101 - GREGED,001 - GUMULUNG LEBAK,000300 - RT 003 RW 001 DUSUN 01,ROYADI,roycankid@gmail.com,+62 857-9548-4801,MUHTADI,muhtady.maulana@gmail.com,+62 819-0983-2356
3209,101 - GREGED,001 - GUMULUNG LEBAK,000400 - RT 004 RW 001 DUSUN 01,ROYADI,roycankid@gmail.com,+62 857-9548-4801,AHYADI,ahyadia4@gmail.com,+62 877-2897-5303
3209,101 - GREGED,001 - GUMULUNG LEBAK,000500 - RT 001 RW 002 DUSUN 01,ROYADI,roycankid@gmail.com,+62 857-9548-4801,AHYADI,ahyadia4@gmail.com,+62 877-2897-5303
3209,101 - GREGED,001 - GUMULUNG LEBAK,000600 - RT 002 RW 002 DUSUN 01,ROYADI,roycankid@gmail.com,+62 857-9548-4801,AHYADI,ahyadia4@gmail.com,+62 877-2897-5303
3209,101 - GREGED,001 - GUMULUNG LEBAK,000700 - RT 003 RW 002 DUSUN 01,ROYADI,roycankid@gmail.com,+62 857-9548-4801,AHYADI,ahyadia4@gmail.com,+62 877-2897-5303
3209,101 - GREGED,001 - GUMULUNG LEBAK,000900 - RT 005 RW 002 DUSUN 01,IYAN KURNIA,riyanrika2022@gmail.com,+62 859-5672-1551,RIJAN AL KHAETAMI,alkhaetami10@gmail.com,+62 822-1943-9977
3209,101 - GREGED,001 - GUMULUNG LEBAK,001300 - RT 004 RW 003 DUSUN 02,ROHMAT NOOR AGUNG,rohmatnooragung7@gmail.com,+62 838-2720-1314,HIBBAN AMANULLOH,amanullohhiban@gmail.com,+62 857-9435-0622
3209,101 - GREGED,001 - GUMULUNG LEBAK,001400 - RT 001 RW 004 DUSUN 02,ROHMAT NOOR AGUNG,rohmatnooragung7@gmail.com,+62 838-2720-1314,IIS WILDA NIA,bundhamoey@gmail.com,+62 831-4422-8511
3209,101 - GREGED,001 - GUMULUNG LEBAK,001800 - RT 001 RW 005 DUSUN 03,IYAN KURNIA,riyanrika2022@gmail.com,+62 859-5672-1551,RIJAN AL KHAETAMI,alkhaetami10@gmail.com,+62 822-1943-9977
3209,101 - GREGED,001 - GUMULUNG LEBAK,001900 - RT 002 RW 005 DUSUN 03,IYAN KURNIA,riyanrika2022@gmail.com,+62 859-5672-1551,RIJAN AL KHAETAMI,alkhaetami10@gmail.com,+62 822-1943-9977
3209,101 - GREGED,001 - GUMULUNG LEBAK,002300 - RT 002 RW 006 DUSUN 03,ROYADI,roycankid@gmail.com,+62 857-9548-4801,MUHTADI,muhtady.maulana@gmail.com,+62 819-0983-2356
3209,101 - GREGED,001 - GUMULUNG LEBAK,002500 - RT 004 RW 006 DUSUN 03,ROYADI,roycankid@gmail.com,+62 857-9548-4801,MUHTADI,muhtady.maulana@gmail.com,+62 819-0983-2356
3209,101 - GREGED,002 - LEBAK MEKAR,000100 - RT 001 RW 001 DUSUN PAJATEN,ROYADI,roycankid@gmail.com,+62 857-9548-4801,IRVAN MAULANA,irvanmaul4321@gmail.com,+62 831-1333-7590
3209,101 - GREGED,002 - LEBAK MEKAR,000200 - RT 002 RW 001 DUSUN PAJATEN,ROYADI,roycankid@gmail.com,+62 857-9548-4801,IRVAN MAULANA,irvanmaul4321@gmail.com,+62 831-1333-7590
3209,101 - GREGED,002 - LEBAK MEKAR,000300 - RT 003 RW 001 DUSUN PAJATEN,ROYADI,roycankid@gmail.com,+62 857-9548-4801,IRVAN MAULANA,irvanmaul4321@gmail.com,+62 831-1333-7590
3209,101 - GREGED,002 - LEBAK MEKAR,000400 - RT 004 RW 001 DUSUN PAJATEN,ROYADI,roycankid@gmail.com,+62 857-9548-4801,IRVAN MAULANA,irvanmaul4321@gmail.com,+62 831-1333-7590
3209,101 - GREGED,002 - LEBAK MEKAR,000500 - RT 005 RW 001 DUSUN CANTILAN,ROYADI,roycankid@gmail.com,+62 857-9548-4801,FIRMAN MAULANA,firmanarthamevia@gmail.com,+62 856-0361-9395
3209,101 - GREGED,002 - LEBAK MEKAR,000600 - RT 006 RW 002 DUSUN CANTILAN,ROYADI,roycankid@gmail.com,+62 857-9548-4801,SITI NURHASANAH,nurhasanahst26@gmail.com,+62 821-1939-1200
3209,101 - GREGED,002 - LEBAK MEKAR,000700 - RT 007 RW 002 DUSUN CANTILAN,ROYADI,roycankid@gmail.com,+62 857-9548-4801,ANITA,anitadarno@gmail.com,+62 838-2910-9125
3209,101 - GREGED,002 - LEBAK MEKAR,001000 - RT 010 RW 003 DUSUN BUBULAK,ROYADI,roycankid@gmail.com,+62 857-9548-4801,ANITA,anitadarno@gmail.com,+62 838-2910-9125
3209,101 - GREGED,002 - LEBAK MEKAR,001100 - RT 011 RW 003 DUSUN BUBULAK,ROYADI,roycankid@gmail.com,+62 857-9548-4801,ANITA,anitadarno@gmail.com,+62 838-2910-9125
3209,101 - GREGED,002 - LEBAK MEKAR,001200 - RT 012 RW 003 DUSUN BUBULAK,ROYADI,roycankid@gmail.com,+62 857-9548-4801,ANITA,anitadarno@gmail.com,+62 838-2910-9125
3209,101 - GREGED,002 - LEBAK MEKAR,001300 - RT 013 RW 003 DUSUN BUAH BEDUL KIDUL,ROYADI,roycankid@gmail.com,+62 857-9548-4801,FIRMAN MAULANA,firmanarthamevia@gmail.com,+62 856-0361-9395
3209,101 - GREGED,002 - LEBAK MEKAR,001500 - RT 015 RW 004 DUSUN BUBULAK,ROYADI,roycankid@gmail.com,+62 857-9548-4801,ANITA,anitadarno@gmail.com,+62 838-2910-9125
3209,101 - GREGED,002 - LEBAK MEKAR,001600 - RT 016 RW 004 DUSUN CUCUKUL,ROYADI,roycankid@gmail.com,+62 857-9548-4801,AJENG LISTYA PRIHATINI ,ajenglistya684@gmail.com,+62 838-1603-3832
3209,101 - GREGED,002 - LEBAK MEKAR,001900 - RT 019 RW 005 DUSUN BUAH BEDUL KALER,ROYADI,roycankid@gmail.com,+62 857-9548-4801,AJENG LISTYA PRIHATINI ,ajenglistya684@gmail.com,+62 838-1603-3832
3209,101 - GREGED,002 - LEBAK MEKAR,002000 - RT 020 RW 005 DUSUN BUAH BEDUL KALER,ROYADI,roycankid@gmail.com,+62 857-9548-4801,SITI NURHASANAH,nurhasanahst26@gmail.com,+62 821-1939-1200
3209,101 - GREGED,002 - LEBAK MEKAR,002100 - RT 021 RW 005 DUSUN KIREMONG,ROYADI,roycankid@gmail.com,+62 857-9548-4801,AJENG LISTYA PRIHATINI ,ajenglistya684@gmail.com,+62 838-1603-3832
3209,101 - GREGED,002 - LEBAK MEKAR,002200 - RT 022 RW 005 DUSUN LEGONTUK,ROYADI,roycankid@gmail.com,+62 857-9548-4801,IRVAN MAULANA,irvanmaul4321@gmail.com,+62 831-1333-7590
3209,101 - GREGED,002 - LEBAK MEKAR,002500 - RT 025 RW 006 DUSUN GETRAK MOYAN,ROYADI,roycankid@gmail.com,+62 857-9548-4801,SITI NURHASANAH,nurhasanahst26@gmail.com,+62 821-1939-1200
3209,101 - GREGED,002 - LEBAK MEKAR,002600 - RT 026 RW 006 DUSUN TAPAK KUDA,ROYADI,roycankid@gmail.com,+62 857-9548-4801,SITI NURHASANAH,nurhasanahst26@gmail.com,+62 821-1939-1200
3209,101 - GREGED,003 - GUMULUNG TONGGOH,000100 - RT 01 RW 01 DUSUN PAKUWON,IYAN KURNIA,riyanrika2022@gmail.com,+62 859-5672-1551,ENJEN JAENAL ,enjenjaenal9@gmail.com,+62 838-2308-3360
3209,101 - GREGED,003 - GUMULUNG TONGGOH,000300 - RT 03 RW 01 DUSUN PAKUWON,ROHMAT NOOR AGUNG,rohmatnooragung7@gmail.com,+62 838-2720-1314,HIBBAN AMANULLOH,amanullohhiban@gmail.com,+62 857-9435-0622
3209,101 - GREGED,003 - GUMULUNG TONGGOH,001400 - RT 01 RW 04 DUSUN RAMBUT KASIH,WAHYUDI,wahyudiwawan21@gmail.com,+62 812-3509-2608,ARIO AS ADUL ANSOR,ariog7421@gmail.com,+62 838-0448-3404
3209,101 - GREGED,003 - GUMULUNG TONGGOH,001900 - RT 02 RW 05 DUSUN BUYUT,WAHYUDI,wahyudiwawan21@gmail.com,+62 812-3509-2608,ARIO AS ADUL ANSOR,ariog7421@gmail.com,+62 838-0448-3404
3209,101 - GREGED,003 - GUMULUNG TONGGOH,002000 - RT 03 RW 05 DUSUN BUYUT,WAHYUDI,wahyudiwawan21@gmail.com,+62 812-3509-2608,ANITA KRISTIANTI,anitaziar07@gmail.com,+62 831-8109-6052
3209,101 - GREGED,003 - GUMULUNG TONGGOH,002100 - RT 04 RW 05 DUSUN BUYUT,WAHYUDI,wahyudiwawan21@gmail.com,+62 812-3509-2608,ANITA KRISTIANTI,anitaziar07@gmail.com,+62 831-8109-6052
3209,101 - GREGED,003 - GUMULUNG TONGGOH,002200 - RT 05 RW 05 DUSUN BUYUT,WAHYUDI,wahyudiwawan21@gmail.com,+62 812-3509-2608,ANITA KRISTIANTI,anitaziar07@gmail.com,+62 831-8109-6052
3209,101 - GREGED,003 - GUMULUNG TONGGOH,002300 - RT 01 RW 06 DUSUN BUYUT,WAHYUDI,wahyudiwawan21@gmail.com,+62 812-3509-2608,ANITA KRISTIANTI,anitaziar07@gmail.com,+62 831-8109-6052
3209,101 - GREGED,003 - GUMULUNG TONGGOH,003000 - RT 03 RW 07 DUSUN GUNA KARYA,ROHMAT NOOR AGUNG,rohmatnooragung7@gmail.com,+62 838-2720-1314,ABDUL MUFAKHIR,bangdamcuk@gmail.com,+62 815-7206-1127
3209,101 - GREGED,003 - GUMULUNG TONGGOH,003100 - RT 04 RW 07 DUSUN GUNA KARYA,ROHMAT NOOR AGUNG,rohmatnooragung7@gmail.com,+62 838-2720-1314,ABDUL MUFAKHIR,bangdamcuk@gmail.com,+62 815-7206-1127
3209,101 - GREGED,003 - GUMULUNG TONGGOH,003200 - RT 01 RW 08 DUSUN GUNA KARYA,ROHMAT NOOR AGUNG,rohmatnooragung7@gmail.com,+62 838-2720-1314,ABDUL MUFAKHIR,bangdamcuk@gmail.com,+62 815-7206-1127
3209,101 - GREGED,003 - GUMULUNG TONGGOH,003300 - RT 02 RW 08 DUSUN GUNA KARYA,ROHMAT NOOR AGUNG,rohmatnooragung7@gmail.com,+62 838-2720-1314,ABDUL MUFAKHIR,bangdamcuk@gmail.com,+62 815-7206-1127
3209,101 - GREGED,005 - KAMARANG,000100 - RT 001 RW 001 BLOK KLIWON,WAHYUDI,wahyudiwawan21@gmail.com,+62 812-3509-2608,TETI SUKMAWATI,watisukmawati302@gmail.com,+62 812-2077-2389
3209,101 - GREGED,005 - KAMARANG,000200 - RT 002 RW 001 BLOK KLIWON,WAHYUDI,wahyudiwawan21@gmail.com,+62 812-3509-2608,TETI SUKMAWATI,watisukmawati302@gmail.com,+62 812-2077-2389
3209,101 - GREGED,005 - KAMARANG,000300 - RT 003 RW 001 BLOK KLIWON,WAHYUDI,wahyudiwawan21@gmail.com,+62 812-3509-2608,TETI SUKMAWATI,watisukmawati302@gmail.com,+62 812-2077-2389
3209,101 - GREGED,005 - KAMARANG,000600 - RT 006 RW 003 BLOK MANIS,WAHYUDI,wahyudiwawan21@gmail.com,+62 812-3509-2608,MOH SOLEHUDIN,muhamad17soleh@gmail.com,+62 838-2496-2625
3209,101 - GREGED,005 - KAMARANG,000700 - RT 007 RW 003 BLOK MANIS,WAHYUDI,wahyudiwawan21@gmail.com,+62 812-3509-2608,MOH SOLEHUDIN,muhamad17soleh@gmail.com,+62 838-2496-2625
3209,101 - GREGED,005 - KAMARANG,000800 - RT 008 RW 003 BLOK MANIS,WAHYUDI,wahyudiwawan21@gmail.com,+62 812-3509-2608,MOH SOLEHUDIN,muhamad17soleh@gmail.com,+62 838-2496-2625
3209,101 - GREGED,005 - KAMARANG,000900 - RT 009 RW 004 BLOK MANIS,WAHYUDI,wahyudiwawan21@gmail.com,+62 812-3509-2608,MOH SOLEHUDIN,muhamad17soleh@gmail.com,+62 838-2496-2625
3209,101 - GREGED,006 - GREGED,000100 - RT 001 RW 001 DUSUN KLIWON,WAHYUDI,wahyudiwawan21@gmail.com,+62 812-3509-2608,MIRA ANGGRAENI,anggraenim519@gmail.com,+62 838-2456-0329
3209,101 - GREGED,006 - GREGED,000200 - RT 002 RW 001 DUSUN KLIWON,WAHYUDI,wahyudiwawan21@gmail.com,+62 812-3509-2608,MIRA ANGGRAENI,anggraenim519@gmail.com,+62 838-2456-0329
3209,101 - GREGED,006 - GREGED,000300 - RT 003 RW 001 DUSUN KLIWON,WAHYUDI,wahyudiwawan21@gmail.com,+62 812-3509-2608,MIRA ANGGRAENI,anggraenim519@gmail.com,+62 838-2456-0329
3209,101 - GREGED,006 - GREGED,000400 - RT 001 RW 002 DUSUN MANIS,WAHYUDI,wahyudiwawan21@gmail.com,+62 812-3509-2608,MIRA ANGGRAENI,anggraenim519@gmail.com,+62 838-2456-0329
3209,101 - GREGED,006 - GREGED,000500 - RT 002 RW 002 DUSUN MANIS,WAHYUDI,wahyudiwawan21@gmail.com,+62 812-3509-2608,MIRA ANGGRAENI,anggraenim519@gmail.com,+62 838-2456-0329
3209,101 - GREGED,006 - GREGED,000600 - RT 003 RW 002 DUSUN MANIS,WAHYUDI,wahyudiwawan21@gmail.com,+62 812-3509-2608,MIRA ANGGRAENI,anggraenim519@gmail.com,+62 838-2456-0329
3209,101 - GREGED,006 - GREGED,001100 - RT 001 RW 004 DUSUN PON,WAHYUDI,wahyudiwawan21@gmail.com,+62 812-3509-2608,SALSABILLA AULIA AGUSTIN,salsabillaauliaagustin429@gmail.com,+62 083-1258-26733
3209,101 - GREGED,006 - GREGED,001200 - RT 002 RW 004 DUSUN PON,WAHYUDI,wahyudiwawan21@gmail.com,+62 812-3509-2608,SALSABILLA AULIA AGUSTIN,salsabillaauliaagustin429@gmail.com,+62 083-1258-26733
3209,101 - GREGED,006 - GREGED,001300 - RT 003 RW 004 DUSUN PON,WAHYUDI,wahyudiwawan21@gmail.com,+62 812-3509-2608,ROBBY,robbyzidni2005@gmail.com,+62 838-2311-9381
3209,101 - GREGED,006 - GREGED,001500 - RT 002 RW 005 DUSUN WAGE,WAHYUDI,wahyudiwawan21@gmail.com,+62 812-3509-2608,ROBBY,robbyzidni2005@gmail.com,+62 838-2311-9381
3209,101 - GREGED,007 - KAMARANG LEBAK,000400 - RT 004 RW 002 DUSUN PAHING,ROHMAT NOOR AGUNG,rohmatnooragung7@gmail.com,+62 838-2720-1314,IIS WILDA NIA,bundhamoey@gmail.com,+62 831-4422-8511
3209,101 - GREGED,007 - KAMARANG LEBAK,100300 - 010B KEBUN BUAH,ROHMAT NOOR AGUNG,rohmatnooragung7@gmail.com,+62 838-2720-1314,IIS WILDA NIA,bundhamoey@gmail.com,+62 831-4422-8511
3209,101 - GREGED,014 - DURAJAYA,000101 - RT 001 RW 001 DUSUN MANDI ANGIN,AANG FERDIANSYAH,aangferdans@gmail.com,+62 853-1635-3899,PERI HERYANTO,prhrynt@gmail.com,+62 852-2200-0023
3209,101 - GREGED,014 - DURAJAYA,000102 - RT 001 RW 001 DUSUN MANDI ANGIN,AANG FERDIANSYAH,aangferdans@gmail.com,+62 853-1635-3899,PERI HERYANTO,prhrynt@gmail.com,+62 852-2200-0023
3209,101 - GREGED,014 - DURAJAYA,000201 - RT 002 RW 001 DUSUN MANDI ANGIN,AANG FERDIANSYAH,aangferdans@gmail.com,+62 853-1635-3899,ASEP KOMARUL ZAMAN,komarulasep@gmail.com,+62 822-9522-2061
3209,101 - GREGED,014 - DURAJAYA,000300 - RT 003 RW 001 DUSUN MANDI ANGIN,AANG FERDIANSYAH,aangferdans@gmail.com,+62 853-1635-3899,PERI HERYANTO,prhrynt@gmail.com,+62 852-2200-0023
3209,101 - GREGED,014 - DURAJAYA,000400 - RT 001 RW 002 DUSUN MANDI ANGIN,AANG FERDIANSYAH,aangferdans@gmail.com,+62 853-1635-3899,ASEP KOMARUL ZAMAN,komarulasep@gmail.com,+62 822-9522-2061
3209,101 - GREGED,014 - DURAJAYA,000500 - RT 002 RW 002 DUSUN MANDI ANGIN,AANG FERDIANSYAH,aangferdans@gmail.com,+62 853-1635-3899,PERI HERYANTO,prhrynt@gmail.com,+62 852-2200-0023
3209,101 - GREGED,014 - DURAJAYA,001200 - RT 002 RW 004 DUSUN MEKAR ASIH,AANG FERDIANSYAH,aangferdans@gmail.com,+62 853-1635-3899,PERI HERYANTO,prhrynt@gmail.com,+62 852-2200-0023
3209,101 - GREGED,014 - DURAJAYA,001700 - RT 003 RW 005 DUSUN LURAH BANDAR,AANG FERDIANSYAH,aangferdans@gmail.com,+62 853-1635-3899,SUSILAWATI,csusilawati875@gmail.com,+62 838-2483-0380
3209,101 - GREGED,014 - DURAJAYA,100100 - 005P PORANG,AANG FERDIANSYAH,aangferdans@gmail.com,+62 853-1635-3899,NURIMA FADILAH,nurimafadilah2@gmail.com,+62 896-7045-8192
3209,101 - GREGED,015 - JATIPANCUR,000400 - RT 001 RW 002 DUSUN KOSAMBI,IYAN KURNIA,riyanrika2022@gmail.com,+62 859-5672-1551,MOCHAMAD RAMADHAN NUGRAHA,nugraharama78@gmail.com,+62 895-3324-69878
3209,101 - GREGED,015 - JATIPANCUR,000500 - RT 002 RW 002 DUSUN KOSAMBI,IYAN KURNIA,riyanrika2022@gmail.com,+62 859-5672-1551,MOCHAMAD RAMADHAN NUGRAHA,nugraharama78@gmail.com,+62 895-3324-69878
3209,101 - GREGED,015 - JATIPANCUR,000900 - RT 003 RW 003 DUSUN SALAM I,IYAN KURNIA,riyanrika2022@gmail.com,+62 859-5672-1551,JAJAT SUDRAJAT,jsudrajat1983@gmail.com,+62 082-2194-26839
3209,101 - GREGED,015 - JATIPANCUR,001000 - RT 001 RW 004 DUSUN SALAM II,IYAN KURNIA,riyanrika2022@gmail.com,+62 859-5672-1551,JAJAT SUDRAJAT,jsudrajat1983@gmail.com,+62 082-2194-26839
3209,101 - GREGED,015 - JATIPANCUR,200100 - PORANG,IYAN KURNIA,riyanrika2022@gmail.com,+62 859-5672-1551,SILVI ZALSABILA ,achazalsa24@gmail.com,+62 831-3556-8392
3209,101 - GREGED,016 - SINDANG KEMPENG,000100 - RT 01 RW 01 DUSUN II,ROHMAT NOOR AGUNG,rohmatnooragung7@gmail.com,+62 838-2720-1314,VENY NOVITASARI,venynovitasari83@gmail.com,+62 851-9424-2195
3209,101 - GREGED,016 - SINDANG KEMPENG,000400 - RT 01 RW 02 DUSUN II,ROHMAT NOOR AGUNG,rohmatnooragung7@gmail.com,+62 838-2720-1314,VENY NOVITASARI,venynovitasari83@gmail.com,+62 851-9424-2195
3209,101 - GREGED,016 - SINDANG KEMPENG,000500 - RT 02 RW 02 DUSUN II,ROHMAT NOOR AGUNG,rohmatnooragung7@gmail.com,+62 838-2720-1314,VENY NOVITASARI,venynovitasari83@gmail.com,+62 851-9424-2195
3209,101 - GREGED,016 - SINDANG KEMPENG,000600 - RT 03 RW 02 DUSUN II,ROHMAT NOOR AGUNG,rohmatnooragung7@gmail.com,+62 838-2720-1314,KRISNA MANIK BUMI,krisnamb06@gmail.com,+62 812-2168-0456
3209,101 - GREGED,016 - SINDANG KEMPENG,000700 - RT 01 RW 03 DUSUN II,ROHMAT NOOR AGUNG,rohmatnooragung7@gmail.com,+62 838-2720-1314,KRISNA MANIK BUMI,krisnamb06@gmail.com,+62 812-2168-0456
3209,101 - GREGED,016 - SINDANG KEMPENG,000800 - RT 02 RW 03 DUSUN II,ROHMAT NOOR AGUNG,rohmatnooragung7@gmail.com,+62 838-2720-1314,KRISNA MANIK BUMI,krisnamb06@gmail.com,+62 812-2168-0456
3209,101 - GREGED,016 - SINDANG KEMPENG,001000 - RT 01 RW 04 DUSUN I,ROHMAT NOOR AGUNG,rohmatnooragung7@gmail.com,+62 838-2720-1314,KRISNA MANIK BUMI,krisnamb06@gmail.com,+62 812-2168-0456
3209,101 - GREGED,016 - SINDANG KEMPENG,001200 - RT 03 RW 04 DUSUN I,ROHMAT NOOR AGUNG,rohmatnooragung7@gmail.com,+62 838-2720-1314,NUNUNG NURUL HASANAH,hiuuikann9@gmail.com,+62 831-4656-3025
3209,101 - GREGED,016 - SINDANG KEMPENG,001300 - RT 01 RW 05 DUSUN I,ROHMAT NOOR AGUNG,rohmatnooragung7@gmail.com,+62 838-2720-1314,NUNUNG NURUL HASANAH,hiuuikann9@gmail.com,+62 831-4656-3025
3209,101 - GREGED,016 - SINDANG KEMPENG,001400 - RT 02 RW 05 DUSUN I,ROHMAT NOOR AGUNG,rohmatnooragung7@gmail.com,+62 838-2720-1314,NUNUNG NURUL HASANAH,hiuuikann9@gmail.com,+62 831-4656-3025
3209,101 - GREGED,016 - SINDANG KEMPENG,001600 - RT 04 RW 05 DUSUN I,ROHMAT NOOR AGUNG,rohmatnooragung7@gmail.com,+62 838-2720-1314,NUNUNG NURUL HASANAH,hiuuikann9@gmail.com,+62 831-4656-3025
3209,101 - GREGED,017 - NANGGELA,000101 - RT 001 RW 001 DUSUN CIBUNGUR,AANG FERDIANSYAH,aangferdans@gmail.com,+62 853-1635-3899,ALI MUHTAROM,alimuhtarom616@gmail.com,+62 813-8548-5949
3209,101 - GREGED,017 - NANGGELA,000800 - RT 002 RW 002 DUSUN DUKUHSARI,AANG FERDIANSYAH,aangferdans@gmail.com,+62 853-1635-3899,NENENG ROSMAYANTI,nenengrosmayanti6@gmail.com,+62 858-6174-1927
3209,101 - GREGED,017 - NANGGELA,001100 - RT 001 RW 002 DUSUN PAKUWON,AANG FERDIANSYAH,aangferdans@gmail.com,+62 853-1635-3899,MUHAMAD NASEH,urang.lembur721@gmail.com,+62 877-7177-0908
3209,101 - GREGED,017 - NANGGELA,001300 - RT 001 RW 001 DUSUN CIKARAMAT,AANG FERDIANSYAH,aangferdans@gmail.com,+62 853-1635-3899,NENENG ROSMAYANTI,nenengrosmayanti6@gmail.com,+62 858-6174-1927
3209,101 - GREGED,017 - NANGGELA,001400 - RT 002 RW 001 DUSUN CIKARAMAT,AANG FERDIANSYAH,aangferdans@gmail.com,+62 853-1635-3899,NENA HIDAYANI,nenahidayani03@gmail.com,+62 831-2089-1742
3209,111 - TALUN,001 - SAMPIRAN,000100 - RT 001 RW 009 DUSUN SIJOPAK,SUTISNA,kaligandubersatu@gmail.com,+62 895-1570-4760,DARLIA,liaac7@gmail.com,+62 896-3779-7127
3209,111 - TALUN,001 - SAMPIRAN,000200 - RT 002 RW 009 DUSUN SIJOPAK,SUTISNA,kaligandubersatu@gmail.com,+62 895-1570-4760,DARLIA,liaac7@gmail.com,+62 896-3779-7127
3209,111 - TALUN,001 - SAMPIRAN,000300 - RT 003 RW 009 DUSUN SIJOPAK,SUTISNA,kaligandubersatu@gmail.com,+62 895-1570-4760,DARLIA,liaac7@gmail.com,+62 896-3779-7127
3209,111 - TALUN,001 - SAMPIRAN,000500 - RT 002 RW 007 DUSUN SAMPIRAN,SUTISNA,kaligandubersatu@gmail.com,+62 895-1570-4760,SAEFUL MUJAB,mujabsfoel04@gmail.com,+62 895-3927-71975
3209,111 - TALUN,001 - SAMPIRAN,000700 - RT 001 RW 008 DUSUN SAMPIRAN,SUTISNA,kaligandubersatu@gmail.com,+62 895-1570-4760,MURIAH,muriah1083@gmail.com,+62 082-2144-99263
3209,111 - TALUN,001 - SAMPIRAN,000800 - RT 002 RW 008 DUSUN SAMPIRAN,SUTISNA,kaligandubersatu@gmail.com,+62 895-1570-4760,MURIAH,muriah1083@gmail.com,+62 082-2144-99263
3209,111 - TALUN,001 - SAMPIRAN,001000 - RT 001 RW 005 DUSUN BANJARAN,SUTISNA,kaligandubersatu@gmail.com,+62 895-1570-4760,KHOERUL UMAMA SIDDA,khoerulumamasidda@gmail.com,+62 821-1769-3605
3209,111 - TALUN,001 - SAMPIRAN,001100 - RT 002 RW 005 DUSUN BANJARAN,SUTISNA,kaligandubersatu@gmail.com,+62 895-1570-4760,KHOERUL UMAMA SIDDA,khoerulumamasidda@gmail.com,+62 821-1769-3605
3209,111 - TALUN,001 - SAMPIRAN,001300 - RT 001 RW 006 DUSUN BANJARAN,SUTISNA,kaligandubersatu@gmail.com,+62 895-1570-4760,MUFRODI ,mufrodiody42@gmail.com,+62 823-2087-4777
3209,111 - TALUN,001 - SAMPIRAN,001400 - RT 002 RW 006 DUSUN BANJARAN,SUTISNA,kaligandubersatu@gmail.com,+62 895-1570-4760,MUFRODI ,mufrodiody42@gmail.com,+62 823-2087-4777
3209,111 - TALUN,001 - SAMPIRAN,001500 - RT 001 RW 003 DUSUN KALIGANDU,SUTISNA,kaligandubersatu@gmail.com,+62 895-1570-4760,PUNGKY PURNAMASARI,pungky.purnamasari.771@gmail.com,0
3209,111 - TALUN,001 - SAMPIRAN,001600 - RT 002 RW 003 DUSUN KALIGANDU,SUTISNA,kaligandubersatu@gmail.com,+62 895-1570-4760,PUNGKY PURNAMASARI,pungky.purnamasari.771@gmail.com,0
3209,111 - TALUN,001 - SAMPIRAN,001700 - RT 003 RW 003 DUSUN KALIGANDU,SUTISNA,kaligandubersatu@gmail.com,+62 895-1570-4760,PUNGKY PURNAMASARI,pungky.purnamasari.771@gmail.com,0
3209,111 - TALUN,001 - SAMPIRAN,001800 - RT 001 RW 004 DUSUN KALIGANDU,ABDUL THOYIB,putrasja.ps@gmail.com,+62 821-3008-9079,IKA NAPLIKHA,inaplikha@gmail.com,+62 882-0016-39390
3209,111 - TALUN,001 - SAMPIRAN,001900 - RT 002 RW 004 DUSUN KALIGANDU,ABDUL THOYIB,putrasja.ps@gmail.com,+62 821-3008-9079,IKA NAPLIKHA,inaplikha@gmail.com,+62 882-0016-39390
3209,111 - TALUN,001 - SAMPIRAN,002000 - RT 003 RW 004 DUSUN KALIGANDU,SUTISNA,kaligandubersatu@gmail.com,+62 895-1570-4760,PUNGKY PURNAMASARI,pungky.purnamasari.771@gmail.com,0
3209,111 - TALUN,001 - SAMPIRAN,002300 - RT 001 RW 001 DUSUN PLAOSAN,SUTISNA,kaligandubersatu@gmail.com,+62 895-1570-4760,NOVI,nzeze50@gamil.co,+62 857-1231-6810
3209,111 - TALUN,001 - SAMPIRAN,002600 - RT 001 RW 002 DUSUN PLAOSAN,ABDUL THOYIB,putrasja.ps@gmail.com,+62 821-3008-9079,SISKA PERMATA SARI,siskapermatasari121992@gmail.com,+62 877-3037-7816
3209,111 - TALUN,001 - SAMPIRAN,002700 - RT 002 RW 002 DUSUN PALOSAN,ABDUL THOYIB,putrasja.ps@gmail.com,+62 821-3008-9079,SISKA PERMATA SARI,siskapermatasari121992@gmail.com,+62 877-3037-7816
3209,111 - TALUN,001 - SAMPIRAN,200200 - KAWASAN HUTAN KALIGANDU (007B),ABDUL THOYIB,putrasja.ps@gmail.com,+62 821-3008-9079,IKA NAPLIKHA,inaplikha@gmail.com,+62 882-0016-39390
3209,111 - TALUN,002 - CIPERNA,000100 - RT 001 RW 001 DUSUN 01,ABDUL THOYIB,putrasja.ps@gmail.com,+62 821-3008-9079,FADLIL YANI AINUSYAMSI,fadilciperna1234@gmail.com,+62 882-8976-2706
3209,111 - TALUN,002 - CIPERNA,000300 - RT 003 RW 001 DUSUN 01,ABDUL THOYIB,putrasja.ps@gmail.com,+62 821-3008-9079,MINHATUL MAULA,minhatulmaula237@gmail.com,+62 087-7871-81032
3209,111 - TALUN,002 - CIPERNA,000400 - RT 004 RW 001 DUSUN 01,ABDUL THOYIB,putrasja.ps@gmail.com,+62 821-3008-9079,FADLIL YANI AINUSYAMSI,fadilciperna1234@gmail.com,+62 882-8976-2706
3209,111 - TALUN,002 - CIPERNA,000500 - RT 001 RW 002 DUSUN 01,ABDUL THOYIB,putrasja.ps@gmail.com,+62 821-3008-9079,MINHATUL MAULA,minhatulmaula237@gmail.com,+62 087-7871-81032
3209,111 - TALUN,002 - CIPERNA,000600 - RT 002 RW 002 DUSUN 01,ABDUL THOYIB,putrasja.ps@gmail.com,+62 821-3008-9079,FADLIL YANI AINUSYAMSI,fadilciperna1234@gmail.com,+62 882-8976-2706
3209,111 - TALUN,002 - CIPERNA,000800 - RT 004 RW 002 DUSUN 01,ABDUL THOYIB,putrasja.ps@gmail.com,+62 821-3008-9079,MINHATUL MAULA,minhatulmaula237@gmail.com,+62 087-7871-81032
3209,111 - TALUN,002 - CIPERNA,001400 - RT 003 RW 006 DUSUN 01,ABDUL THOYIB,putrasja.ps@gmail.com,+62 821-3008-9079,DHANI ANDRIYAN,andriyandhani@gmail.com,+62 081-3243-98887
3209,111 - TALUN,002 - CIPERNA,001600 - RT 005 RW 006 DUSUN 03,ABDUL THOYIB,putrasja.ps@gmail.com,+62 821-3008-9079,DHANI ANDRIYAN,andriyandhani@gmail.com,+62 081-3243-98887
3209,111 - TALUN,002 - CIPERNA,001700 - RT 006 RW 006 DUSUN 03,ABDUL THOYIB,putrasja.ps@gmail.com,+62 821-3008-9079,DHANI ANDRIYAN,andriyandhani@gmail.com,+62 081-3243-98887
3209,111 - TALUN,002 - CIPERNA,001800 - RT 007 RW 006 DUSUN 03,ABDUL THOYIB,putrasja.ps@gmail.com,+62 821-3008-9079,DHANI ANDRIYAN,andriyandhani@gmail.com,+62 081-3243-98887
3209,111 - TALUN,002 - CIPERNA,002100 - RT 001 RW 003 DUSUN 02,ABDUL THOYIB,putrasja.ps@gmail.com,+62 821-3008-9079,MULYATI ,mulyativivo01@gmail.com,+62 083-8665-81671
3209,111 - TALUN,002 - CIPERNA,002300 - RT 003 RW 003 DUSUN 02,ABDUL THOYIB,putrasja.ps@gmail.com,+62 821-3008-9079,MULYATI ,mulyativivo01@gmail.com,+62 083-8665-81671
3209,111 - TALUN,002 - CIPERNA,002600 - RT 001 RW 004 DUSUN 02,ABDUL THOYIB,putrasja.ps@gmail.com,+62 821-3008-9079,KUSWANTO,kuswantowawan212@gmail.com,+62 823-1707-0079
3209,111 - TALUN,002 - CIPERNA,002800 - RT 003 RW 004 DUSUN 02,ABDUL THOYIB,putrasja.ps@gmail.com,+62 821-3008-9079,KUSWANTO,kuswantowawan212@gmail.com,+62 823-1707-0079
3209,111 - TALUN,002 - CIPERNA,002900 - RT 004 RW 004 DUSUN 02,ABDUL THOYIB,putrasja.ps@gmail.com,+62 821-3008-9079,FADLIL YANI AINUSYAMSI,fadilciperna1234@gmail.com,+62 882-8976-2706
3209,111 - TALUN,002 - CIPERNA,100300 - SAWAH (010P),ABDUL THOYIB,putrasja.ps@gmail.com,+62 821-3008-9079,KUSWANTO,kuswantowawan212@gmail.com,+62 823-1707-0079
3209,111 - TALUN,002 - CIPERNA,400500 - TAMAN KOTA CIPERNA CLUSTER NIRWANA,ABDUL THOYIB,putrasja.ps@gmail.com,+62 821-3008-9079,DHANI ANDRIYAN,andriyandhani@gmail.com,+62 081-3243-98887
3209,111 - TALUN,003 - KECOMBERAN,000100 - RT 001 RW 007 DUSUN 2 BLOK BARAT,SATIAH,satiah8876@gmail.com,+62 811-2223-252,MUHAMMAD ALI ZULFIKAR,muhalizulfikar6@gmail.com,+62 821-1535-7732
3209,111 - TALUN,003 - KECOMBERAN,000500 - RT 003 RW 003 DUSUN 2 BLOK BARAT,SATIAH,satiah8876@gmail.com,+62 811-2223-252,SHIFA FAUZIAH PUTRIDILLA,shifafauziah899@gmail.com,+62 812-2236-9280
3209,111 - TALUN,003 - KECOMBERAN,000600 - RT 002 RW 003 DUSUN 2 BLOK BARAT,SATIAH,satiah8876@gmail.com,+62 811-2223-252,SHIFA FAUZIAH PUTRIDILLA,shifafauziah899@gmail.com,+62 812-2236-9280
3209,111 - TALUN,003 - KECOMBERAN,000800 - RT 003 RW 002 DUSUN 2 BLOK BARAT,SATIAH,satiah8876@gmail.com,+62 811-2223-252,MOHAMAD DICKY,mohamaddicky62@gmail.com,0
3209,111 - TALUN,003 - KECOMBERAN,000900 - RT 002 RW 002 DUSUN 2 BLOK BARAT,SATIAH,satiah8876@gmail.com,+62 811-2223-252,MOHAMAD DICKY,mohamaddicky62@gmail.com,0
3209,111 - TALUN,003 - KECOMBERAN,001301 - RT 001 RW 002 DUSUN 2 BLOK JETIS,SATIAH,satiah8876@gmail.com,+62 811-2223-252,MOHAMAD DICKY,mohamaddicky62@gmail.com,0
3209,111 - TALUN,003 - KECOMBERAN,001302 - RT 001 RW 002 DUSUN 2 BLOK JETIS,SATIAH,satiah8876@gmail.com,+62 811-2223-252,MOHAMAD DICKY,mohamaddicky62@gmail.com,0
3209,111 - TALUN,003 - KECOMBERAN,001600 - RT 002 RW 004 DUSUN 1 BLOK TIMUR,SATIAH,satiah8876@gmail.com,+62 811-2223-252,ANIPAH,paudpatrakomala@gmail.com,+62 823-2061-1421
3209,111 - TALUN,003 - KECOMBERAN,001900 - RT 003 RW 001 DUSUN 1 BLOK TIMUR,SATIAH,satiah8876@gmail.com,+62 811-2223-252,MUHAMMAD ALI ZULFIKAR,muhalizulfikar6@gmail.com,+62 821-1535-7732
3209,111 - TALUN,003 - KECOMBERAN,002000 - RT 002 RW 001 DUSUN 1 BLOK TIMUR,SATIAH,satiah8876@gmail.com,+62 811-2223-252,ANIPAH,paudpatrakomala@gmail.com,+62 823-2061-1421
3209,111 - TALUN,003 - KECOMBERAN,002100 - RT 001 RW 001 DUSUN 1 BLOK TIMUR,SATIAH,satiah8876@gmail.com,+62 811-2223-252,ANIPAH,paudpatrakomala@gmail.com,+62 823-2061-1421
3209,111 - TALUN,003 - KECOMBERAN,200100 - SEMAK,SATIAH,satiah8876@gmail.com,+62 811-2223-252,ANIPAH,paudpatrakomala@gmail.com,+62 823-2061-1421
3209,111 - TALUN,003 - KECOMBERAN,200500 - SEMAK BELUKAR,SATIAH,satiah8876@gmail.com,+62 811-2223-252,MOHAMAD DICKY,mohamaddicky62@gmail.com,0
3209,111 - TALUN,004 - CIREBON GIRANG,000100 - RT 001 RW 001 BLOK TALUN,ALI MURTADHO,murtadho.ali810629@gmail.com,+62 852-9551-6678,SRI RAHAYU,srir80315@gmail.com,+62 819-4370-1831
3209,111 - TALUN,004 - CIREBON GIRANG,000200 - RT 002 RW 001 BLOK TALUN,ALI MURTADHO,murtadho.ali810629@gmail.com,+62 852-9551-6678,ABDUL JAENUDIN,abduljaenudin09@gmail.com,+62 896-7911-8381
3209,111 - TALUN,004 - CIREBON GIRANG,000300 - RT 003 RW 001 BLOK TALUN,ALI MURTADHO,murtadho.ali810629@gmail.com,+62 852-9551-6678,LUKKI LUTHFI LUKMANA,merpaticarbo@gmail.com,+62 889-7191-1094
3209,111 - TALUN,004 - CIREBON GIRANG,000400 - RT 004 RW 001 BLOK TALUN,ALI MURTADHO,murtadho.ali810629@gmail.com,+62 852-9551-6678,LUKKI LUTHFI LUKMANA,merpaticarbo@gmail.com,+62 889-7191-1094
3209,111 - TALUN,004 - CIREBON GIRANG,000500 - RT 005 RW 001 BLOK TALUN,ALI MURTADHO,murtadho.ali810629@gmail.com,+62 852-9551-6678,LUKKI LUTHFI LUKMANA,merpaticarbo@gmail.com,+62 889-7191-1094
3209,111 - TALUN,004 - CIREBON GIRANG,000600 - RT 001 RW 002 BLOK TALUN,ALI MURTADHO,murtadho.ali810629@gmail.com,+62 852-9551-6678,LUKKI LUTHFI LUKMANA,merpaticarbo@gmail.com,+62 889-7191-1094
3209,111 - TALUN,004 - CIREBON GIRANG,000800 - RT 003 RW 002 BLOK TALUN,ALI MURTADHO,murtadho.ali810629@gmail.com,+62 852-9551-6678,LUKKI LUTHFI LUKMANA,merpaticarbo@gmail.com,+62 889-7191-1094
3209,111 - TALUN,004 - CIREBON GIRANG,001000 - RT 005 RW 002 BLOK TALUN,ALI MURTADHO,murtadho.ali810629@gmail.com,+62 852-9551-6678,LUKKI LUTHFI LUKMANA,merpaticarbo@gmail.com,+62 889-7191-1094
3209,111 - TALUN,004 - CIREBON GIRANG,001100 - RT 001 RW 003 BLOK TALUN,ALI MURTADHO,murtadho.ali810629@gmail.com,+62 852-9551-6678,ABDUL JAENUDIN,abduljaenudin09@gmail.com,+62 896-7911-8381
3209,111 - TALUN,004 - CIREBON GIRANG,001200 - RT 002 RW 003 BLOK TALUN,ALI MURTADHO,murtadho.ali810629@gmail.com,+62 852-9551-6678,ABDUL JAENUDIN,abduljaenudin09@gmail.com,+62 896-7911-8381
3209,111 - TALUN,004 - CIREBON GIRANG,001300 - RT 003 RW 003 BLOK TALUN,ALI MURTADHO,murtadho.ali810629@gmail.com,+62 852-9551-6678,ABDUL JAENUDIN,abduljaenudin09@gmail.com,+62 896-7911-8381
3209,111 - TALUN,004 - CIREBON GIRANG,001400 - RT 004 RW 003 BLOK TALUN,ALI MURTADHO,murtadho.ali810629@gmail.com,+62 852-9551-6678,ABDUL JAENUDIN,abduljaenudin09@gmail.com,+62 896-7911-8381
3209,111 - TALUN,004 - CIREBON GIRANG,001500 - RT 005 RW 003 BLOK TALUN,ALI MURTADHO,murtadho.ali810629@gmail.com,+62 852-9551-6678,ABDUL JAENUDIN,abduljaenudin09@gmail.com,+62 896-7911-8381
3209,111 - TALUN,004 - CIREBON GIRANG,001600 - RT 006 RW 003 BLOK TALUN,ALI MURTADHO,murtadho.ali810629@gmail.com,+62 852-9551-6678,ABDUL JAENUDIN,abduljaenudin09@gmail.com,+62 896-7911-8381
3209,111 - TALUN,004 - CIREBON GIRANG,001800 - RT 001 RW 004 BLOK ASTANA,ALI MURTADHO,murtadho.ali810629@gmail.com,+62 852-9551-6678,ABDUL JAENUDIN,abduljaenudin09@gmail.com,+62 896-7911-8381
3209,111 - TALUN,004 - CIREBON GIRANG,002100 - RT 004 RW 004 BLOK ASTANA,ALI MURTADHO,murtadho.ali810629@gmail.com,+62 852-9551-6678,TRI SUTRISNO ,trisoet01@gmail.com,+62 813-1243-5475
3209,111 - TALUN,004 - CIREBON GIRANG,002300 - RT 001 RW 005 BLOK ASTANA,ALI MURTADHO,murtadho.ali810629@gmail.com,+62 852-9551-6678,TRI SUTRISNO ,trisoet01@gmail.com,+62 813-1243-5475
3209,111 - TALUN,004 - CIREBON GIRANG,002400 - RT 002 RW 005 BLOK ASTANA,ALI MURTADHO,murtadho.ali810629@gmail.com,+62 852-9551-6678,TRI SUTRISNO ,trisoet01@gmail.com,+62 813-1243-5475
3209,111 - TALUN,004 - CIREBON GIRANG,002500 - RT 003 RW 005 BLOK ASTANA,ALI MURTADHO,murtadho.ali810629@gmail.com,+62 852-9551-6678,TRI SUTRISNO ,trisoet01@gmail.com,+62 813-1243-5475
3209,111 - TALUN,004 - CIREBON GIRANG,002600 - RT 004 RW 005 BLOK ASTANA,ALI MURTADHO,murtadho.ali810629@gmail.com,+62 852-9551-6678,TRI SUTRISNO ,trisoet01@gmail.com,+62 813-1243-5475
3209,111 - TALUN,004 - CIREBON GIRANG,002700 - RT 005 RW 005 BLOK ASTANA,ALI MURTADHO,murtadho.ali810629@gmail.com,+62 852-9551-6678,TRI SUTRISNO ,trisoet01@gmail.com,+62 813-1243-5475
3209,111 - TALUN,004 - CIREBON GIRANG,002800 - RT 006 RW 005 BLOK ASTANA,ALI MURTADHO,murtadho.ali810629@gmail.com,+62 852-9551-6678,TRI SUTRISNO ,trisoet01@gmail.com,+62 813-1243-5475
3209,111 - TALUN,004 - CIREBON GIRANG,003000 - RT 002 RW 006 BLOK BUMI ARUM SARI,ALI MURTADHO,murtadho.ali810629@gmail.com,+62 852-9551-6678,SRI RAHAYU,srir80315@gmail.com,+62 819-4370-1831
3209,111 - TALUN,004 - CIREBON GIRANG,003300 - RT 005 RW 006 BLOK BUMI ARUM SARI,ALI MURTADHO,murtadho.ali810629@gmail.com,+62 852-9551-6678,DANANG WIDIANTORO,wsdanang444@gmail.com,0
3209,111 - TALUN,004 - CIREBON GIRANG,003400 - RT 006 RW 006 BLOK BUMI ARUM SARI,ALI MURTADHO,murtadho.ali810629@gmail.com,+62 852-9551-6678,DANANG WIDIANTORO,wsdanang444@gmail.com,0
3209,111 - TALUN,004 - CIREBON GIRANG,003500 - RT 007 RW 006 BLOK BUMI ARUM SARI,ALI MURTADHO,murtadho.ali810629@gmail.com,+62 852-9551-6678,DANANG WIDIANTORO,wsdanang444@gmail.com,0
3209,111 - TALUN,004 - CIREBON GIRANG,003600 - RT 001 RW 007 BLOK BUMI ARUM SARI,ALI MURTADHO,murtadho.ali810629@gmail.com,+62 852-9551-6678,M NUR GHOLIB,gholibmnur@gmail.com,+62 851-6319-0037
3209,111 - TALUN,004 - CIREBON GIRANG,003700 - RT 002 RW 007 BLOK BUMI ARUM SARI,ALI MURTADHO,murtadho.ali810629@gmail.com,+62 852-9551-6678,M NUR GHOLIB,gholibmnur@gmail.com,+62 851-6319-0037
3209,111 - TALUN,004 - CIREBON GIRANG,003800 - RT 003 RW 007 BLOK BUMI ARUM SARI,ALI MURTADHO,murtadho.ali810629@gmail.com,+62 852-9551-6678,M NUR GHOLIB,gholibmnur@gmail.com,+62 851-6319-0037
3209,111 - TALUN,004 - CIREBON GIRANG,003900 - RT 004 RW 007 BLOK BUMI ARUM SARI,ALI MURTADHO,murtadho.ali810629@gmail.com,+62 852-9551-6678,DANANG WIDIANTORO,wsdanang444@gmail.com,0
3209,111 - TALUN,004 - CIREBON GIRANG,004000 - RT 005 RW 007 BLOK BUMI ARUM SARI,ALI MURTADHO,murtadho.ali810629@gmail.com,+62 852-9551-6678,DANANG WIDIANTORO,wsdanang444@gmail.com,0
3209,111 - TALUN,004 - CIREBON GIRANG,004100 - RT 001 RW 008 BLOK BUMI ARUM SARI,ALI MURTADHO,murtadho.ali810629@gmail.com,+62 852-9551-6678,DANANG WIDIANTORO,wsdanang444@gmail.com,0
3209,111 - TALUN,004 - CIREBON GIRANG,004500 - RT 005 RW 008 BLOK BUMI ARUM SARI,ALI MURTADHO,murtadho.ali810629@gmail.com,+62 852-9551-6678,DANANG WIDIANTORO,wsdanang444@gmail.com,0
3209,111 - TALUN,004 - CIREBON GIRANG,004700 - RT 007 RW 008 BLOK BUMI ARUM SARI,ALI MURTADHO,murtadho.ali810629@gmail.com,+62 852-9551-6678,DANANG WIDIANTORO,wsdanang444@gmail.com,0
3209,111 - TALUN,004 - CIREBON GIRANG,004800 - RT 001 RW 009 BLOK BUMI ARUM SARI,ALI MURTADHO,murtadho.ali810629@gmail.com,+62 852-9551-6678,DANANG WIDIANTORO,wsdanang444@gmail.com,0
3209,111 - TALUN,004 - CIREBON GIRANG,005800 - RT 001 RW 011 BLOK BUMI ARUM SARI,ALI MURTADHO,murtadho.ali810629@gmail.com,+62 852-9551-6678,M NUR GHOLIB,gholibmnur@gmail.com,+62 851-6319-0037
3209,111 - TALUN,004 - CIREBON GIRANG,005900 - RT 002 RW 011 BLOK BUMI ARUM SARI,ALI MURTADHO,murtadho.ali810629@gmail.com,+62 852-9551-6678,DANANG WIDIANTORO,wsdanang444@gmail.com,0
3209,111 - TALUN,004 - CIREBON GIRANG,006000 - RT 003 RW 011 BLOK BUMI ARUM SARI,ALI MURTADHO,murtadho.ali810629@gmail.com,+62 852-9551-6678,DANANG WIDIANTORO,wsdanang444@gmail.com,0
3209,111 - TALUN,004 - CIREBON GIRANG,006100 - RT 001 RW 012 BLOK BUMI ARUM SARI,ALI MURTADHO,murtadho.ali810629@gmail.com,+62 852-9551-6678,M NUR GHOLIB,gholibmnur@gmail.com,+62 851-6319-0037
3209,111 - TALUN,004 - CIREBON GIRANG,006200 - RT 002 RW 012 BLOK BUMI ARUM SARI,ALI MURTADHO,murtadho.ali810629@gmail.com,+62 852-9551-6678,M NUR GHOLIB,gholibmnur@gmail.com,+62 851-6319-0037
3209,111 - TALUN,004 - CIREBON GIRANG,006300 - RT 003 RW 012 BLOK BUMI ARUM SARI,ALI MURTADHO,murtadho.ali810629@gmail.com,+62 852-9551-6678,M NUR GHOLIB,gholibmnur@gmail.com,+62 851-6319-0037
3209,111 - TALUN,004 - CIREBON GIRANG,006400 - RT 001 RW 013 BLOK BUMI ARUM SARI,ALI MURTADHO,murtadho.ali810629@gmail.com,+62 852-9551-6678,M NUR GHOLIB,gholibmnur@gmail.com,+62 851-6319-0037
3209,111 - TALUN,004 - CIREBON GIRANG,006500 - RT 002 RW 013 BLOK BUMI ARUM SARI,ALI MURTADHO,murtadho.ali810629@gmail.com,+62 852-9551-6678,M NUR GHOLIB,gholibmnur@gmail.com,+62 851-6319-0037
3209,111 - TALUN,004 - CIREBON GIRANG,100100 - SAWAH,ALI MURTADHO,murtadho.ali810629@gmail.com,+62 852-9551-6678,M NUR GHOLIB,gholibmnur@gmail.com,+62 851-6319-0037
3209,111 - TALUN,005 - KERANDON,000200 - RT 002 RW 001 DUSUN 001,SATIAH,satiah8876@gmail.com,+62 811-2223-252,RUCIA ANDRIYANI ,ruciaarucia@gmail.com,+62 819-0684-5710
3209,111 - TALUN,005 - KERANDON,000300 - RT 003 RW 001 DUSUN 001,SATIAH,satiah8876@gmail.com,+62 811-2223-252,RUCIA ANDRIYANI ,ruciaarucia@gmail.com,+62 819-0684-5710
3209,111 - TALUN,005 - KERANDON,000500 - RT 002 RW 002 DUSUN 002,SATIAH,satiah8876@gmail.com,+62 811-2223-252,RUCIA ANDRIYANI ,ruciaarucia@gmail.com,+62 819-0684-5710
3209,111 - TALUN,005 - KERANDON,000700 - RT 001 RW 003 DUSUN 002,SATIAH,satiah8876@gmail.com,+62 811-2223-252,FERI ARIYANTO,feri.ariyanto.fa@gmail.com,+62 838-9167-7775
3209,111 - TALUN,005 - KERANDON,000800 - RT 002 RW 003 DUSUN 002,SATIAH,satiah8876@gmail.com,+62 811-2223-252,FERI ARIYANTO,feri.ariyanto.fa@gmail.com,+62 838-9167-7775
3209,111 - TALUN,005 - KERANDON,000900 - RT 003 RW 003 DUSUN 002,SATIAH,satiah8876@gmail.com,+62 811-2223-252,FERI ARIYANTO,feri.ariyanto.fa@gmail.com,+62 838-9167-7775
3209,111 - TALUN,005 - KERANDON,001100 - RT 002 RW 004 DUSUN 003,SATIAH,satiah8876@gmail.com,+62 811-2223-252,FERI ARIYANTO,feri.ariyanto.fa@gmail.com,+62 838-9167-7775
3209,111 - TALUN,005 - KERANDON,001200 - RT 003 RW 004 DUSUN 003,SATIAH,satiah8876@gmail.com,+62 811-2223-252,FERI ARIYANTO,feri.ariyanto.fa@gmail.com,+62 838-9167-7775
3209,111 - TALUN,005 - KERANDON,100100 - SAWAH,SATIAH,satiah8876@gmail.com,+62 811-2223-252,FERI ARIYANTO,feri.ariyanto.fa@gmail.com,+62 838-9167-7775
3209,111 - TALUN,006 - WANASABA KIDUL,000100 - RT 001 RW 001 DUSUN 1,AKHMAD RONI,ronieahmad28@gmail.com,+62 823-1538-3104,USNAN,usnan163@gmail.com,+62 895-6175-79381
3209,111 - TALUN,006 - WANASABA KIDUL,000200 - RT 002 RW 001 DUSUN 1,AKHMAD RONI,ronieahmad28@gmail.com,+62 823-1538-3104,NOVI ANGGRAENI,novieanggraenii19@gmail.com,+62 899-9361-855
3209,111 - TALUN,006 - WANASABA KIDUL,000800 - RT 004 RW 002 DUSUN 2,AKHMAD RONI,ronieahmad28@gmail.com,+62 823-1538-3104,HANINDITA,haninditul06@gmail.com,+62 896-3638-7819
3209,111 - TALUN,006 - WANASABA KIDUL,000901 - RT 001 RW 003 DUSUN 3,AKHMAD RONI,ronieahmad28@gmail.com,+62 823-1538-3104,ROKHMAH AULIA,rokhmahaulia36@gmail.com,+62 895-3686-33454
3209,111 - TALUN,006 - WANASABA KIDUL,001300 - RT 001 RW 004 DUSUN 4,AKHMAD RONI,ronieahmad28@gmail.com,+62 823-1538-3104,RINA ROSARINA INDAH,rinarosarinaindah@gmail.com,+62 852-2450-5269
3209,111 - TALUN,006 - WANASABA KIDUL,001400 - RT 002 RW 004 DUSUN 4,AKHMAD RONI,ronieahmad28@gmail.com,+62 823-1538-3104,RINA ROSARINA INDAH,rinarosarinaindah@gmail.com,+62 852-2450-5269
3209,111 - TALUN,006 - WANASABA KIDUL,001800 - RT 001 RW 005 DUSUN 5,AKHMAD RONI,ronieahmad28@gmail.com,+62 823-1538-3104,RINA ROSARINA INDAH,rinarosarinaindah@gmail.com,+62 852-2450-5269
3209,111 - TALUN,006 - WANASABA KIDUL,001900 - RT 002 RW 005 DUSUN 5,AKHMAD RONI,ronieahmad28@gmail.com,+62 823-1538-3104,RINA ROSARINA INDAH,rinarosarinaindah@gmail.com,+62 852-2450-5269
3209,111 - TALUN,006 - WANASABA KIDUL,002200 - RT 003 RW 006 DUSUN 5,AKHMAD RONI,ronieahmad28@gmail.com,+62 823-1538-3104,NOVI ANGGRAENI,novieanggraenii19@gmail.com,+62 899-9361-855
3209,111 - TALUN,006 - WANASABA KIDUL,002300 - RT 004 RW 006 DUSUN 5,AKHMAD RONI,ronieahmad28@gmail.com,+62 823-1538-3104,NOVI ANGGRAENI,novieanggraenii19@gmail.com,+62 899-9361-855
3209,111 - TALUN,006 - WANASABA KIDUL,100100 - SAWAH,AKHMAD RONI,ronieahmad28@gmail.com,+62 823-1538-3104,USNAN,usnan163@gmail.com,+62 895-6175-79381
3209,111 - TALUN,007 - WANASABA LOR,000100 - RT 01 RW 01 DUSUN 01 PEJERUKAN,SUNI,suni20081974@gmail.com,+62 082-3200-17384,ADE RASITA,mangrasrasita@gmail.com,+62 852-2409-2216
3209,111 - TALUN,007 - WANASABA LOR,000200 - RT 02 RW 01 DUSUN 01 KUANG,SUNI,suni20081974@gmail.com,+62 082-3200-17384,ADE RASITA,mangrasrasita@gmail.com,+62 852-2409-2216
3209,111 - TALUN,007 - WANASABA LOR,000300 - RT 01 RW 02 DUSUN 01 DESA,SUNI,suni20081974@gmail.com,+62 082-3200-17384,ADE RASITA,mangrasrasita@gmail.com,+62 852-2409-2216
3209,111 - TALUN,007 - WANASABA LOR,000400 - RT 02 RW 02 DUSUN 01 DALEM,SUNI,suni20081974@gmail.com,+62 082-3200-17384,KOSIDIN,saladin.sugi@gmail.com,+62 811-2241-488
3209,111 - TALUN,007 - WANASABA LOR,000500 - RT 01 RW 03 DUSUN 01 BABAT,SUNI,suni20081974@gmail.com,+62 082-3200-17384,ADE RASITA,mangrasrasita@gmail.com,+62 852-2409-2216
3209,111 - TALUN,007 - WANASABA LOR,000600 - RT 02 RW 03 DUSUN 01 PESANTREN,SUNI,suni20081974@gmail.com,+62 082-3200-17384,KOSIDIN,saladin.sugi@gmail.com,+62 811-2241-488
3209,111 - TALUN,007 - WANASABA LOR,000700 - RT 03 RW 03 DUSUN 01 LUNJUKAN,SUNI,suni20081974@gmail.com,+62 082-3200-17384,KOSIDIN,saladin.sugi@gmail.com,+62 811-2241-488
3209,111 - TALUN,007 - WANASABA LOR,000900 - RT 02 RW 04 DUSUN 02 GRIYA CEMPAKA ARUM,SUNI,suni20081974@gmail.com,+62 082-3200-17384,LAILY TAZKIYAH HIDAYATI,lailytazkiyah04@gmail.com,0
3209,111 - TALUN,007 - WANASABA LOR,001000 - RT 03 RW 04 DUSUN 02 GRIYA CEMPAKA ARUM,SUNI,suni20081974@gmail.com,+62 082-3200-17384,LAILY TAZKIYAH HIDAYATI,lailytazkiyah04@gmail.com,0
3209,111 - TALUN,007 - WANASABA LOR,001600 - RT 02 RW 05 DUSUN 02 GRIYA CEMPAKA ARUM,SUNI,suni20081974@gmail.com,+62 082-3200-17384,LAILY TAZKIYAH HIDAYATI,lailytazkiyah04@gmail.com,0
3209,111 - TALUN,007 - WANASABA LOR,001800 - RT 04 RW 05 DUSUN 02 GRIYA CEMPAKA ARUM,SUNI,suni20081974@gmail.com,+62 082-3200-17384,LAILY TAZKIYAH HIDAYATI,lailytazkiyah04@gmail.com,0
3209,111 - TALUN,007 - WANASABA LOR,002000 - RT 06 RW 05 DUSUN 02 GRIYA CEMPAKA ARUM,SUNI,suni20081974@gmail.com,+62 082-3200-17384,LAILY TAZKIYAH HIDAYATI,lailytazkiyah04@gmail.com,0
3209,111 - TALUN,012 - CEMPAKA,000200 - RT 003 RW 003 DUSUN 3,SUNI,suni20081974@gmail.com,+62 082-3200-17384,AYU ASMAWATI,ayundadede@gmail.com,+62 813-1254-6600
3209,111 - TALUN,012 - CEMPAKA,000300 - RT 002 RW 003 DUSUN 3,SUNI,suni20081974@gmail.com,+62 082-3200-17384,VENI LISTANTI,venilistanti023@gmail.com,+62 831-5155-2263
3209,111 - TALUN,012 - CEMPAKA,000400 - RT 001 RW 007 DUSUN 3,SUNI,suni20081974@gmail.com,+62 082-3200-17384,AYU ASMAWATI,ayundadede@gmail.com,+62 813-1254-6600
3209,111 - TALUN,012 - CEMPAKA,001100 - RT 002 RW 004 DUSUN 2,SUNI,suni20081974@gmail.com,+62 082-3200-17384,VENI LISTANTI,venilistanti023@gmail.com,+62 831-5155-2263
3209,111 - TALUN,012 - CEMPAKA,001200 - RT 001 RW 004 DUSUN 2,SUNI,suni20081974@gmail.com,+62 082-3200-17384,VENI LISTANTI,venilistanti023@gmail.com,+62 831-5155-2263
3209,111 - TALUN,012 - CEMPAKA,001400 - RT 005 RW 002 DUSUN 1,ARIF MAULANA EFENDI,arifmaulanaefendi12@gmail.com,+62 812-5999-0073,YASIR,yasritalun@gmail.com,+62 082-3168-57878
3209,111 - TALUN,012 - CEMPAKA,001500 - RT 004 RW 002 DUSUN 1,ARIF MAULANA EFENDI,arifmaulanaefendi12@gmail.com,+62 812-5999-0073,YASIR,yasritalun@gmail.com,+62 082-3168-57878
3209,111 - TALUN,012 - CEMPAKA,001600 - RT 001 RW 002 DUSUN 1,ARIF MAULANA EFENDI,arifmaulanaefendi12@gmail.com,+62 812-5999-0073,YASIR,yasritalun@gmail.com,+62 082-3168-57878
3209,111 - TALUN,012 - CEMPAKA,001700 - RT 001 RW 001 DUSUN 1,ARIF MAULANA EFENDI,arifmaulanaefendi12@gmail.com,+62 812-5999-0073,YASIR,yasritalun@gmail.com,+62 082-3168-57878
3209,111 - TALUN,012 - CEMPAKA,001800 - RT 003 RW 001 DUSUN 1,SUNI,suni20081974@gmail.com,+62 082-3200-17384,AYU ASMAWATI,ayundadede@gmail.com,+62 813-1254-6600
3209,111 - TALUN,012 - CEMPAKA,002000 - RT 002 RW 002 DUSUN 1,SUNI,suni20081974@gmail.com,+62 082-3200-17384,AYU ASMAWATI,ayundadede@gmail.com,+62 813-1254-6600
3209,111 - TALUN,012 - CEMPAKA,002100 - RT 003 RW 002 DUSUN 1,SUNI,suni20081974@gmail.com,+62 082-3200-17384,VENI LISTANTI,venilistanti023@gmail.com,+62 831-5155-2263
3209,111 - TALUN,012 - CEMPAKA,002200 - RT 001 RW 008 DUSUN 1,SUNI,suni20081974@gmail.com,+62 082-3200-17384,WULAN JULIANTI MARSELINA,wulanjuliantim@gmail.com,+62 857-2333-6602
3209,111 - TALUN,012 - CEMPAKA,002300 - RT 003 RW 008 DUSUN 1,SUNI,suni20081974@gmail.com,+62 082-3200-17384,WULAN JULIANTI MARSELINA,wulanjuliantim@gmail.com,+62 857-2333-6602
3209,111 - TALUN,012 - CEMPAKA,002500 - RT 002 RW 008 DUSUN 1,SUNI,suni20081974@gmail.com,+62 082-3200-17384,AYU ASMAWATI,ayundadede@gmail.com,+62 813-1254-6600
3209,111 - TALUN,012 - CEMPAKA,002700 - RT 001 RW 009 DUSUN 1,SUNI,suni20081974@gmail.com,+62 082-3200-17384,WULAN JULIANTI MARSELINA,wulanjuliantim@gmail.com,+62 857-2333-6602
3209,111 - TALUN,013 - KEPONGPONGAN,000101 - RT 01 RW 01 DUSUN 1,ARIF MAULANA EFENDI,arifmaulanaefendi12@gmail.com,+62 812-5999-0073,ALISIA SALSABILLAH ,alisiasb3@gmail.com,+62 896-5447-9324
3209,111 - TALUN,013 - KEPONGPONGAN,000102 - RT 01 RW 01 DUSUN 1,ARIF MAULANA EFENDI,arifmaulanaefendi12@gmail.com,+62 812-5999-0073,ALISIA SALSABILLAH ,alisiasb3@gmail.com,+62 896-5447-9324
3209,111 - TALUN,013 - KEPONGPONGAN,000200 - RT 02 RW 01 DUSUN 1,ARIF MAULANA EFENDI,arifmaulanaefendi12@gmail.com,+62 812-5999-0073,ALISIA SALSABILLAH ,alisiasb3@gmail.com,+62 896-5447-9324
3209,111 - TALUN,013 - KEPONGPONGAN,000300 - RT 03 RW 01 DUSUN 1,ARIF MAULANA EFENDI,arifmaulanaefendi12@gmail.com,+62 812-5999-0073,NAURA AZZAHRA AKHMADI TADJWID,nauraazzahra20052007@gmail.com,+62 811-2444-375
3209,111 - TALUN,013 - KEPONGPONGAN,000400 - RT 04 RW 01 DUSUN 1,ARIF MAULANA EFENDI,arifmaulanaefendi12@gmail.com,+62 812-5999-0073,NAURA AZZAHRA AKHMADI TADJWID,nauraazzahra20052007@gmail.com,+62 811-2444-375
3209,111 - TALUN,013 - KEPONGPONGAN,000500 - RT 01 RW 02 DUSUN 1,ARIF MAULANA EFENDI,arifmaulanaefendi12@gmail.com,+62 812-5999-0073,SYAEPUDIN,vudin.haf@gmail.com,+62 085-2959-09733
3209,111 - TALUN,013 - KEPONGPONGAN,000600 - RT 02 RW 02 DUSUN 1,ARIF MAULANA EFENDI,arifmaulanaefendi12@gmail.com,+62 812-5999-0073,KHUMAIROH,khumairohhaf@gmail.com,+62 852-9572-0123
3209,111 - TALUN,013 - KEPONGPONGAN,000700 - RT 03 RW 02 DUSUN 1,ARIF MAULANA EFENDI,arifmaulanaefendi12@gmail.com,+62 812-5999-0073,KHUMAIROH,khumairohhaf@gmail.com,+62 852-9572-0123
3209,111 - TALUN,013 - KEPONGPONGAN,000800 - RT 04 RW 02 DUSUN 1,ARIF MAULANA EFENDI,arifmaulanaefendi12@gmail.com,+62 812-5999-0073,KHUMAIROH,khumairohhaf@gmail.com,+62 852-9572-0123
3209,111 - TALUN,013 - KEPONGPONGAN,000900 - RT 01 RW 03 DUSUN 2,ARIF MAULANA EFENDI,arifmaulanaefendi12@gmail.com,+62 812-5999-0073,MUHAMMAD USMAN BADRUL FALLAHK,elbarja0881@gmail.com,+62 882-0013-37148
3209,111 - TALUN,013 - KEPONGPONGAN,001000 - RT 02 RW 03 DUSUN 2,ARIF MAULANA EFENDI,arifmaulanaefendi12@gmail.com,+62 812-5999-0073,MUHAMMAD USMAN BADRUL FALLAHK,elbarja0881@gmail.com,+62 882-0013-37148
3209,111 - TALUN,013 - KEPONGPONGAN,001100 - RT 03 RW 03 DUSUN 2,ARIF MAULANA EFENDI,arifmaulanaefendi12@gmail.com,+62 812-5999-0073,MUHAMMAD USMAN BADRUL FALLAHK,elbarja0881@gmail.com,+62 882-0013-37148
3209,111 - TALUN,013 - KEPONGPONGAN,001200 - RT 01 RW 04 DUSUN 2,ARIF MAULANA EFENDI,arifmaulanaefendi12@gmail.com,+62 812-5999-0073,SYAEPUDIN,vudin.haf@gmail.com,+62 085-2959-09733
3209,111 - TALUN,013 - KEPONGPONGAN,001700 - RT 03 RW 05 DUSUN 3,ARIF MAULANA EFENDI,arifmaulanaefendi12@gmail.com,+62 812-5999-0073,KHUMAIROH,khumairohhaf@gmail.com,+62 852-9572-0123
3209,111 - TALUN,013 - KEPONGPONGAN,001800 - RT 04 RW 05 DUSUN 3,ARIF MAULANA EFENDI,arifmaulanaefendi12@gmail.com,+62 812-5999-0073,KHUMAIROH,khumairohhaf@gmail.com,+62 852-9572-0123
3209,111 - TALUN,013 - KEPONGPONGAN,002000 - RT 02 RW 06 DUSUN 3,ARIF MAULANA EFENDI,arifmaulanaefendi12@gmail.com,+62 812-5999-0073,ALISIA SALSABILLAH ,alisiasb3@gmail.com,+62 896-5447-9324
3209,111 - TALUN,013 - KEPONGPONGAN,100100 - SAWAH,ARIF MAULANA EFENDI,arifmaulanaefendi12@gmail.com,+62 812-5999-0073,MUHAMMAD USMAN BADRUL FALLAHK,elbarja0881@gmail.com,+62 882-0013-37148
3209,111 - TALUN,014 - KUBANG,000700 - RT 007 RW 004 DUSUN 002,AKHMAD RONI,ronieahmad28@gmail.com,+62 823-1538-3104,DEUDEUH NURINTAN SITI ROHMAH,deudeuh159@gmail.com,+62 853-2015-7331
3209,111 - TALUN,014 - KUBANG,100100 - SAWAH,AKHMAD RONI,ronieahmad28@gmail.com,+62 823-1538-3104,KIKI NURLAELA SARI ,kikins3103@gmail.com,+62 813-2238-1682
3209,111 - TALUN,015 - SARWADADI,000100 - RT 001 RW 001 DUSUN 1,ARIF MAULANA EFENDI,arifmaulanaefendi12@gmail.com,+62 812-5999-0073,ALAMIN AKBAR,alaminakbar88@gmail.com,+62 823-2976-8884
3209,111 - TALUN,015 - SARWADADI,000200 - RT 002 RW 001 DUSUN 1,ARIF MAULANA EFENDI,arifmaulanaefendi12@gmail.com,+62 812-5999-0073,ALAMIN AKBAR,alaminakbar88@gmail.com,+62 823-2976-8884
3209,111 - TALUN,015 - SARWADADI,000300 - RT 003 RW 001 DUSUN 1,ARIF MAULANA EFENDI,arifmaulanaefendi12@gmail.com,+62 812-5999-0073,ALAMIN AKBAR,alaminakbar88@gmail.com,+62 823-2976-8884
3209,111 - TALUN,015 - SARWADADI,000400 - RT 004 RW 001 DUSUN 1,ARIF MAULANA EFENDI,arifmaulanaefendi12@gmail.com,+62 812-5999-0073,ALAMIN AKBAR,alaminakbar88@gmail.com,+62 823-2976-8884
3209,111 - TALUN,015 - SARWADADI,000500 - RT 005 RW 002 DUSUN 1,ARIF MAULANA EFENDI,arifmaulanaefendi12@gmail.com,+62 812-5999-0073,ALAMIN AKBAR,alaminakbar88@gmail.com,+62 823-2976-8884
3209,111 - TALUN,015 - SARWADADI,000600 - RT 006 RW 002 DUSUN 2,ARIF MAULANA EFENDI,arifmaulanaefendi12@gmail.com,+62 812-5999-0073,ALAMIN AKBAR,alaminakbar88@gmail.com,+62 823-2976-8884
3209,111 - TALUN,015 - SARWADADI,000700 - RT 007 RW 002 DUSUN 2,ARIF MAULANA EFENDI,arifmaulanaefendi12@gmail.com,+62 812-5999-0073,ALAMIN AKBAR,alaminakbar88@gmail.com,+62 823-2976-8884
3209,111 - TALUN,015 - SARWADADI,000800 - RT 008 RW 003 DUSUN 2,ARIF MAULANA EFENDI,arifmaulanaefendi12@gmail.com,+62 812-5999-0073,ALAMIN AKBAR,alaminakbar88@gmail.com,+62 823-2976-8884
3209,111 - TALUN,015 - SARWADADI,000900 - RT 009 RW 003 DUSUN 2,ARIF MAULANA EFENDI,arifmaulanaefendi12@gmail.com,+62 812-5999-0073,ALAMIN AKBAR,alaminakbar88@gmail.com,+62 823-2976-8884
3209,111 - TALUN,015 - SARWADADI,001000 - RT 010 RW 003 DUSUN 2,ARIF MAULANA EFENDI,arifmaulanaefendi12@gmail.com,+62 812-5999-0073,ALAMIN AKBAR,alaminakbar88@gmail.com,+62 823-2976-8884
3209,111 - TALUN,015 - SARWADADI,100300 - SAWAH,ARIF MAULANA EFENDI,arifmaulanaefendi12@gmail.com,+62 812-5999-0073,ALAMIN AKBAR,alaminakbar88@gmail.com,+62 823-2976-8884
3209,120 - SUMBER,010 - MATANGAJI,000100 - RT 001 RW 001,MASKIPAH,dwiazira2010@gmail.com,+62 812-2144-8590,ONAAOLANI,onaaolani11@gmail.com,0
3209,120 - SUMBER,010 - MATANGAJI,000200 - RT 002 RW 001,MASKIPAH,dwiazira2010@gmail.com,+62 812-2144-8590,NAZWA AURELYA,aurelyanazwa22@gmail.com,+62 088-9715-76958
3209,120 - SUMBER,010 - MATANGAJI,000300 - RT 003 RW 001,MASKIPAH,dwiazira2010@gmail.com,+62 812-2144-8590,NAZWA AURELYA,aurelyanazwa22@gmail.com,+62 088-9715-76958
3209,120 - SUMBER,010 - MATANGAJI,000500 - RT 001 RW 002,MASKIPAH,dwiazira2010@gmail.com,+62 812-2144-8590,NURUL RIZKY LESTARI,mrsudirman10@gmail.com,+62 812-1302-7099
3209,120 - SUMBER,010 - MATANGAJI,000600 - RT 002 RW 002,MASKIPAH,dwiazira2010@gmail.com,+62 812-2144-8590,NURUL RIZKY LESTARI,mrsudirman10@gmail.com,+62 812-1302-7099
3209,120 - SUMBER,010 - MATANGAJI,000700 - RT 003 RW 002,MASKIPAH,dwiazira2010@gmail.com,+62 812-2144-8590,NURUL RIZKY LESTARI,mrsudirman10@gmail.com,+62 812-1302-7099
3209,120 - SUMBER,010 - MATANGAJI,000800 - RT 004 RW 002,MASKIPAH,dwiazira2010@gmail.com,+62 812-2144-8590,NURUL RIZKY LESTARI,mrsudirman10@gmail.com,+62 812-1302-7099
3209,120 - SUMBER,010 - MATANGAJI,000900 - RT 001 RW 003,MASKIPAH,dwiazira2010@gmail.com,+62 812-2144-8590,LUCKY DAMAYANTI,luckydamayanti10@gmail.com,+62 813-2492-7229
3209,120 - SUMBER,010 - MATANGAJI,001000 - RT 002 RW 003,MASKIPAH,dwiazira2010@gmail.com,+62 812-2144-8590,LUCKY DAMAYANTI,luckydamayanti10@gmail.com,+62 813-2492-7229
3209,120 - SUMBER,010 - MATANGAJI,001100 - RT 003 RW 003,MASKIPAH,dwiazira2010@gmail.com,+62 812-2144-8590,LUCKY DAMAYANTI,luckydamayanti10@gmail.com,+62 813-2492-7229
3209,120 - SUMBER,010 - MATANGAJI,001200 - RT 001 RW 004,MASKIPAH,dwiazira2010@gmail.com,+62 812-2144-8590,NURUL RIZKY LESTARI,mrsudirman10@gmail.com,+62 812-1302-7099
3209,120 - SUMBER,010 - MATANGAJI,001300 - RT 002 RW 004,MASKIPAH,dwiazira2010@gmail.com,+62 812-2144-8590,NURUL RIZKY LESTARI,mrsudirman10@gmail.com,+62 812-1302-7099
3209,120 - SUMBER,010 - MATANGAJI,001400 - RT 003 RW 004,MASKIPAH,dwiazira2010@gmail.com,+62 812-2144-8590,NURUL RIZKY LESTARI,mrsudirman10@gmail.com,+62 812-1302-7099
3209,120 - SUMBER,010 - MATANGAJI,001500 - RT 001 RW 005,MASKIPAH,dwiazira2010@gmail.com,+62 812-2144-8590,NURUL RIZKY LESTARI,mrsudirman10@gmail.com,+62 812-1302-7099
3209,120 - SUMBER,010 - MATANGAJI,001600 - RT 002 RW 005,MASKIPAH,dwiazira2010@gmail.com,+62 812-2144-8590,ONAAOLANI,onaaolani11@gmail.com,0
3209,120 - SUMBER,010 - MATANGAJI,001700 - RT 003 RW 005,MASKIPAH,dwiazira2010@gmail.com,+62 812-2144-8590,ONAAOLANI,onaaolani11@gmail.com,0
3209,120 - SUMBER,010 - MATANGAJI,002000 - RT 003 RW 006,MASKIPAH,dwiazira2010@gmail.com,+62 812-2144-8590,LUCKY DAMAYANTI,luckydamayanti10@gmail.com,+62 813-2492-7229
3209,120 - SUMBER,010 - MATANGAJI,002100 - RT 004 RW 006,MASKIPAH,dwiazira2010@gmail.com,+62 812-2144-8590,LUCKY DAMAYANTI,luckydamayanti10@gmail.com,+62 813-2492-7229
3209,120 - SUMBER,011 - SIDAWANGI,000100 - RT 001 RW 001,MASKIPAH,dwiazira2010@gmail.com,+62 812-2144-8590,MUHAMAD ABDUL GOFFAR ,m.goffar240504@gmail.com,+62 831-6773-8503
3209,120 - SUMBER,011 - SIDAWANGI,000200 - RT 002 RW 002,MASKIPAH,dwiazira2010@gmail.com,+62 812-2144-8590,ONAAOLANI,onaaolani11@gmail.com,0
3209,120 - SUMBER,011 - SIDAWANGI,000300 - RT 003 RW 001,MASKIPAH,dwiazira2010@gmail.com,+62 812-2144-8590,MUHAMAD ABDUL GOFFAR ,m.goffar240504@gmail.com,+62 831-6773-8503
3209,120 - SUMBER,011 - SIDAWANGI,000400 - RT 004 RW 004,MASKIPAH,dwiazira2010@gmail.com,+62 812-2144-8590,MUHAMAD ABDUL GOFFAR ,m.goffar240504@gmail.com,+62 831-6773-8503
3209,120 - SUMBER,011 - SIDAWANGI,000500 - RT 005 RW 002,MASKIPAH,dwiazira2010@gmail.com,+62 812-2144-8590,ONAAOLANI,onaaolani11@gmail.com,0
3209,120 - SUMBER,011 - SIDAWANGI,000600 - RT 006 RW 003,MASKIPAH,dwiazira2010@gmail.com,+62 812-2144-8590,ONAAOLANI,onaaolani11@gmail.com,0
3209,120 - SUMBER,011 - SIDAWANGI,000700 - RT 007 RW 003,MASKIPAH,dwiazira2010@gmail.com,+62 812-2144-8590,ONAAOLANI,onaaolani11@gmail.com,0
3209,120 - SUMBER,011 - SIDAWANGI,000800 - RT 008 RW 004,MASKIPAH,dwiazira2010@gmail.com,+62 812-2144-8590,MUHAMAD ABDUL GOFFAR ,m.goffar240504@gmail.com,+62 831-6773-8503
3209,120 - SUMBER,011 - SIDAWANGI,000900 - RT 009 RW 005,MASKIPAH,dwiazira2010@gmail.com,+62 812-2144-8590,SARI ,sariisarii1912@gmail.com,+62 813-1649-5663
3209,120 - SUMBER,011 - SIDAWANGI,001000 - RT 010 RW 005,MASKIPAH,dwiazira2010@gmail.com,+62 812-2144-8590,MUHAMAD ABDUL GOFFAR ,m.goffar240504@gmail.com,+62 831-6773-8503
3209,120 - SUMBER,011 - SIDAWANGI,001100 - RT 011 RW 006,MASKIPAH,dwiazira2010@gmail.com,+62 812-2144-8590,SARI ,sariisarii1912@gmail.com,+62 813-1649-5663
3209,120 - SUMBER,011 - SIDAWANGI,001200 - RT 012 RW 006,MASKIPAH,dwiazira2010@gmail.com,+62 812-2144-8590,SARI ,sariisarii1912@gmail.com,+62 813-1649-5663
3209,120 - SUMBER,011 - SIDAWANGI,001300 - RT 013 RW 007,MASKIPAH,dwiazira2010@gmail.com,+62 812-2144-8590,SARI ,sariisarii1912@gmail.com,+62 813-1649-5663
3209,120 - SUMBER,011 - SIDAWANGI,001400 - RT 014 RW 007,MASKIPAH,dwiazira2010@gmail.com,+62 812-2144-8590,SANITI,s99010461@gmail.com,+62 831-0196-8596
3209,120 - SUMBER,011 - SIDAWANGI,001500 - RT 015 RW 008,MASKIPAH,dwiazira2010@gmail.com,+62 812-2144-8590,SANITI,s99010461@gmail.com,+62 831-0196-8596
3209,120 - SUMBER,011 - SIDAWANGI,001600 - RT 016 RW 008,MASKIPAH,dwiazira2010@gmail.com,+62 812-2144-8590,SANITI,s99010461@gmail.com,+62 831-0196-8596
3209,120 - SUMBER,011 - SIDAWANGI,001700 - RT 017 RW 009,MASKIPAH,dwiazira2010@gmail.com,+62 812-2144-8590,SANITI,s99010461@gmail.com,+62 831-0196-8596
3209,120 - SUMBER,011 - SIDAWANGI,001800 - RT 018 RW 009,MASKIPAH,dwiazira2010@gmail.com,+62 812-2144-8590,SARI ,sariisarii1912@gmail.com,+62 813-1649-5663
3209,120 - SUMBER,011 - SIDAWANGI,002000 - RT 020 RW 010,MASKIPAH,dwiazira2010@gmail.com,+62 812-2144-8590,SANITI,s99010461@gmail.com,+62 831-0196-8596
3209,120 - SUMBER,014 - BABAKAN,000200 - RT 002 RW 001,MASKIPAH,dwiazira2010@gmail.com,+62 812-2144-8590,NAZWA AURELYA,aurelyanazwa22@gmail.com,+62 088-9715-76958
3209,120 - SUMBER,014 - BABAKAN,000300 - RT 003 RW 001,FADJAR SIDIK,ghiasdes@gmail.com,+62 853-2084-9267,DIWIACITA AZZAHRA,diwiacitamap@gmail.com,+62 857-2150-7877
3209,120 - SUMBER,014 - BABAKAN,000400 - RT 001 RW 002,FADJAR SIDIK,ghiasdes@gmail.com,+62 853-2084-9267,YOLANDA LARAS SATY,yolandalarassaty123@gmail.com,+62 838-4008-9245
3209,120 - SUMBER,014 - BABAKAN,000600 - RT 003 RW 002,FADJAR SIDIK,ghiasdes@gmail.com,+62 853-2084-9267,YOLANDA LARAS SATY,yolandalarassaty123@gmail.com,+62 838-4008-9245
3209,120 - SUMBER,014 - BABAKAN,000700 - RT 001 RW 003,MASKIPAH,dwiazira2010@gmail.com,+62 812-2144-8590,NAZWA AURELYA,aurelyanazwa22@gmail.com,+62 088-9715-76958
3209,120 - SUMBER,014 - BABAKAN,000900 - RT 003 RW 003,FADJAR SIDIK,ghiasdes@gmail.com,+62 853-2084-9267,DIWIACITA AZZAHRA,diwiacitamap@gmail.com,+62 857-2150-7877
3209,120 - SUMBER,014 - BABAKAN,001200 - RT 003 RW 004,FADJAR SIDIK,ghiasdes@gmail.com,+62 853-2084-9267,YOLANDA LARAS SATY,yolandalarassaty123@gmail.com,+62 838-4008-9245
3209,120 - SUMBER,014 - BABAKAN,001300 - RT 001 RW 005,FADJAR SIDIK,ghiasdes@gmail.com,+62 853-2084-9267,YOLANDA LARAS SATY,yolandalarassaty123@gmail.com,+62 838-4008-9245
3209,120 - SUMBER,014 - BABAKAN,001400 - RT 002 RW 005,FADJAR SIDIK,ghiasdes@gmail.com,+62 853-2084-9267,YOLANDA LARAS SATY,yolandalarassaty123@gmail.com,+62 838-4008-9245
3209,120 - SUMBER,014 - BABAKAN,001500 - RT 003 RW 005,FADJAR SIDIK,ghiasdes@gmail.com,+62 853-2084-9267,YOLANDA LARAS SATY,yolandalarassaty123@gmail.com,+62 838-4008-9245
3209,120 - SUMBER,015 - SUMBER,000101 - RT 001 RW 001,ADEK MASYHADI,ademasyhadi@gmail.com,+62 812-2206-9800,DIDI SUANDI,dzetphotography@gmail.com,+62 821-2772-2771
3209,120 - SUMBER,015 - SUMBER,000102 - RT 001 RW 001,ADEK MASYHADI,ademasyhadi@gmail.com,+62 812-2206-9800,DIDI SUANDI,dzetphotography@gmail.com,+62 821-2772-2771
3209,120 - SUMBER,015 - SUMBER,000200 - RT 002 RW 001,ADEK MASYHADI,ademasyhadi@gmail.com,+62 812-2206-9800,DIDI SUANDI,dzetphotography@gmail.com,+62 821-2772-2771
3209,120 - SUMBER,015 - SUMBER,000300 - RT 003 RW 001,ADEK MASYHADI,ademasyhadi@gmail.com,+62 812-2206-9800,DIDI SUANDI,dzetphotography@gmail.com,+62 821-2772-2771
3209,120 - SUMBER,015 - SUMBER,000400 - RT 004 RW 001,ADEK MASYHADI,ademasyhadi@gmail.com,+62 812-2206-9800,DIDI SUANDI,dzetphotography@gmail.com,+62 821-2772-2771
3209,120 - SUMBER,015 - SUMBER,000500 - RT 001 RW 002,ADEK MASYHADI,ademasyhadi@gmail.com,+62 812-2206-9800,DIDI SUANDI,dzetphotography@gmail.com,+62 821-2772-2771
3209,120 - SUMBER,015 - SUMBER,000600 - RT 002 RW 002,NURYATI,nuryati301486@gmail.com,+62 085-3155-99873,IIN KURNIASIH,iinkurniasih0106@gmail.com,+62 831-3444-2926
3209,120 - SUMBER,015 - SUMBER,000700 - RT 003 RW 002,NURYATI,nuryati301486@gmail.com,+62 085-3155-99873,IIN KURNIASIH,iinkurniasih0106@gmail.com,+62 831-3444-2926
3209,120 - SUMBER,015 - SUMBER,000900 - RT 005 RW 002,NURYATI,nuryati301486@gmail.com,+62 085-3155-99873,IIN KURNIASIH,iinkurniasih0106@gmail.com,+62 831-3444-2926
3209,120 - SUMBER,015 - SUMBER,001000 - RT 001 RW 003,ADEK MASYHADI,ademasyhadi@gmail.com,+62 812-2206-9800,RADIANTO,pracobain@gmail.com,0
3209,120 - SUMBER,015 - SUMBER,001101 - RT 002 RW 003,ADEK MASYHADI,ademasyhadi@gmail.com,+62 812-2206-9800,RADIANTO,pracobain@gmail.com,0
3209,120 - SUMBER,015 - SUMBER,001200 - RT 003 RW 003,ADEK MASYHADI,ademasyhadi@gmail.com,+62 812-2206-9800,RADIANTO,pracobain@gmail.com,0
3209,120 - SUMBER,015 - SUMBER,001300 - RT 004 RW 003,ADEK MASYHADI,ademasyhadi@gmail.com,+62 812-2206-9800,RADIANTO,pracobain@gmail.com,0
3209,120 - SUMBER,015 - SUMBER,001400 - RT 005 RW 003,ADEK MASYHADI,ademasyhadi@gmail.com,+62 812-2206-9800,RADIANTO,pracobain@gmail.com,0
3209,120 - SUMBER,015 - SUMBER,001500 - RT 001 RW 004,ADEK MASYHADI,ademasyhadi@gmail.com,+62 812-2206-9800,RADIANTO,pracobain@gmail.com,0
3209,120 - SUMBER,015 - SUMBER,001600 - RT 002 RW 004,ADEK MASYHADI,ademasyhadi@gmail.com,+62 812-2206-9800,RADIANTO,pracobain@gmail.com,0
3209,120 - SUMBER,015 - SUMBER,001700 - RT 003 RW 004,NURYATI,nuryati301486@gmail.com,+62 085-3155-99873,SALMAN RAHMAT HIDAYAT,tayadih27@gmail.com,0
3209,120 - SUMBER,015 - SUMBER,002800 - RT 003 RW 006,ADEK MASYHADI,ademasyhadi@gmail.com,+62 812-2206-9800,HISYAM BAYU ARRAFI,hisyam.122020246@ugj.ac.id,+62 821-1798-7628
3209,120 - SUMBER,015 - SUMBER,003900 - RT 004 RW 008,ADEK MASYHADI,ademasyhadi@gmail.com,+62 812-2206-9800,MUHAMMAD BAGUS FAIZAL,bagusfzl2103@gmail.com,+62 821-2705-3484
3209,120 - SUMBER,015 - SUMBER,004000 - RT 005 RW 008,ADEK MASYHADI,ademasyhadi@gmail.com,+62 812-2206-9800,MUHAMMAD BAGUS FAIZAL,bagusfzl2103@gmail.com,+62 821-2705-3484
3209,120 - SUMBER,015 - SUMBER,004100 - RT 006 RW 008,ADEK MASYHADI,ademasyhadi@gmail.com,+62 812-2206-9800,MUHAMMAD BAGUS FAIZAL,bagusfzl2103@gmail.com,+62 821-2705-3484
3209,120 - SUMBER,015 - SUMBER,004200 - RT 001 RW 009,ADEK MASYHADI,ademasyhadi@gmail.com,+62 812-2206-9800,SITI FAZRIYAH,sfazriyah55@gmail.com,+62 813-2472-3298
3209,120 - SUMBER,015 - SUMBER,004300 - RT 002 RW 009,ADEK MASYHADI,ademasyhadi@gmail.com,+62 812-2206-9800,SITI FAZRIYAH,sfazriyah55@gmail.com,+62 813-2472-3298
3209,120 - SUMBER,015 - SUMBER,004400 - RT 003 RW 009,ADEK MASYHADI,ademasyhadi@gmail.com,+62 812-2206-9800,SITI FAZRIYAH,sfazriyah55@gmail.com,+62 813-2472-3298
3209,120 - SUMBER,015 - SUMBER,004800 - RT 002 RW 010,ADEK MASYHADI,ademasyhadi@gmail.com,+62 812-2206-9800,MAMAN FATHURROHMAN,lilikakhiriyah21@gmail.com,+62 877-3943-7950
3209,120 - SUMBER,015 - SUMBER,004900 - RT 003 RW 010,ADEK MASYHADI,ademasyhadi@gmail.com,+62 812-2206-9800,MAMAN FATHURROHMAN,lilikakhiriyah21@gmail.com,+62 877-3943-7950
3209,120 - SUMBER,016 - PERBUTULAN,000200 - RT 02 RW 01,ULFAH FITRIYANI,ulfahfitriyani26@gmail.com,+62 877-4424-2624,NAUFAL BASITH ALIFAYET,naufalbasith680@gmail.com,+62 895-6130-31378
3209,120 - SUMBER,016 - PERBUTULAN,000400 - RT 04 RW 02,AHMAD RIFAI,flasfey@gmail.com,+62 822-9521-3421,AKHMAD JUNAEDI ,akhmadjunaedi034@gmail.com,+62 853-1473-7704
3209,120 - SUMBER,016 - PERBUTULAN,000500 - RT 05 RW 02,AHMAD RIFAI,flasfey@gmail.com,+62 822-9521-3421,AHMAD ROFII,rofie1581@gmail.com,+62 081-3202-34430
3209,120 - SUMBER,016 - PERBUTULAN,000600 - RT 06 RW 02,AHMAD RIFAI,flasfey@gmail.com,+62 822-9521-3421,AKHMAD JUNAEDI ,akhmadjunaedi034@gmail.com,+62 853-1473-7704
3209,120 - SUMBER,016 - PERBUTULAN,000800 - RT 08 RW 03,AHMAD RIFAI,flasfey@gmail.com,+62 822-9521-3421,AHMAD ROFII,rofie1581@gmail.com,+62 081-3202-34430
3209,120 - SUMBER,016 - PERBUTULAN,000900 - RT 09 RW 03,AHMAD RIFAI,flasfey@gmail.com,+62 822-9521-3421,AKHMAD JUNAEDI ,akhmadjunaedi034@gmail.com,+62 853-1473-7704
3209,120 - SUMBER,016 - PERBUTULAN,001100 - RT 011 RW 04,ULFAH FITRIYANI,ulfahfitriyani26@gmail.com,+62 877-4424-2624,NAUFAL BASITH ALIFAYET,naufalbasith680@gmail.com,+62 895-6130-31378
3209,120 - SUMBER,016 - PERBUTULAN,001200 - RT 012 RW 05,ULFAH FITRIYANI,ulfahfitriyani26@gmail.com,+62 877-4424-2624,NAUFAL BASITH ALIFAYET,naufalbasith680@gmail.com,+62 895-6130-31378
3209,120 - SUMBER,016 - PERBUTULAN,001300 - RT 013 RW 05,ULFAH FITRIYANI,ulfahfitriyani26@gmail.com,+62 877-4424-2624,NAUFAL BASITH ALIFAYET,naufalbasith680@gmail.com,+62 895-6130-31378
3209,120 - SUMBER,017 - KEMANTREN,000100 - RT 001 RW 001,NURYATI,nuryati301486@gmail.com,+62 085-3155-99873,CHOTIBUL UMAM,tiebull.umam12@gmail.com,+62 089-7393-7232
3209,120 - SUMBER,017 - KEMANTREN,000300 - RT 003 RW 001,NURYATI,nuryati301486@gmail.com,+62 085-3155-99873,ANTON BAHAUDIN,anton.mtk99@gmail.com,+62 812-1490-3339
3209,120 - SUMBER,017 - KEMANTREN,000400 - RT 001 RW 002,NURYATI,nuryati301486@gmail.com,+62 085-3155-99873,ANTON BAHAUDIN,anton.mtk99@gmail.com,+62 812-1490-3339
3209,120 - SUMBER,017 - KEMANTREN,000500 - RT 002 RW 002,NURYATI,nuryati301486@gmail.com,+62 085-3155-99873,ANTON BAHAUDIN,anton.mtk99@gmail.com,+62 812-1490-3339
3209,120 - SUMBER,017 - KEMANTREN,000800 - RT 003 RW 003,NURYATI,nuryati301486@gmail.com,+62 085-3155-99873,ANTON BAHAUDIN,anton.mtk99@gmail.com,+62 812-1490-3339
3209,120 - SUMBER,017 - KEMANTREN,000900 - RT 001 RW 004,NURYATI,nuryati301486@gmail.com,+62 085-3155-99873,SITI AISAH,sitiaisah251183@gmail.com,+62 853-8548-7333
3209,120 - SUMBER,017 - KEMANTREN,001100 - RT 003 RW 004,NURYATI,nuryati301486@gmail.com,+62 085-3155-99873,SITI AISAH,sitiaisah251183@gmail.com,+62 853-8548-7333
3209,120 - SUMBER,017 - KEMANTREN,001200 - RT 004 RW 004,NURYATI,nuryati301486@gmail.com,+62 085-3155-99873,SITI AISAH,sitiaisah251183@gmail.com,+62 853-8548-7333
3209,120 - SUMBER,017 - KEMANTREN,001400 - RT 001 RW 005,NURYATI,nuryati301486@gmail.com,+62 085-3155-99873,SITI AISAH,sitiaisah251183@gmail.com,+62 853-8548-7333
3209,120 - SUMBER,017 - KEMANTREN,001800 - RT 001 RW 006,NURYATI,nuryati301486@gmail.com,+62 085-3155-99873,CHOTIBUL UMAM,tiebull.umam12@gmail.com,+62 089-7393-7232
3209,120 - SUMBER,017 - KEMANTREN,001900 - RT 002 RW 006,NURYATI,nuryati301486@gmail.com,+62 085-3155-99873,IIN KURNIASIH,iinkurniasih0106@gmail.com,+62 831-3444-2926
3209,120 - SUMBER,017 - KEMANTREN,002000 - RT 003 RW 006,NURYATI,nuryati301486@gmail.com,+62 085-3155-99873,IIN KURNIASIH,iinkurniasih0106@gmail.com,+62 831-3444-2926
3209,120 - SUMBER,017 - KEMANTREN,002200 - RT 005 RW 006,NURYATI,nuryati301486@gmail.com,+62 085-3155-99873,IIN KURNIASIH,iinkurniasih0106@gmail.com,+62 831-3444-2926
3209,120 - SUMBER,018 - SENDANG,000100 - RT 001 RW 001,NURYATI,nuryati301486@gmail.com,+62 085-3155-99873,SALMAN RAHMAT HIDAYAT,tayadih27@gmail.com,0
3209,120 - SUMBER,018 - SENDANG,000200 - RT 002 RW 001,NURYATI,nuryati301486@gmail.com,+62 085-3155-99873,SALMAN RAHMAT HIDAYAT,tayadih27@gmail.com,0
3209,120 - SUMBER,018 - SENDANG,000300 - RT 003 RW 001,NURYATI,nuryati301486@gmail.com,+62 085-3155-99873,DEVINA ANGGRAENI,devinaanggraeni8899@gmail.com,+62 838-7161-4388
3209,120 - SUMBER,018 - SENDANG,000400 - RT 004 RW 002,NURYATI,nuryati301486@gmail.com,+62 085-3155-99873,WIDI NUGRAHANI,wdhenugrahani@gmail.com,+62 813-2184-9511
3209,120 - SUMBER,018 - SENDANG,000500 - RT 005 RW 002,NURYATI,nuryati301486@gmail.com,+62 085-3155-99873,WIDI NUGRAHANI,wdhenugrahani@gmail.com,+62 813-2184-9511
3209,120 - SUMBER,018 - SENDANG,000600 - RT 006 RW 002,NURYATI,nuryati301486@gmail.com,+62 085-3155-99873,WIDI NUGRAHANI,wdhenugrahani@gmail.com,+62 813-2184-9511
3209,120 - SUMBER,018 - SENDANG,000700 - RT 007 RW 003,NURYATI,nuryati301486@gmail.com,+62 085-3155-99873,WIDI NUGRAHANI,wdhenugrahani@gmail.com,+62 813-2184-9511
3209,120 - SUMBER,018 - SENDANG,000800 - RT 008 RW 003,NURYATI,nuryati301486@gmail.com,+62 085-3155-99873,WIDI NUGRAHANI,wdhenugrahani@gmail.com,+62 813-2184-9511
3209,120 - SUMBER,018 - SENDANG,000900 - RT 009 RW 003,NURYATI,nuryati301486@gmail.com,+62 085-3155-99873,WIDI NUGRAHANI,wdhenugrahani@gmail.com,+62 813-2184-9511
3209,120 - SUMBER,018 - SENDANG,001000 - RT 010 RW 003,NURYATI,nuryati301486@gmail.com,+62 085-3155-99873,WIDI NUGRAHANI,wdhenugrahani@gmail.com,+62 813-2184-9511
3209,120 - SUMBER,018 - SENDANG,001100 - RT 011 RW 004,NURYATI,nuryati301486@gmail.com,+62 085-3155-99873,SALMAN RAHMAT HIDAYAT,tayadih27@gmail.com,0
3209,120 - SUMBER,018 - SENDANG,001200 - RT 012 RW 004,NURYATI,nuryati301486@gmail.com,+62 085-3155-99873,DEVINA ANGGRAENI,devinaanggraeni8899@gmail.com,+62 838-7161-4388
3209,120 - SUMBER,018 - SENDANG,001300 - RT 013 RW 004,NURYATI,nuryati301486@gmail.com,+62 085-3155-99873,DEVINA ANGGRAENI,devinaanggraeni8899@gmail.com,+62 838-7161-4388
3209,120 - SUMBER,018 - SENDANG,001400 - RT 014 RW 004,NURYATI,nuryati301486@gmail.com,+62 085-3155-99873,DEVINA ANGGRAENI,devinaanggraeni8899@gmail.com,+62 838-7161-4388
3209,120 - SUMBER,018 - SENDANG,001600 - RT 016 RW 005,NURYATI,nuryati301486@gmail.com,+62 085-3155-99873,WIDI NUGRAHANI,wdhenugrahani@gmail.com,+62 813-2184-9511
3209,120 - SUMBER,018 - SENDANG,001700 - RT 017 RW 005,NURYATI,nuryati301486@gmail.com,+62 085-3155-99873,DEVINA ANGGRAENI,devinaanggraeni8899@gmail.com,+62 838-7161-4388
3209,120 - SUMBER,018 - SENDANG,001800 - RT 018 RW 005,NURYATI,nuryati301486@gmail.com,+62 085-3155-99873,DEVINA ANGGRAENI,devinaanggraeni8899@gmail.com,+62 838-7161-4388
3209,120 - SUMBER,018 - SENDANG,001900 - RT 019 RW 005,NURYATI,nuryati301486@gmail.com,+62 085-3155-99873,DEVINA ANGGRAENI,devinaanggraeni8899@gmail.com,+62 838-7161-4388
3209,120 - SUMBER,018 - SENDANG,002000 - RT 020 RW 005,NURYATI,nuryati301486@gmail.com,+62 085-3155-99873,DEVINA ANGGRAENI,devinaanggraeni8899@gmail.com,+62 838-7161-4388
3209,120 - SUMBER,018 - SENDANG,002100 - RT 021 RW 005,NURYATI,nuryati301486@gmail.com,+62 085-3155-99873,SALMAN RAHMAT HIDAYAT,tayadih27@gmail.com,0
3209,120 - SUMBER,019 - GEGUNUNG,000100 - RT 001 RW 001,MIMIN MINTARSIH,blackmory08@gmail.com,+62 838-2453-5500,MUHAMMAD RISKANDI,muhammadriskandi20@gmail.com,+62 831-2108-5152
3209,120 - SUMBER,019 - GEGUNUNG,000300 - RT 003 RW 001,MIMIN MINTARSIH,blackmory08@gmail.com,+62 838-2453-5500,MUHAMMAD RISKANDI,muhammadriskandi20@gmail.com,+62 831-2108-5152
3209,120 - SUMBER,019 - GEGUNUNG,000602 - RT 001 RW 002,MIMIN MINTARSIH,blackmory08@gmail.com,+62 838-2453-5500,JAJIROH,ziejaziroh864@gmail.com,+62 899-9371-409
3209,120 - SUMBER,019 - GEGUNUNG,000800 - RT 003 RW 002,MIMIN MINTARSIH,blackmory08@gmail.com,+62 838-2453-5500,MUHAMMAD RISKANDI,muhammadriskandi20@gmail.com,+62 831-2108-5152
3209,120 - SUMBER,019 - GEGUNUNG,000900 - RT 001 RW 003,MIMIN MINTARSIH,blackmory08@gmail.com,+62 838-2453-5500,JAJIROH,ziejaziroh864@gmail.com,+62 899-9371-409
3209,120 - SUMBER,020 - PEJAMBON,000200 - RT 002 RW 001,MIMIN MINTARSIH,blackmory08@gmail.com,+62 838-2453-5500,TUTIYANTI,faizazzikrafaiz@gmail.com,+62 859-6253-3577
3209,120 - SUMBER,020 - PEJAMBON,000400 - RT 004 RW 001,MIMIN MINTARSIH,blackmory08@gmail.com,+62 838-2453-5500,TUTIYANTI,faizazzikrafaiz@gmail.com,+62 859-6253-3577
3209,120 - SUMBER,020 - PEJAMBON,000500 - RT 001 RW 002,MIMIN MINTARSIH,blackmory08@gmail.com,+62 838-2453-5500,TUTIYANTI,faizazzikrafaiz@gmail.com,+62 859-6253-3577
3209,120 - SUMBER,020 - PEJAMBON,000600 - RT 002 RW 002,MIMIN MINTARSIH,blackmory08@gmail.com,+62 838-2453-5500,RIZKA RAHMA FAUZIYAH,rizkarahmafauziyah@gmail.com,+62 877-4435-5513
3209,120 - SUMBER,020 - PEJAMBON,000700 - RT 003 RW 002,MIMIN MINTARSIH,blackmory08@gmail.com,+62 838-2453-5500,RIZKA RAHMA FAUZIYAH,rizkarahmafauziyah@gmail.com,+62 877-4435-5513
3209,120 - SUMBER,020 - PEJAMBON,001001 - RT 001 RW 003,MIMIN MINTARSIH,blackmory08@gmail.com,+62 838-2453-5500,CASRUDIN,casrudin70@gmail.com,+62 878-5442-2217
3209,120 - SUMBER,020 - PEJAMBON,001002 - RT 001 RW 003,MIMIN MINTARSIH,blackmory08@gmail.com,+62 838-2453-5500,CASRUDIN,casrudin70@gmail.com,+62 878-5442-2217
3209,120 - SUMBER,020 - PEJAMBON,001100 - RT 002 RW 003,MIMIN MINTARSIH,blackmory08@gmail.com,+62 838-2453-5500,ERAWATI,erawati211083@gmail.com,+62 821-2850-8576
3209,120 - SUMBER,020 - PEJAMBON,001200 - RT 003 RW 003,MIMIN MINTARSIH,blackmory08@gmail.com,+62 838-2453-5500,CASRUDIN,casrudin70@gmail.com,+62 878-5442-2217
3209,120 - SUMBER,020 - PEJAMBON,001302 - RT 001 RW 004,MIMIN MINTARSIH,blackmory08@gmail.com,+62 838-2453-5500,ERAWATI,erawati211083@gmail.com,+62 821-2850-8576
3209,120 - SUMBER,020 - PEJAMBON,001401 - RT 002 RW 004,MIMIN MINTARSIH,blackmory08@gmail.com,+62 838-2453-5500,CASRUDIN,casrudin70@gmail.com,+62 878-5442-2217
3209,120 - SUMBER,020 - PEJAMBON,001500 - RT 003 RW 004,MIMIN MINTARSIH,blackmory08@gmail.com,+62 838-2453-5500,RIZKA RAHMA FAUZIYAH,rizkarahmafauziyah@gmail.com,+62 877-4435-5513
3209,120 - SUMBER,020 - PEJAMBON,001900 - RT 001 RW 006,MIMIN MINTARSIH,blackmory08@gmail.com,+62 838-2453-5500,RIZKA RAHMA FAUZIYAH,rizkarahmafauziyah@gmail.com,+62 877-4435-5513
3209,120 - SUMBER,020 - PEJAMBON,002000 - RT 002 RW 006,MIMIN MINTARSIH,blackmory08@gmail.com,+62 838-2453-5500,CASRUDIN,casrudin70@gmail.com,+62 878-5442-2217
3209,120 - SUMBER,021 - WATUBELAH,000100 - RT 001 RW 001,AHMAD RIFAI,flasfey@gmail.com,+62 822-9521-3421,FAIRUZ SALSABILA,fairuzsalsabilah03@gmail.com,+62 838-6552-7233
3209,120 - SUMBER,021 - WATUBELAH,000500 - RT 005 RW 001,AHMAD RIFAI,flasfey@gmail.com,+62 822-9521-3421,FAIRUZ SALSABILA,fairuzsalsabilah03@gmail.com,+62 838-6552-7233
3209,120 - SUMBER,021 - WATUBELAH,000700 - RT 002 RW 002,AHMAD RIFAI,flasfey@gmail.com,+62 822-9521-3421,MUHAMMAD FAZRIEN NIZAR ADIGUNA ,faznia2004@gmail.com,+62 815-7365-1524
3209,120 - SUMBER,021 - WATUBELAH,001101 - RT 006 RW 002,AHMAD RIFAI,flasfey@gmail.com,+62 822-9521-3421,MUHAMMAD FAZRIEN NIZAR ADIGUNA ,faznia2004@gmail.com,+62 815-7365-1524
3209,120 - SUMBER,021 - WATUBELAH,001102 - RT 006 RW 002,AHMAD RIFAI,flasfey@gmail.com,+62 822-9521-3421,MUHAMMAD FAZRIEN NIZAR ADIGUNA ,faznia2004@gmail.com,+62 815-7365-1524
3209,120 - SUMBER,021 - WATUBELAH,001103 - RT 006 RW 002,AHMAD RIFAI,flasfey@gmail.com,+62 822-9521-3421,MUHAMMAD FAZRIEN NIZAR ADIGUNA ,faznia2004@gmail.com,+62 815-7365-1524
3209,120 - SUMBER,021 - WATUBELAH,001200 - RT 001 RW 003,AHMAD RIFAI,flasfey@gmail.com,+62 822-9521-3421,THANIA INDRI SYAFIRA,thaniaindrisyafira27@gmail.com,+62 899-6992-828
3209,120 - SUMBER,021 - WATUBELAH,001300 - RT 002 RW 003,AHMAD RIFAI,flasfey@gmail.com,+62 822-9521-3421,THANIA INDRI SYAFIRA,thaniaindrisyafira27@gmail.com,+62 899-6992-828
3209,120 - SUMBER,021 - WATUBELAH,001400 - RT 003 RW 003,AHMAD RIFAI,flasfey@gmail.com,+62 822-9521-3421,THANIA INDRI SYAFIRA,thaniaindrisyafira27@gmail.com,+62 899-6992-828
3209,120 - SUMBER,021 - WATUBELAH,001500 - RT 004 RW 003,AHMAD RIFAI,flasfey@gmail.com,+62 822-9521-3421,THANIA INDRI SYAFIRA,thaniaindrisyafira27@gmail.com,+62 899-6992-828
3209,120 - SUMBER,021 - WATUBELAH,001700 - RT 001 RW 004,AHMAD RIFAI,flasfey@gmail.com,+62 822-9521-3421,TAMIRA,tamtamira89@gmail.com,+62 896-0771-9007_
3209,120 - SUMBER,021 - WATUBELAH,001800 - RT 002 RW 004,AHMAD RIFAI,flasfey@gmail.com,+62 822-9521-3421,TAMIRA,tamtamira89@gmail.com,+62 896-0771-9007_
3209,120 - SUMBER,021 - WATUBELAH,002000 - RT 004 RW 004,AHMAD RIFAI,flasfey@gmail.com,+62 822-9521-3421,TAMIRA,tamtamira89@gmail.com,+62 896-0771-9007_
3209,120 - SUMBER,021 - WATUBELAH,002300 - RT 002 RW 005,AHMAD RIFAI,flasfey@gmail.com,+62 822-9521-3421,NUROHMAN,nurohman.yuttra@gmail.com,+62 878-8170-2577
3209,120 - SUMBER,021 - WATUBELAH,002400 - RT 003 RW 005,AHMAD RIFAI,flasfey@gmail.com,+62 822-9521-3421,NUROHMAN,nurohman.yuttra@gmail.com,+62 878-8170-2577
3209,120 - SUMBER,021 - WATUBELAH,002500 - RT 004 RW 005,AHMAD RIFAI,flasfey@gmail.com,+62 822-9521-3421,NUROHMAN,nurohman.yuttra@gmail.com,+62 878-8170-2577
3209,120 - SUMBER,021 - WATUBELAH,002600 - RT 005 RW 005,AHMAD RIFAI,flasfey@gmail.com,+62 822-9521-3421,NUROHMAN,nurohman.yuttra@gmail.com,+62 878-8170-2577
3209,120 - SUMBER,021 - WATUBELAH,002700 - RT 001 RW 006,AHMAD RIFAI,flasfey@gmail.com,+62 822-9521-3421,NUROHMAN,nurohman.yuttra@gmail.com,+62 878-8170-2577
3209,120 - SUMBER,021 - WATUBELAH,002800 - RT 002 RW 006,MASKIPAH,dwiazira2010@gmail.com,+62 812-2144-8590,NAZWA AURELYA,aurelyanazwa22@gmail.com,+62 088-9715-76958
3209,120 - SUMBER,021 - WATUBELAH,002900 - RT 003 RW 006,MASKIPAH,dwiazira2010@gmail.com,+62 812-2144-8590,NAZWA AURELYA,aurelyanazwa22@gmail.com,+62 088-9715-76958
3209,120 - SUMBER,021 - WATUBELAH,003500 - RT 004 RW 007,AHMAD RIFAI,flasfey@gmail.com,+62 822-9521-3421,TAMIRA,tamtamira89@gmail.com,+62 896-0771-9007_
3209,120 - SUMBER,021 - WATUBELAH,003700 - RT 001 RW 008,AHMAD RIFAI,flasfey@gmail.com,+62 822-9521-3421,ABDUL MUIZ,muizarda11@gmail.com,+62 831-6491-0220
3209,120 - SUMBER,021 - WATUBELAH,003900 - RT 003 RW 008,AHMAD RIFAI,flasfey@gmail.com,+62 822-9521-3421,ABDUL MUIZ,muizarda11@gmail.com,+62 831-6491-0220
3209,120 - SUMBER,021 - WATUBELAH,004200 - RT 006 RW 001,AHMAD RIFAI,flasfey@gmail.com,+62 822-9521-3421,FAIRUZ SALSABILA,fairuzsalsabilah03@gmail.com,+62 838-6552-7233
3209,120 - SUMBER,021 - WATUBELAH,004300 - RT 006 RW 003,AHMAD RIFAI,flasfey@gmail.com,+62 822-9521-3421,ABDUL MUIZ,muizarda11@gmail.com,+62 831-6491-0220
3209,120 - SUMBER,021 - WATUBELAH,500100 - STADION WATUBELAH,AHMAD RIFAI,flasfey@gmail.com,+62 822-9521-3421,NUROHMAN,nurohman.yuttra@gmail.com,+62 878-8170-2577
3209,120 - SUMBER,022 - PASALAKAN,000100 - RT 001 RW 001,ULFAH FITRIYANI,ulfahfitriyani26@gmail.com,+62 877-4424-2624,SITI KASANAH,skasanah370@gmail.com,+62 823-3809-3965
3209,120 - SUMBER,022 - PASALAKAN,000200 - RT 002 RW 001,ULFAH FITRIYANI,ulfahfitriyani26@gmail.com,+62 877-4424-2624,SITI KASANAH,skasanah370@gmail.com,+62 823-3809-3965
3209,120 - SUMBER,022 - PASALAKAN,000400 - RT 004 RW 001,ULFAH FITRIYANI,ulfahfitriyani26@gmail.com,+62 877-4424-2624,METI YUNIARTI,metiyuniarti63@gmail.com,+62 878-5289-8101
3209,120 - SUMBER,022 - PASALAKAN,000603 - RT 001 RW 002,ULFAH FITRIYANI,ulfahfitriyani26@gmail.com,+62 877-4424-2624,LINDA ERLIANDA,erliandalinda26@gmail.com,0
3209,120 - SUMBER,022 - PASALAKAN,000800 - RT 003 RW 002,ULFAH FITRIYANI,ulfahfitriyani26@gmail.com,+62 877-4424-2624,METI YUNIARTI,metiyuniarti63@gmail.com,+62 878-5289-8101
3209,120 - SUMBER,022 - PASALAKAN,000900 - RT 004 RW 002,ULFAH FITRIYANI,ulfahfitriyani26@gmail.com,+62 877-4424-2624,LINDA ERLIANDA,erliandalinda26@gmail.com,0
3209,120 - SUMBER,022 - PASALAKAN,001100 - RT 001 RW 003,ULFAH FITRIYANI,ulfahfitriyani26@gmail.com,+62 877-4424-2624,METI YUNIARTI,metiyuniarti63@gmail.com,+62 878-5289-8101
3209,120 - SUMBER,022 - PASALAKAN,001200 - RT 002 RW 003,ULFAH FITRIYANI,ulfahfitriyani26@gmail.com,+62 877-4424-2624,METI YUNIARTI,metiyuniarti63@gmail.com,+62 878-5289-8101
3209,120 - SUMBER,022 - PASALAKAN,001300 - RT 003 RW 003,ULFAH FITRIYANI,ulfahfitriyani26@gmail.com,+62 877-4424-2624,AGUS JAYADI,aguscherbond544@gmail.com,+62 853-2313-5790
3209,120 - SUMBER,022 - PASALAKAN,001500 - RT 005 RW 003,ULFAH FITRIYANI,ulfahfitriyani26@gmail.com,+62 877-4424-2624,AGUS JAYADI,aguscherbond544@gmail.com,+62 853-2313-5790
3209,120 - SUMBER,022 - PASALAKAN,002300 - RT 004 RW 005,ULFAH FITRIYANI,ulfahfitriyani26@gmail.com,+62 877-4424-2624,BAMBANG GUNAWAN,gbambang226@gmail.com,+62 896-6025-7314
3209,120 - SUMBER,022 - PASALAKAN,002701 - RT 004 RW 006,ULFAH FITRIYANI,ulfahfitriyani26@gmail.com,+62 877-4424-2624,BAMBANG GUNAWAN,gbambang226@gmail.com,+62 896-6025-7314
3209,120 - SUMBER,023 - KALIWADAS,000200 - RT 002 RW 001,FADJAR SIDIK,ghiasdes@gmail.com,+62 853-2084-9267,SYAMSURI,syamsuriibnudasuki@gmail.com,0
3209,120 - SUMBER,023 - KALIWADAS,000300 - RT 003 RW 001,FADJAR SIDIK,ghiasdes@gmail.com,+62 853-2084-9267,SYAMSURI,syamsuriibnudasuki@gmail.com,0
3209,120 - SUMBER,023 - KALIWADAS,000400 - RT 001 RW 002,FADJAR SIDIK,ghiasdes@gmail.com,+62 853-2084-9267,MOHAMAD MAKHRUS,makhruzmoh@gmail.com,+62 082-1292-39636
3209,120 - SUMBER,023 - KALIWADAS,000500 - RT 002 RW 002,FADJAR SIDIK,ghiasdes@gmail.com,+62 853-2084-9267,SYAMSURI,syamsuriibnudasuki@gmail.com,0
3209,120 - SUMBER,023 - KALIWADAS,000700 - RT 004 RW 002,FADJAR SIDIK,ghiasdes@gmail.com,+62 853-2084-9267,MOHAMAD MAKHRUS,makhruzmoh@gmail.com,+62 082-1292-39636
3209,120 - SUMBER,023 - KALIWADAS,000800 - RT 001 RW 003,FADJAR SIDIK,ghiasdes@gmail.com,+62 853-2084-9267,MOHAMAD MAKHRUS,makhruzmoh@gmail.com,+62 082-1292-39636
3209,120 - SUMBER,023 - KALIWADAS,000900 - RT 002 RW 003,FADJAR SIDIK,ghiasdes@gmail.com,+62 853-2084-9267,MOHAMAD MAKHRUS,makhruzmoh@gmail.com,+62 082-1292-39636
3209,120 - SUMBER,023 - KALIWADAS,001000 - RT 003 RW 003,FADJAR SIDIK,ghiasdes@gmail.com,+62 853-2084-9267,MOHAMAD MAKHRUS,makhruzmoh@gmail.com,+62 082-1292-39636
3209,120 - SUMBER,023 - KALIWADAS,001100 - RT 004 RW 003,FADJAR SIDIK,ghiasdes@gmail.com,+62 853-2084-9267,SELI,sseli1940@gmail.com,+62 813-9545-6119
3209,120 - SUMBER,023 - KALIWADAS,001200 - RT 001 RW 004,FADJAR SIDIK,ghiasdes@gmail.com,+62 853-2084-9267,SELI,sseli1940@gmail.com,+62 813-9545-6119
3209,120 - SUMBER,023 - KALIWADAS,001300 - RT 002 RW 004,FADJAR SIDIK,ghiasdes@gmail.com,+62 853-2084-9267,SELI,sseli1940@gmail.com,+62 813-9545-6119
3209,120 - SUMBER,023 - KALIWADAS,001400 - RT 003 RW 004,FADJAR SIDIK,ghiasdes@gmail.com,+62 853-2084-9267,SELI,sseli1940@gmail.com,+62 813-9545-6119
3209,120 - SUMBER,023 - KALIWADAS,001500 - RT 004 RW 004,FADJAR SIDIK,ghiasdes@gmail.com,+62 853-2084-9267,SELI,sseli1940@gmail.com,+62 813-9545-6119
3209,120 - SUMBER,023 - KALIWADAS,001800 - RT 003 RW 005,FADJAR SIDIK,ghiasdes@gmail.com,+62 853-2084-9267,SYAMSURI,syamsuriibnudasuki@gmail.com,0
3209,120 - SUMBER,023 - KALIWADAS,002001 - RT 005 RW 005,FADJAR SIDIK,ghiasdes@gmail.com,+62 853-2084-9267,ABDUL AKYL NURFAZA,akylnur6@gmail.com,+62 857-7957-3089
3209,120 - SUMBER,023 - KALIWADAS,002002 - RT 005 RW 005,FADJAR SIDIK,ghiasdes@gmail.com,+62 853-2084-9267,ABDUL AKYL NURFAZA,akylnur6@gmail.com,+62 857-7957-3089
3209,120 - SUMBER,023 - KALIWADAS,002003 - RT 005 RW 005,FADJAR SIDIK,ghiasdes@gmail.com,+62 853-2084-9267,ABDUL AKYL NURFAZA,akylnur6@gmail.com,+62 857-7957-3089
3209,120 - SUMBER,023 - KALIWADAS,002101 - RT 001 RW 006,FADJAR SIDIK,ghiasdes@gmail.com,+62 853-2084-9267,ABDUL AKYL NURFAZA,akylnur6@gmail.com,+62 857-7957-3089
3209,120 - SUMBER,023 - KALIWADAS,002102 - RT 001 RW 006,FADJAR SIDIK,ghiasdes@gmail.com,+62 853-2084-9267,ABDUL AKYL NURFAZA,akylnur6@gmail.com,+62 857-7957-3089
3209,120 - SUMBER,023 - KALIWADAS,002400 - RT 001 RW 007,FADJAR SIDIK,ghiasdes@gmail.com,+62 853-2084-9267,DESSY GARLINA,gardessy1210@gmail.com,+62 896-5239-7890
3209,120 - SUMBER,023 - KALIWADAS,002500 - RT 002 RW 007,FADJAR SIDIK,ghiasdes@gmail.com,+62 853-2084-9267,SELI,sseli1940@gmail.com,+62 813-9545-6119
3209,120 - SUMBER,023 - KALIWADAS,002700 - RT 004 RW 007,FADJAR SIDIK,ghiasdes@gmail.com,+62 853-2084-9267,DESSY GARLINA,gardessy1210@gmail.com,+62 896-5239-7890
3209,120 - SUMBER,023 - KALIWADAS,002800 - RT 005 RW 007,FADJAR SIDIK,ghiasdes@gmail.com,+62 853-2084-9267,DESSY GARLINA,gardessy1210@gmail.com,+62 896-5239-7890
3209,120 - SUMBER,024 - TUKMUDAL,000101 - RT 001 RW 001,IFA HANIFAH,ifahanifah.29@gmail.com,+62 821-2765-6713,BUNYAMIN SOFYAN ,bunyaminsofyan4@gmail.com,+62 858-6466-2128
3209,120 - SUMBER,024 - TUKMUDAL,000102 - RT 001 RW 001,IFA HANIFAH,ifahanifah.29@gmail.com,+62 821-2765-6713,BUNYAMIN SOFYAN ,bunyaminsofyan4@gmail.com,+62 858-6466-2128
3209,120 - SUMBER,024 - TUKMUDAL,000200 - RT 002 RW 001,IFA HANIFAH,ifahanifah.29@gmail.com,+62 821-2765-6713,BUNYAMIN SOFYAN ,bunyaminsofyan4@gmail.com,+62 858-6466-2128
3209,120 - SUMBER,024 - TUKMUDAL,000300 - RT 003 RW 001,IFA HANIFAH,ifahanifah.29@gmail.com,+62 821-2765-6713,BUNYAMIN SOFYAN ,bunyaminsofyan4@gmail.com,+62 858-6466-2128
3209,120 - SUMBER,024 - TUKMUDAL,001100 - RT 006 RW 002,IFA HANIFAH,ifahanifah.29@gmail.com,+62 821-2765-6713,NENG SUSILAWATI,nengsusilawati.work@gmail.com,+62 858-4667-1933
3209,120 - SUMBER,024 - TUKMUDAL,001300 - RT 002 RW 003,YUSRIAH,yusriah.sri@gmail.com,+62 896-2904-0022,TAUFIK HIDAYAT,opik.azuri64@gmail.com,+62 896-3114-6939
3209,120 - SUMBER,024 - TUKMUDAL,001500 - RT 001 RW 004,IFA HANIFAH,ifahanifah.29@gmail.com,+62 821-2765-6713,PRAYITNO,prayitno.law@gmail.com,+62 083-8230-42890
3209,120 - SUMBER,024 - TUKMUDAL,001600 - RT 002 RW 004,IFA HANIFAH,ifahanifah.29@gmail.com,+62 821-2765-6713,PRAYITNO,prayitno.law@gmail.com,+62 083-8230-42890
3209,120 - SUMBER,024 - TUKMUDAL,001800 - RT 004 RW 004,IFA HANIFAH,ifahanifah.29@gmail.com,+62 821-2765-6713,PRAYITNO,prayitno.law@gmail.com,+62 083-8230-42890
3209,120 - SUMBER,024 - TUKMUDAL,001900 - RT 005 RW 004,IFA HANIFAH,ifahanifah.29@gmail.com,+62 821-2765-6713,PRAYITNO,prayitno.law@gmail.com,+62 083-8230-42890
3209,120 - SUMBER,024 - TUKMUDAL,002000 - RT 006 RW 004,IFA HANIFAH,ifahanifah.29@gmail.com,+62 821-2765-6713,PRAYITNO,prayitno.law@gmail.com,+62 083-8230-42890
3209,120 - SUMBER,024 - TUKMUDAL,002100 - RT 001 RW 005,IFA HANIFAH,ifahanifah.29@gmail.com,+62 821-2765-6713,FEBRIANA DZULHIJJAH ,fyana3287@gmail.com,+62 819-0358-1476
3209,120 - SUMBER,024 - TUKMUDAL,002200 - RT 002 RW 005,IFA HANIFAH,ifahanifah.29@gmail.com,+62 821-2765-6713,FEBRIANA DZULHIJJAH ,fyana3287@gmail.com,+62 819-0358-1476
3209,120 - SUMBER,024 - TUKMUDAL,002300 - RT 003 RW 005,IFA HANIFAH,ifahanifah.29@gmail.com,+62 821-2765-6713,FEBRIANA DZULHIJJAH ,fyana3287@gmail.com,+62 819-0358-1476
3209,120 - SUMBER,024 - TUKMUDAL,002400 - RT 004 RW 005,IFA HANIFAH,ifahanifah.29@gmail.com,+62 821-2765-6713,FEBRIANA DZULHIJJAH ,fyana3287@gmail.com,+62 819-0358-1476
3209,120 - SUMBER,024 - TUKMUDAL,002600 - RT 002 RW 006,IFA HANIFAH,ifahanifah.29@gmail.com,+62 821-2765-6713,FEBRIANA DZULHIJJAH ,fyana3287@gmail.com,+62 819-0358-1476
3209,120 - SUMBER,024 - TUKMUDAL,002900 - RT 001 RW 007,IFA HANIFAH,ifahanifah.29@gmail.com,+62 821-2765-6713,HERAWATI,herarizkia29@gmail.com,+62 813-1236-7599
3209,120 - SUMBER,024 - TUKMUDAL,003300 - RT 005 RW 007,IFA HANIFAH,ifahanifah.29@gmail.com,+62 821-2765-6713,WAWAN ISKANDAR,wawancariduit3@gmail.com,+62 895-3208-98811
3209,120 - SUMBER,024 - TUKMUDAL,003400 - RT 006 RW 007,IFA HANIFAH,ifahanifah.29@gmail.com,+62 821-2765-6713,WAWAN ISKANDAR,wawancariduit3@gmail.com,+62 895-3208-98811
3209,120 - SUMBER,024 - TUKMUDAL,003700 - RT 001 RW 008,IFA HANIFAH,ifahanifah.29@gmail.com,+62 821-2765-6713,HERAWATI,herarizkia29@gmail.com,+62 813-1236-7599
3209,120 - SUMBER,024 - TUKMUDAL,003800 - RT 002 RW 008,IFA HANIFAH,ifahanifah.29@gmail.com,+62 821-2765-6713,HERAWATI,herarizkia29@gmail.com,+62 813-1236-7599
3209,120 - SUMBER,024 - TUKMUDAL,003900 - RT 003 RW 008,IFA HANIFAH,ifahanifah.29@gmail.com,+62 821-2765-6713,HERAWATI,herarizkia29@gmail.com,+62 813-1236-7599
3209,120 - SUMBER,024 - TUKMUDAL,004100 - RT 005 RW 008,IFA HANIFAH,ifahanifah.29@gmail.com,+62 821-2765-6713,HERAWATI,herarizkia29@gmail.com,+62 813-1236-7599
3209,120 - SUMBER,024 - TUKMUDAL,004300 - RT 002 RW 009,MASKIPAH,dwiazira2010@gmail.com,+62 812-2144-8590,NAZWA AURELYA,aurelyanazwa22@gmail.com,+62 088-9715-76958
3209,120 - SUMBER,024 - TUKMUDAL,004700 - RT 003 RW 010,IFA HANIFAH,ifahanifah.29@gmail.com,+62 821-2765-6713,RAHMAGHITA MAWARDI,rahmagita89@gmail.com,+62 857-8344-4394
3209,120 - SUMBER,024 - TUKMUDAL,004900 - RT 005 RW 010,IFA HANIFAH,ifahanifah.29@gmail.com,+62 821-2765-6713,RAHMAGHITA MAWARDI,rahmagita89@gmail.com,+62 857-8344-4394
3209,120 - SUMBER,024 - TUKMUDAL,005300 - RT 002 RW 011,YUSRIAH,yusriah.sri@gmail.com,+62 896-2904-0022,TAUFIK HIDAYAT,opik.azuri64@gmail.com,+62 896-3114-6939
3209,120 - SUMBER,024 - TUKMUDAL,005400 - RT 003 RW 011,IFA HANIFAH,ifahanifah.29@gmail.com,+62 821-2765-6713,BUNYAMIN SOFYAN ,bunyaminsofyan4@gmail.com,+62 858-6466-2128
3209,120 - SUMBER,024 - TUKMUDAL,005900 - RT 003 RW 013,MASKIPAH,dwiazira2010@gmail.com,+62 812-2144-8590,NAZWA AURELYA,aurelyanazwa22@gmail.com,+62 088-9715-76958
3209,120 - SUMBER,024 - TUKMUDAL,006100 - RT 002 RW 014,YUSRIAH,yusriah.sri@gmail.com,+62 896-2904-0022,TAUFIK HIDAYAT,opik.azuri64@gmail.com,+62 896-3114-6939
3209,120 - SUMBER,025 - KENANGA,000800 - RT 001 RW 003,YUSRIAH,yusriah.sri@gmail.com,+62 896-2904-0022,PIPIT DIAH SAFITRI,pipitdiahsapitri@gmail.com,+62 857-5988-5485
3209,120 - SUMBER,025 - KENANGA,001100 - RT 004 RW 003,YUSRIAH,yusriah.sri@gmail.com,+62 896-2904-0022,KURPATUL JANAH,kurpatuljanah@gmail.com,+62 853-5112-5189
3209,120 - SUMBER,025 - KENANGA,001200 - RT 005 RW 003,YUSRIAH,yusriah.sri@gmail.com,+62 896-2904-0022,PIPIT DIAH SAFITRI,pipitdiahsapitri@gmail.com,+62 857-5988-5485
3209,120 - SUMBER,025 - KENANGA,001700 - RT 001 RW 005,YUSRIAH,yusriah.sri@gmail.com,+62 896-2904-0022,RANTI FUJI LESTARI,rantifuji13@gmail.com,+62 857-5913-8410
3209,120 - SUMBER,025 - KENANGA,001800 - RT 002 RW 005,YUSRIAH,yusriah.sri@gmail.com,+62 896-2904-0022,MEGA ANTARIKSA,megaantariksa223@gmail.com,+62 813-2183-5222
3209,120 - SUMBER,025 - KENANGA,001900 - RT 003 RW 005,YUSRIAH,yusriah.sri@gmail.com,+62 896-2904-0022,MEGA ANTARIKSA,megaantariksa223@gmail.com,+62 813-2183-5222
3209,120 - SUMBER,025 - KENANGA,002400 - RT 005 RW 006,YUSRIAH,yusriah.sri@gmail.com,+62 896-2904-0022,PIPIT DIAH SAFITRI,pipitdiahsapitri@gmail.com,+62 857-5988-5485
3209,120 - SUMBER,025 - KENANGA,002500 - RT 001 RW 007,YUSRIAH,yusriah.sri@gmail.com,+62 896-2904-0022,MEGA ANTARIKSA,megaantariksa223@gmail.com,+62 813-2183-5222
3209,120 - SUMBER,025 - KENANGA,002700 - RT 003 RW 007,YUSRIAH,yusriah.sri@gmail.com,+62 896-2904-0022,MEGA ANTARIKSA,megaantariksa223@gmail.com,+62 813-2183-5222
3209,120 - SUMBER,025 - KENANGA,002800 - RT 004 RW 007,YUSRIAH,yusriah.sri@gmail.com,+62 896-2904-0022,MEGA ANTARIKSA,megaantariksa223@gmail.com,+62 813-2183-5222
3209,121 - DUKUPUNTANG,001 - BOBOS,000200 - RT 002 RW 001 DUSUN 1,RIZALUDDIN SIDQI,rizaluddinsidqi@gmail.com,+62 888-6012-840,ABDULAH,greychita3@gmail.com,+62 081-3246-18010
3209,121 - DUKUPUNTANG,001 - BOBOS,000500 - RT 001 RW 002 DUSUN 1,RIZALUDDIN SIDQI,rizaluddinsidqi@gmail.com,+62 888-6012-840,ABDULAH,greychita3@gmail.com,+62 081-3246-18010
3209,121 - DUKUPUNTANG,001 - BOBOS,000700 - RT 003 RW 002 DUSUN 1,RIZALUDDIN SIDQI,rizaluddinsidqi@gmail.com,+62 888-6012-840,ABDULAH,greychita3@gmail.com,+62 081-3246-18010
3209,121 - DUKUPUNTANG,001 - BOBOS,001100 - RT 004 RW 003 DUSUN 2,RIZALUDDIN SIDQI,rizaluddinsidqi@gmail.com,+62 888-6012-840,FAIZAL JIHAD ,jihadfaizal71@gmail.com,+62 856-2449-9706
3209,121 - DUKUPUNTANG,001 - BOBOS,001300 - RT 002 RW 004 DUSUN 2,RIZALUDDIN SIDQI,rizaluddinsidqi@gmail.com,+62 888-6012-840,FAIZAL JIHAD ,jihadfaizal71@gmail.com,+62 856-2449-9706
3209,121 - DUKUPUNTANG,001 - BOBOS,001400 - RT 003 RW 004 DUSUN 2,RIZALUDDIN SIDQI,rizaluddinsidqi@gmail.com,+62 888-6012-840,FAIZAL JIHAD ,jihadfaizal71@gmail.com,+62 856-2449-9706
3209,121 - DUKUPUNTANG,001 - BOBOS,001500 - RT 004 RW 004 DUSUN 2,RIZALUDDIN SIDQI,rizaluddinsidqi@gmail.com,+62 888-6012-840,FAIZAL JIHAD ,jihadfaizal71@gmail.com,+62 856-2449-9706
3209,121 - DUKUPUNTANG,001 - BOBOS,001600 - RT 001 RW 005 DUSUN 3,RIZALUDDIN SIDQI,rizaluddinsidqi@gmail.com,+62 888-6012-840,FAIZAL JIHAD ,jihadfaizal71@gmail.com,+62 856-2449-9706
3209,121 - DUKUPUNTANG,001 - BOBOS,001700 - RT 002 RW 005 DUSUN 3,RIZALUDDIN SIDQI,rizaluddinsidqi@gmail.com,+62 888-6012-840,FAIZAL JIHAD ,jihadfaizal71@gmail.com,+62 856-2449-9706
3209,121 - DUKUPUNTANG,001 - BOBOS,001900 - RT 001 RW 006 DUSUN 3,RIZALUDDIN SIDQI,rizaluddinsidqi@gmail.com,+62 888-6012-840,RISNA LIJAMAN,risnalijaman8@gmail.com,+62 085-7975-20978
3209,121 - DUKUPUNTANG,001 - BOBOS,002000 - RT 002 RW 006 DUSUN 3,RIZALUDDIN SIDQI,rizaluddinsidqi@gmail.com,+62 888-6012-840,RISNA LIJAMAN,risnalijaman8@gmail.com,+62 085-7975-20978
3209,121 - DUKUPUNTANG,001 - BOBOS,002300 - RT 001 RW 007 DUSUN 4,RIZALUDDIN SIDQI,rizaluddinsidqi@gmail.com,+62 888-6012-840,SYAHILA LAELATUL HIJJAH,syahilalaelatulhijah@gmail.com,+62 838-4258-0648
3209,121 - DUKUPUNTANG,001 - BOBOS,002600 - RT 004 RW 007 DUSUN 4,RIZALUDDIN SIDQI,rizaluddinsidqi@gmail.com,+62 888-6012-840,SYAHILA LAELATUL HIJJAH,syahilalaelatulhijah@gmail.com,+62 838-4258-0648
3209,121 - DUKUPUNTANG,001 - BOBOS,002800 - RT 002 RW 008 DUSUN 4,RIZALUDDIN SIDQI,rizaluddinsidqi@gmail.com,+62 888-6012-840,SYAHILA LAELATUL HIJJAH,syahilalaelatulhijah@gmail.com,+62 838-4258-0648
3209,121 - DUKUPUNTANG,001 - BOBOS,002900 - RT 003 RW 008 DUSUN 4,RIZALUDDIN SIDQI,rizaluddinsidqi@gmail.com,+62 888-6012-840,SYAHILA LAELATUL HIJJAH,syahilalaelatulhijah@gmail.com,+62 838-4258-0648
3209,121 - DUKUPUNTANG,001 - BOBOS,100100 - SAWAH 1,RIZALUDDIN SIDQI,rizaluddinsidqi@gmail.com,+62 888-6012-840,SYAHILA LAELATUL HIJJAH,syahilalaelatulhijah@gmail.com,+62 838-4258-0648
3209,121 - DUKUPUNTANG,002 - CIKALAHANG,000300 - RT 003 RW 001 BLOK CIBELIK,RIZALUDDIN SIDQI,rizaluddinsidqi@gmail.com,+62 888-6012-840,NURLAELI,yasminyasna20@gmail.com,+62 081-3245-04664
3209,121 - DUKUPUNTANG,002 - CIKALAHANG,001000 - RT 001 RW 003 BLOK CIKEDUNG,RIZALUDDIN SIDQI,rizaluddinsidqi@gmail.com,+62 888-6012-840,ARIF PRAYOGA SUSANTO,arifprayoga28@gmail.com,+62 895-3466-89852
3209,121 - DUKUPUNTANG,002 - CIKALAHANG,001500 - RT 002 RW 004 BLOK PARAKAN HURANG,RIZALUDDIN SIDQI,rizaluddinsidqi@gmail.com,+62 888-6012-840,ARIF PRAYOGA SUSANTO,arifprayoga28@gmail.com,+62 895-3466-89852
3209,121 - DUKUPUNTANG,002 - CIKALAHANG,001800 - RT 001 RW 005 BLOK CIKEDUNG,RIZALUDDIN SIDQI,rizaluddinsidqi@gmail.com,+62 888-6012-840,SHILAHUL AZMI,azzibond@gmail.com,+62 892-9804-822
3209,121 - DUKUPUNTANG,002 - CIKALAHANG,002000 - RT 003 RW 005 BLOK PANEPEN,RIZALUDDIN SIDQI,rizaluddinsidqi@gmail.com,+62 888-6012-840,SHILAHUL AZMI,azzibond@gmail.com,+62 892-9804-822
3209,121 - DUKUPUNTANG,002 - CIKALAHANG,002100 - RT 001 RW 006 BLOK PANEPEN,RIZALUDDIN SIDQI,rizaluddinsidqi@gmail.com,+62 888-6012-840,SHILAHUL AZMI,azzibond@gmail.com,+62 892-9804-822
3209,121 - DUKUPUNTANG,002 - CIKALAHANG,002400 - RT 004 RW 006 BLOK PANEPEN,RIZALUDDIN SIDQI,rizaluddinsidqi@gmail.com,+62 888-6012-840,SHILAHUL AZMI,azzibond@gmail.com,+62 892-9804-822
3209,121 - DUKUPUNTANG,002 - CIKALAHANG,002500 - RT 001 RW 007 BLOK SUKAWERA,RIZALUDDIN SIDQI,rizaluddinsidqi@gmail.com,+62 888-6012-840,SHILAHUL AZMI,azzibond@gmail.com,+62 892-9804-822
3209,121 - DUKUPUNTANG,002 - CIKALAHANG,002600 - RT 002 RW 007 BLOK SUKAWERA,RIZALUDDIN SIDQI,rizaluddinsidqi@gmail.com,+62 888-6012-840,SHILAHUL AZMI,azzibond@gmail.com,+62 892-9804-822
3209,121 - DUKUPUNTANG,002 - CIKALAHANG,003100 - RT 001 RW 009 BLOK OMPOD,RIZALUDDIN SIDQI,rizaluddinsidqi@gmail.com,+62 888-6012-840,SYARAH DEWINA NURAZIZAH,syarahdn912@gmail.com,+62 082-1286-80369
3209,121 - DUKUPUNTANG,002 - CIKALAHANG,003300 - RT 003 RW 009 BLOK PALEBAN,RIZALUDDIN SIDQI,rizaluddinsidqi@gmail.com,+62 888-6012-840,SYARAH DEWINA NURAZIZAH,syarahdn912@gmail.com,+62 082-1286-80369
3209,121 - DUKUPUNTANG,002 - CIKALAHANG,003400 - RT 001 RW 010 BLOK 5,RIZALUDDIN SIDQI,rizaluddinsidqi@gmail.com,+62 888-6012-840,SYARAH DEWINA NURAZIZAH,syarahdn912@gmail.com,+62 082-1286-80369
3209,121 - DUKUPUNTANG,002 - CIKALAHANG,003500 - RT 002 RW 010 BLOK NARAWULAN,RIZALUDDIN SIDQI,rizaluddinsidqi@gmail.com,+62 888-6012-840,SYARAH DEWINA NURAZIZAH,syarahdn912@gmail.com,+62 082-1286-80369
3209,121 - DUKUPUNTANG,003 - MANDALA,000100 - RT 001 RW 001 BLOK TALANG KIDUL DUSUN 5,YOGI SUGIANA,yogyessugiana79@gmail.com,+62 852-2466-9668,YANTO,yanto.220295@gmail.com,0
3209,121 - DUKUPUNTANG,003 - MANDALA,000200 - RT 002 RW 001 BLOK PAHLAWAN DUSUN 5,YOGI SUGIANA,yogyessugiana79@gmail.com,+62 852-2466-9668,YANTO,yanto.220295@gmail.com,0
3209,121 - DUKUPUNTANG,003 - MANDALA,000400 - RT 004 RW 001 BLOK PAHLAWAN DUSUN 5,YOGI SUGIANA,yogyessugiana79@gmail.com,+62 852-2466-9668,HARIS NURWADI,harisnurwadi@gmail.com,+62 812-2191-0191
3209,121 - DUKUPUNTANG,003 - MANDALA,000500 - RT 001 RW 002 BLOK TELAR MALAKA DUSUN 1,YOGI SUGIANA,yogyessugiana79@gmail.com,+62 852-2466-9668,YANTO,yanto.220295@gmail.com,0
3209,121 - DUKUPUNTANG,003 - MANDALA,000700 - RT 003 RW 002 BLOK KARANG SARI DUSUN 1,YOGI SUGIANA,yogyessugiana79@gmail.com,+62 852-2466-9668,HARIS NURWADI,harisnurwadi@gmail.com,+62 812-2191-0191
3209,121 - DUKUPUNTANG,003 - MANDALA,000800 - RT 004 RW 002 BLOK DESA DUSUN 1,YOGI SUGIANA,yogyessugiana79@gmail.com,+62 852-2466-9668,HARIS NURWADI,harisnurwadi@gmail.com,+62 812-2191-0191
3209,121 - DUKUPUNTANG,003 - MANDALA,001000 - RT 002 RW 003 BLOK KARANG SARI DUSUN 1,YOGI SUGIANA,yogyessugiana79@gmail.com,+62 852-2466-9668,HARIS NURWADI,harisnurwadi@gmail.com,+62 812-2191-0191
3209,121 - DUKUPUNTANG,003 - MANDALA,001300 - RT 001 RW 004 BLOK CIBORELANG DUSUN 2,YOGI SUGIANA,yogyessugiana79@gmail.com,+62 852-2466-9668,DINI FUZI LESTARI,diniflestari@gmail.com,+62 813-9504-1557
3209,121 - DUKUPUNTANG,003 - MANDALA,001400 - RT 002 RW 004 BLOK DUKU DALEM DUSUN 2,YOGI SUGIANA,yogyessugiana79@gmail.com,+62 852-2466-9668,DINI FUZI LESTARI,diniflestari@gmail.com,+62 813-9504-1557
3209,121 - DUKUPUNTANG,003 - MANDALA,001500 - RT 003 RW 004 BLOK MAKAM PANJANG DUSUN 2,YOGI SUGIANA,yogyessugiana79@gmail.com,+62 852-2466-9668,DINI FUZI LESTARI,diniflestari@gmail.com,+62 813-9504-1557
3209,121 - DUKUPUNTANG,003 - MANDALA,001900 - RT 003 RW 005 BLOK DUKU DALEM KULON DUSUN 2,YOGI SUGIANA,yogyessugiana79@gmail.com,+62 852-2466-9668,DINI FUZI LESTARI,diniflestari@gmail.com,+62 813-9504-1557
3209,121 - DUKUPUNTANG,003 - MANDALA,002000 - RT 004 RW 005 BLOK CIGOONG DUSUN 2,YOGI SUGIANA,yogyessugiana79@gmail.com,+62 852-2466-9668,DINI FUZI LESTARI,diniflestari@gmail.com,+62 813-9504-1557
3209,121 - DUKUPUNTANG,003 - MANDALA,003700 - RT 001 RW 010 BLOK CIRENDE DUSUN 5,YOGI SUGIANA,yogyessugiana79@gmail.com,+62 852-2466-9668,DINI FUZI LESTARI,diniflestari@gmail.com,+62 813-9504-1557
3209,121 - DUKUPUNTANG,003 - MANDALA,003900 - RT 003 RW 010 BLOK TALANG KIDUL DUSUN 5,YOGI SUGIANA,yogyessugiana79@gmail.com,+62 852-2466-9668,HARIS NURWADI,harisnurwadi@gmail.com,+62 812-2191-0191
3209,121 - DUKUPUNTANG,003 - MANDALA,004000 - RT 004 RW 010 BLOK TALANG KIDUL DUSUN 5,YOGI SUGIANA,yogyessugiana79@gmail.com,+62 852-2466-9668,DINI FUZI LESTARI,diniflestari@gmail.com,+62 813-9504-1557
3209,121 - DUKUPUNTANG,003 - MANDALA,100300 - SAWAH,YOGI SUGIANA,yogyessugiana79@gmail.com,+62 852-2466-9668,DINI FUZI LESTARI,diniflestari@gmail.com,+62 813-9504-1557
3209,121 - DUKUPUNTANG,004 - CISAAT,000300 - RT 003 RW 001 DUSUN 1,YOGI SUGIANA,yogyessugiana79@gmail.com,+62 852-2466-9668,MOCH MUGNI LABIB,labibmugni1008@gmail.com,+62 083-4944-9794
3209,121 - DUKUPUNTANG,004 - CISAAT,000900 - RT 009 RW 003 DUSUN 2,YOGI SUGIANA,yogyessugiana79@gmail.com,+62 852-2466-9668,MOCH MUGNI LABIB,labibmugni1008@gmail.com,+62 083-4944-9794
3209,121 - DUKUPUNTANG,004 - CISAAT,001000 - RT 010 RW 003 DUSUN 2,YOGI SUGIANA,yogyessugiana79@gmail.com,+62 852-2466-9668,MOCH MUGNI LABIB,labibmugni1008@gmail.com,+62 083-4944-9794
3209,121 - DUKUPUNTANG,004 - CISAAT,001200 - RT 012 RW 004 DUSUN 2,YOGI SUGIANA,yogyessugiana79@gmail.com,+62 852-2466-9668,HASANUDIN,taman.barokahindah@gmail.com,+62 822-1026-1399
3209,121 - DUKUPUNTANG,004 - CISAAT,002800 - RT 028 RW 010 DUSUN 5,YOGI SUGIANA,yogyessugiana79@gmail.com,+62 852-2466-9668,MOCH MUGNI LABIB,labibmugni1008@gmail.com,+62 083-4944-9794
3209,121 - DUKUPUNTANG,004 - CISAAT,002900 - RT 029 RW 010 DUSUN 5,YOGI SUGIANA,yogyessugiana79@gmail.com,+62 852-2466-9668,MOCH MUGNI LABIB,labibmugni1008@gmail.com,+62 083-4944-9794
3209,121 - DUKUPUNTANG,005 - SINDANGJAWA,000100 - RT 001 RW 001 BLOK PONTAS DUSUN 1,YATI HAYATI,hayatiyati1103@gmail.com,0,LIA YULIANI,wicaksonotyo996@gmail.com,+62 838-3791-4940
3209,121 - DUKUPUNTANG,005 - SINDANGJAWA,000200 - RT 002 RW 001 BLOK PONTAS DUSUN 1,YATI HAYATI,hayatiyati1103@gmail.com,0,LIA YULIANI,wicaksonotyo996@gmail.com,+62 838-3791-4940
3209,121 - DUKUPUNTANG,005 - SINDANGJAWA,000300 - RT 003 RW 001 BLOK PONTAS DUSUN 1,YATI HAYATI,hayatiyati1103@gmail.com,0,LIA YULIANI,wicaksonotyo996@gmail.com,+62 838-3791-4940
3209,121 - DUKUPUNTANG,005 - SINDANGJAWA,000400 - RT 004 RW 001 BLOK PONTAS DUSUN 1,YATI HAYATI,hayatiyati1103@gmail.com,0,LIA YULIANI,wicaksonotyo996@gmail.com,+62 838-3791-4940
3209,121 - DUKUPUNTANG,005 - SINDANGJAWA,000700 - RT 007 RW 001 BLOK PONTAS DUSUN 1,YATI HAYATI,hayatiyati1103@gmail.com,0,LIA YULIANI,wicaksonotyo996@gmail.com,+62 838-3791-4940
3209,121 - DUKUPUNTANG,005 - SINDANGJAWA,000800 - RT 008 RW 001 BLOK PONTAS DUSUN 1,YATI HAYATI,hayatiyati1103@gmail.com,0,LIA YULIANI,wicaksonotyo996@gmail.com,+62 838-3791-4940
3209,121 - DUKUPUNTANG,005 - SINDANGJAWA,000900 - RT 001 RW 002 BLOK DESA DUSUN 1,YATI HAYATI,hayatiyati1103@gmail.com,0,NELLY NURHASANAH,nellybadartsaniy88@gmail.com,+62 895-4007-61708
3209,121 - DUKUPUNTANG,005 - SINDANGJAWA,001000 - RT 002 RW 002 BLOK DESA DUSUN 1,YATI HAYATI,hayatiyati1103@gmail.com,0,NELLY NURHASANAH,nellybadartsaniy88@gmail.com,+62 895-4007-61708
3209,121 - DUKUPUNTANG,005 - SINDANGJAWA,001100 - RT 003 RW 002 BLOK DESA DUSUN 1,YATI HAYATI,hayatiyati1103@gmail.com,0,JAHRA HALIMATUL HASANAH ,zahrahalimatulhasanah@gmail.com,+62 857-9566-2685
3209,121 - DUKUPUNTANG,005 - SINDANGJAWA,001200 - RT 004 RW 002 BLOK DESA DUSUN 1,YATI HAYATI,hayatiyati1103@gmail.com,0,JAHRA HALIMATUL HASANAH ,zahrahalimatulhasanah@gmail.com,+62 857-9566-2685
3209,121 - DUKUPUNTANG,005 - SINDANGJAWA,001400 - RT 006 RW 002 BLOK DESA DUSUN 1,YATI HAYATI,hayatiyati1103@gmail.com,0,JAHRA HALIMATUL HASANAH ,zahrahalimatulhasanah@gmail.com,+62 857-9566-2685
3209,121 - DUKUPUNTANG,005 - SINDANGJAWA,001500 - RT 001 RW 003 BLOK DESA DUSUN 1,YATI HAYATI,hayatiyati1103@gmail.com,0,KOMARUDIN,pandji.pratama@gmail.com,+62 085-2243-16195
3209,121 - DUKUPUNTANG,005 - SINDANGJAWA,001600 - RT 002 RW 003 BLOK DESA DUSUN 1,YATI HAYATI,hayatiyati1103@gmail.com,0,KOMARUDIN,pandji.pratama@gmail.com,+62 085-2243-16195
3209,121 - DUKUPUNTANG,005 - SINDANGJAWA,001700 - RT 003 RW 003 BLOK CIKADU DUSUN 2,YATI HAYATI,hayatiyati1103@gmail.com,0,KOMARUDIN,pandji.pratama@gmail.com,+62 085-2243-16195
3209,121 - DUKUPUNTANG,005 - SINDANGJAWA,001800 - RT 004 RW 003 BLOK PERTELON DUSUN 2,YATI HAYATI,hayatiyati1103@gmail.com,0,KOMARUDIN,pandji.pratama@gmail.com,+62 085-2243-16195
3209,121 - DUKUPUNTANG,005 - SINDANGJAWA,002100 - RT 002 RW 004 BLOK RUKUN GUYUB DUSUN 2,YATI HAYATI,hayatiyati1103@gmail.com,0,RENA RAHMAWATI,rahmawati.rena@gmail.com,+62 089-6810-34206
3209,121 - DUKUPUNTANG,005 - SINDANGJAWA,002300 - RT 004 RW 004 BLOK UMBUL BALONG DUSUN 2,YATI HAYATI,hayatiyati1103@gmail.com,0,JAHRA HALIMATUL HASANAH ,zahrahalimatulhasanah@gmail.com,+62 857-9566-2685
3209,121 - DUKUPUNTANG,005 - SINDANGJAWA,002400 - RT 005 RW 004 BLOK UMBUL BALONG DUSUN 2,YATI HAYATI,hayatiyati1103@gmail.com,0,RENA RAHMAWATI,rahmawati.rena@gmail.com,+62 089-6810-34206
3209,121 - DUKUPUNTANG,005 - SINDANGJAWA,002500 - RT 006 RW 004 BLOK UMBUL BALONG DUSUN 2,YATI HAYATI,hayatiyati1103@gmail.com,0,RENA RAHMAWATI,rahmawati.rena@gmail.com,+62 089-6810-34206
3209,121 - DUKUPUNTANG,005 - SINDANGJAWA,002700 - RT 002 RW 005 BLOK KAWUNG LUWUK DUSUN 2,YATI HAYATI,hayatiyati1103@gmail.com,0,MUHAMAD SUFYAN TSAURI ,muhammadsufyantsauri1002@gmail.com,+62 821-2029-3785
3209,121 - DUKUPUNTANG,005 - SINDANGJAWA,002800 - RT 003 RW 005 BLOK KAWUNG LUWUK DUSUN 2,YATI HAYATI,hayatiyati1103@gmail.com,0,MUHAMAD SUFYAN TSAURI ,muhammadsufyantsauri1002@gmail.com,+62 821-2029-3785
3209,121 - DUKUPUNTANG,005 - SINDANGJAWA,002900 - RT 004 RW 005 BLOK KAWUNG LUWUK DUSUN 2,YATI HAYATI,hayatiyati1103@gmail.com,0,MUHAMAD SUFYAN TSAURI ,muhammadsufyantsauri1002@gmail.com,+62 821-2029-3785
3209,121 - DUKUPUNTANG,005 - SINDANGJAWA,003200 - RT 006 RW 007 BLOK DOBLE KEANDRA,YATI HAYATI,hayatiyati1103@gmail.com,0,RENA RAHMAWATI,rahmawati.rena@gmail.com,+62 089-6810-34206
3209,121 - DUKUPUNTANG,005 - SINDANGJAWA,003400 - RT 007 RW 006 BLOK SINGLE KEANDRA,YATI HAYATI,hayatiyati1103@gmail.com,0,MUHAMAD SUFYAN TSAURI ,muhammadsufyantsauri1002@gmail.com,+62 821-2029-3785
3209,121 - DUKUPUNTANG,005 - SINDANGJAWA,004400 - RT 001 RW 008 CLUSTER CORDELIA,YATI HAYATI,hayatiyati1103@gmail.com,0,NELLY NURHASANAH,nellybadartsaniy88@gmail.com,+62 895-4007-61708
3209,121 - DUKUPUNTANG,005 - SINDANGJAWA,004800 - RT 005 RW 008 CLUSTER KYMATA,YATI HAYATI,hayatiyati1103@gmail.com,0,KOMARUDIN,pandji.pratama@gmail.com,+62 085-2243-16195
3209,121 - DUKUPUNTANG,005 - SINDANGJAWA,100100 - SAWAH 1,YATI HAYATI,hayatiyati1103@gmail.com,0,RENA RAHMAWATI,rahmawati.rena@gmail.com,+62 089-6810-34206
3209,121 - DUKUPUNTANG,005 - SINDANGJAWA,100200 - SAWAH 2,YATI HAYATI,hayatiyati1103@gmail.com,0,KOMARUDIN,pandji.pratama@gmail.com,+62 085-2243-16195
3209,121 - DUKUPUNTANG,006 - SINDANGMEKAR,000100 - RT 001 RW 001 DUSUN 1,JOKO SUTIKNO,js6971504@gmail.com,+62 877-3975-9491,EKA ALIYA NUR'AINI ,ekaaalya@gmail.com,+62 831-5753-6685
3209,121 - DUKUPUNTANG,006 - SINDANGMEKAR,000200 - RT 002 RW 001 DUSUN 1,JOKO SUTIKNO,js6971504@gmail.com,+62 877-3975-9491,EKA ALIYA NUR'AINI ,ekaaalya@gmail.com,+62 831-5753-6685
3209,121 - DUKUPUNTANG,006 - SINDANGMEKAR,000300 - RT 003 RW 001 DUSUN 1,JOKO SUTIKNO,js6971504@gmail.com,+62 877-3975-9491,EKA ALIYA NUR'AINI ,ekaaalya@gmail.com,+62 831-5753-6685
3209,121 - DUKUPUNTANG,006 - SINDANGMEKAR,000400 - RT 001 RW 002 DUSUN 2,JOKO SUTIKNO,js6971504@gmail.com,+62 877-3975-9491,EKA ALIYA NUR'AINI ,ekaaalya@gmail.com,+62 831-5753-6685
3209,121 - DUKUPUNTANG,006 - SINDANGMEKAR,000600 - RT 003 RW 002 DUSUN 2,JOKO SUTIKNO,js6971504@gmail.com,+62 877-3975-9491,EKA ALIYA NUR'AINI ,ekaaalya@gmail.com,+62 831-5753-6685
3209,121 - DUKUPUNTANG,006 - SINDANGMEKAR,000800 - RT 002 RW 003 DUSUN 2,JOKO SUTIKNO,js6971504@gmail.com,+62 877-3975-9491,NURAENI,nuraeni02091989@gmail.com,+62 813-1209-0600
3209,121 - DUKUPUNTANG,006 - SINDANGMEKAR,001000 - RT 004 RW 003 DUSUN 2,JOKO SUTIKNO,js6971504@gmail.com,+62 877-3975-9491,NURAENI,nuraeni02091989@gmail.com,+62 813-1209-0600
3209,121 - DUKUPUNTANG,006 - SINDANGMEKAR,001100 - RT 001 RW 004 DUSUN 3,JOKO SUTIKNO,js6971504@gmail.com,+62 877-3975-9491,NURAENI,nuraeni02091989@gmail.com,+62 813-1209-0600
3209,121 - DUKUPUNTANG,006 - SINDANGMEKAR,001200 - RT 002 RW 004 DUSUN 3,JOKO SUTIKNO,js6971504@gmail.com,+62 877-3975-9491,NURAENI,nuraeni02091989@gmail.com,+62 813-1209-0600
3209,121 - DUKUPUNTANG,006 - SINDANGMEKAR,001400 - RT 001 RW 005 DUSUN 3,JOKO SUTIKNO,js6971504@gmail.com,+62 877-3975-9491,TITIN SUTINAH ,bundazhafran764@gmail.com,+62 813-2284-8028
3209,121 - DUKUPUNTANG,006 - SINDANGMEKAR,001500 - RT 002 RW 005 DUSUN 3,JOKO SUTIKNO,js6971504@gmail.com,+62 877-3975-9491,TITIN SUTINAH ,bundazhafran764@gmail.com,+62 813-2284-8028
3209,121 - DUKUPUNTANG,006 - SINDANGMEKAR,001600 - RT 003 RW 005 DUSUN 3,JOKO SUTIKNO,js6971504@gmail.com,+62 877-3975-9491,TITIN SUTINAH ,bundazhafran764@gmail.com,+62 813-2284-8028
3209,121 - DUKUPUNTANG,006 - SINDANGMEKAR,001700 - RT 001 RW 006 DUSUN 4,JOKO SUTIKNO,js6971504@gmail.com,+62 877-3975-9491,SHOHIBUL ILMI ,shohibulilmi04@gmail.com,+62 085-7218-44920
3209,121 - DUKUPUNTANG,006 - SINDANGMEKAR,001800 - RT 002 RW 006 DUSUN 4,JOKO SUTIKNO,js6971504@gmail.com,+62 877-3975-9491,SHOHIBUL ILMI ,shohibulilmi04@gmail.com,+62 085-7218-44920
3209,121 - DUKUPUNTANG,006 - SINDANGMEKAR,001900 - RT 003 RW 006 DUSUN 4,JOKO SUTIKNO,js6971504@gmail.com,+62 877-3975-9491,SHOHIBUL ILMI ,shohibulilmi04@gmail.com,+62 085-7218-44920
3209,121 - DUKUPUNTANG,006 - SINDANGMEKAR,002000 - RT 004 RW 006 DUSUN 4,JOKO SUTIKNO,js6971504@gmail.com,+62 877-3975-9491,SHOHIBUL ILMI ,shohibulilmi04@gmail.com,+62 085-7218-44920
3209,121 - DUKUPUNTANG,006 - SINDANGMEKAR,002100 - RT 005 RW 006 DUSUN 4,JOKO SUTIKNO,js6971504@gmail.com,+62 877-3975-9491,SHOHIBUL ILMI ,shohibulilmi04@gmail.com,+62 085-7218-44920
3209,121 - DUKUPUNTANG,006 - SINDANGMEKAR,002200 - RT 001 RW 007 DUSUN 5,JOKO SUTIKNO,js6971504@gmail.com,+62 877-3975-9491,TITIN SUTINAH ,bundazhafran764@gmail.com,+62 813-2284-8028
3209,121 - DUKUPUNTANG,006 - SINDANGMEKAR,002300 - RT 002 RW 007 DUSUN 5,JOKO SUTIKNO,js6971504@gmail.com,+62 877-3975-9491,TITIN SUTINAH ,bundazhafran764@gmail.com,+62 813-2284-8028
3209,121 - DUKUPUNTANG,006 - SINDANGMEKAR,002500 - RT 004 RW 007 DUSUN 5,JOKO SUTIKNO,js6971504@gmail.com,+62 877-3975-9491,TITIN SUTINAH ,bundazhafran764@gmail.com,+62 813-2284-8028
3209,121 - DUKUPUNTANG,006 - SINDANGMEKAR,002600 - RT 001 RW 008 DUSUN 5,JOKO SUTIKNO,js6971504@gmail.com,+62 877-3975-9491,JAMALUDIN,jamalwafy36@gmail.com,+62 532-2088-8609
3209,121 - DUKUPUNTANG,006 - SINDANGMEKAR,002700 - RT 002 RW 008 DUSUN 5,JOKO SUTIKNO,js6971504@gmail.com,+62 877-3975-9491,JAMALUDIN,jamalwafy36@gmail.com,+62 532-2088-8609
3209,121 - DUKUPUNTANG,006 - SINDANGMEKAR,002800 - RT 003 RW 008 DUSUN 5,JOKO SUTIKNO,js6971504@gmail.com,+62 877-3975-9491,JAMALUDIN,jamalwafy36@gmail.com,+62 532-2088-8609
3209,121 - DUKUPUNTANG,006 - SINDANGMEKAR,100100 - SAWAH 1,JOKO SUTIKNO,js6971504@gmail.com,+62 877-3975-9491,NURAENI,nuraeni02091989@gmail.com,+62 813-1209-0600
3209,121 - DUKUPUNTANG,006 - SINDANGMEKAR,100300 - SAWAH 3,JOKO SUTIKNO,js6971504@gmail.com,+62 877-3975-9491,NURAENI,nuraeni02091989@gmail.com,+62 813-1209-0600
3209,121 - DUKUPUNTANG,007 - CANGKOAK,000100 - RT 001 RW 001 BLOK PANINGKIRAN,JOKO SUTIKNO,js6971504@gmail.com,+62 877-3975-9491,BAHIR RAMDANI,bahirramdani22@gmail.com,+62 857-9717-2285
3209,121 - DUKUPUNTANG,007 - CANGKOAK,000200 - RT 002 RW 001 BLOK PANINGKIRAN,JOKO SUTIKNO,js6971504@gmail.com,+62 877-3975-9491,BAHIR RAMDANI,bahirramdani22@gmail.com,+62 857-9717-2285
3209,121 - DUKUPUNTANG,007 - CANGKOAK,000300 - RT 003 RW 001 BLOK PANINGKIRAN,JOKO SUTIKNO,js6971504@gmail.com,+62 877-3975-9491,BAHIR RAMDANI,bahirramdani22@gmail.com,+62 857-9717-2285
3209,121 - DUKUPUNTANG,007 - CANGKOAK,000400 - RT 004 RW 001 BLOK PANINGKIRAN,JOKO SUTIKNO,js6971504@gmail.com,+62 877-3975-9491,BAHIR RAMDANI,bahirramdani22@gmail.com,+62 857-9717-2285
3209,121 - DUKUPUNTANG,007 - CANGKOAK,000600 - RT 006 RW 002 BLOK KARANG ABANG,JOKO SUTIKNO,js6971504@gmail.com,+62 877-3975-9491,SITI ARMALA ,sitiarmala2109@gmail.com,+62 083-8246-90117
3209,121 - DUKUPUNTANG,007 - CANGKOAK,000900 - RT 009 RW 003 BLOK WATU LORO,JOKO SUTIKNO,js6971504@gmail.com,+62 877-3975-9491,BAHIR RAMDANI,bahirramdani22@gmail.com,+62 857-9717-2285
3209,121 - DUKUPUNTANG,007 - CANGKOAK,001000 - RT 010 RW 003 BLOK 3,JOKO SUTIKNO,js6971504@gmail.com,+62 877-3975-9491,SITI ARMALA ,sitiarmala2109@gmail.com,+62 083-8246-90117
3209,121 - DUKUPUNTANG,007 - CANGKOAK,001100 - RT 011 RW 003 BLOK CIPARIGI,JOKO SUTIKNO,js6971504@gmail.com,+62 877-3975-9491,BAHIR RAMDANI,bahirramdani22@gmail.com,+62 857-9717-2285
3209,121 - DUKUPUNTANG,007 - CANGKOAK,001200 - RT 012 RW 003 BLOK 3,JOKO SUTIKNO,js6971504@gmail.com,+62 877-3975-9491,BAHIR RAMDANI,bahirramdani22@gmail.com,+62 857-9717-2285
3209,121 - DUKUPUNTANG,007 - CANGKOAK,001300 - RT 013 RW 004 BLOK UTARA DESA,JOKO SUTIKNO,js6971504@gmail.com,+62 877-3975-9491,SITI MAESAROH,yayocantik29@gmail.com,+62 831-8078-3300
3209,121 - DUKUPUNTANG,007 - CANGKOAK,001400 - RT 014 RW 004 BLOK UTARA DESA,JOKO SUTIKNO,js6971504@gmail.com,+62 877-3975-9491,SITI MAESAROH,yayocantik29@gmail.com,+62 831-8078-3300
3209,121 - DUKUPUNTANG,007 - CANGKOAK,001500 - RT 015 RW 004 BLOK KARANG GENTING,JOKO SUTIKNO,js6971504@gmail.com,+62 877-3975-9491,SITI MAESAROH,yayocantik29@gmail.com,+62 831-8078-3300
3209,121 - DUKUPUNTANG,007 - CANGKOAK,001600 - RT 016 RW 004 BLOK KARANG GENTING,JOKO SUTIKNO,js6971504@gmail.com,+62 877-3975-9491,SITI MAESAROH,yayocantik29@gmail.com,+62 831-8078-3300
3209,121 - DUKUPUNTANG,007 - CANGKOAK,002000 - RT 020 RW 005  BLOK LEBAK,JOKO SUTIKNO,js6971504@gmail.com,+62 877-3975-9491,LISA HERLIATI,lisaherliati99@gmail.com,+62 852-9460-9204
3209,121 - DUKUPUNTANG,007 - CANGKOAK,002100 - RT 021 RW 006 BLOK KARANG DAWA,JOKO SUTIKNO,js6971504@gmail.com,+62 877-3975-9491,SITI MAESAROH,yayocantik29@gmail.com,+62 831-8078-3300
3209,121 - DUKUPUNTANG,007 - CANGKOAK,002300 - RT 023 RW 006 BLOK KARANG DAWA,JOKO SUTIKNO,js6971504@gmail.com,+62 877-3975-9491,LISA HERLIATI,lisaherliati99@gmail.com,+62 852-9460-9204
3209,121 - DUKUPUNTANG,007 - CANGKOAK,002400 - RT 024 RW 006  BLOK KARANG DAWA,JOKO SUTIKNO,js6971504@gmail.com,+62 877-3975-9491,LISA HERLIATI,lisaherliati99@gmail.com,+62 852-9460-9204
3209,121 - DUKUPUNTANG,007 - CANGKOAK,002500 - RT 025 RW 007 BLOK KARANG DAWA,JOKO SUTIKNO,js6971504@gmail.com,+62 877-3975-9491,LISA HERLIATI,lisaherliati99@gmail.com,+62 852-9460-9204
3209,121 - DUKUPUNTANG,007 - CANGKOAK,002600 - RT 026 RW 007 BLOK CIBIUK,JOKO SUTIKNO,js6971504@gmail.com,+62 877-3975-9491,SITI MAESAROH,yayocantik29@gmail.com,+62 831-8078-3300
3209,121 - DUKUPUNTANG,007 - CANGKOAK,002700 - RT 027 RW 007 BLOK CIBIUK,JOKO SUTIKNO,js6971504@gmail.com,+62 877-3975-9491,BAHIR RAMDANI,bahirramdani22@gmail.com,+62 857-9717-2285
3209,121 - DUKUPUNTANG,007 - CANGKOAK,002800 - RT 028 RW 002 BLOK KARANG SANTRI,JOKO SUTIKNO,js6971504@gmail.com,+62 877-3975-9491,SITI ARMALA ,sitiarmala2109@gmail.com,+62 083-8246-90117
3209,121 - DUKUPUNTANG,007 - CANGKOAK,100100 - PERSAWAHAN,JOKO SUTIKNO,js6971504@gmail.com,+62 877-3975-9491,SITI MAESAROH,yayocantik29@gmail.com,+62 831-8078-3300
3209,121 - DUKUPUNTANG,008 - KEPUNDUAN,100100 - SAWAH KULON,YOGI SUGIANA,yogyessugiana79@gmail.com,+62 852-2466-9668,ANTON SAREAT,antonsareat9@gmail.com,+62 896-0840-6591
3209,121 - DUKUPUNTANG,009 - BALAD,000100 - RT 001 RW 001 BLOK DESA DUSUN 001,YATI HAYATI,hayatiyati1103@gmail.com,0,MISKA,hanifkafafi@gmail.com,+62 851-8805-1615
3209,121 - DUKUPUNTANG,009 - BALAD,000200 - RT 002 RW 001 BLOK DESA DUSUN 001,YATI HAYATI,hayatiyati1103@gmail.com,0,MISKA,hanifkafafi@gmail.com,+62 851-8805-1615
3209,121 - DUKUPUNTANG,009 - BALAD,000600 - RT 001 RW 002 BLOK JEMIKA DUSUN 002,YATI HAYATI,hayatiyati1103@gmail.com,0,NURLAELAH,elrasyid1407@gmail.com,+62 838-6504-4322
3209,121 - DUKUPUNTANG,009 - BALAD,001100 - RT 001 RW 003 BLOK AGUNG DUSUN 003,YATI HAYATI,hayatiyati1103@gmail.com,0,ILHAM MAULANA,ilham.elbaladie94@gmail.com,+62 898-3101-703
3209,121 - DUKUPUNTANG,009 - BALAD,001400 - RT 004 RW 003 BLOK PETE DUSUN 003,YATI HAYATI,hayatiyati1103@gmail.com,0,ILHAM MAULANA,ilham.elbaladie94@gmail.com,+62 898-3101-703
3209,121 - DUKUPUNTANG,009 - BALAD,100100 - SAWAH 1,YATI HAYATI,hayatiyati1103@gmail.com,0,ILHAM MAULANA,ilham.elbaladie94@gmail.com,+62 898-3101-703
3209,121 - DUKUPUNTANG,010 - DUKUPUNTANG,000100 - RT 001 RW 001 BLOK DUKUMALANG,HENI NURHAENI,hnurhaeni503@gmail.com,+62 813-2278-7754,RISTI SILVIA,ristisilvia7@gmail.com,+62 895-6175-75422
3209,121 - DUKUPUNTANG,010 - DUKUPUNTANG,000400 - RT 004 RW 001 BLOK DUKUMALANG,HENI NURHAENI,hnurhaeni503@gmail.com,+62 813-2278-7754,HERIYANTO,herrycapther347@gmail.com,0
3209,121 - DUKUPUNTANG,010 - DUKUPUNTANG,000500 - RT 005 RW 002 BLOK DUKUTENGAH,HENI NURHAENI,hnurhaeni503@gmail.com,+62 813-2278-7754,KUSLADI,kusladibinsupardi@gmail.com,0
3209,121 - DUKUPUNTANG,010 - DUKUPUNTANG,000600 - RT 006 RW 002 BLOK LENGGOKO,HENI NURHAENI,hnurhaeni503@gmail.com,+62 813-2278-7754,RISTI SILVIA,ristisilvia7@gmail.com,+62 895-6175-75422
3209,121 - DUKUPUNTANG,010 - DUKUPUNTANG,000900 - RT 009 RW 003 BLOK BUNUT,HENI NURHAENI,hnurhaeni503@gmail.com,+62 813-2278-7754,HERIYANTO,herrycapther347@gmail.com,0
3209,121 - DUKUPUNTANG,010 - DUKUPUNTANG,001000 - RT 010 RW 004 BLOK PUNTANG KULON,HENI NURHAENI,hnurhaeni503@gmail.com,+62 813-2278-7754,HERIYANTO,herrycapther347@gmail.com,0
3209,121 - DUKUPUNTANG,010 - DUKUPUNTANG,001200 - RT 012 RW 004 BLOK PETUANAN,HENI NURHAENI,hnurhaeni503@gmail.com,+62 813-2278-7754,SHOPA,shopa7161@gmail.com,+62 813-2240-4745
3209,121 - DUKUPUNTANG,010 - DUKUPUNTANG,001400 - RT 014 RW 005 BLOK KRAMAT,HENI NURHAENI,hnurhaeni503@gmail.com,+62 813-2278-7754,SHOPA,shopa7161@gmail.com,+62 813-2240-4745
3209,121 - DUKUPUNTANG,010 - DUKUPUNTANG,001501 - RT 015 RW 005 BLOK KRAMAT,HENI NURHAENI,hnurhaeni503@gmail.com,+62 813-2278-7754,RISTI SILVIA,ristisilvia7@gmail.com,+62 895-6175-75422
3209,121 - DUKUPUNTANG,010 - DUKUPUNTANG,001502 - RT 015 RW 005 BLOK KRAMAT,HENI NURHAENI,hnurhaeni503@gmail.com,+62 813-2278-7754,KUSLADI,kusladibinsupardi@gmail.com,0
3209,121 - DUKUPUNTANG,010 - DUKUPUNTANG,001503 - RT 015 RW 005 BLOK KRAMAT,HENI NURHAENI,hnurhaeni503@gmail.com,+62 813-2278-7754,HERIYANTO,herrycapther347@gmail.com,0
3209,121 - DUKUPUNTANG,010 - DUKUPUNTANG,100100 - SAWAH,HENI NURHAENI,hnurhaeni503@gmail.com,+62 813-2278-7754,KUSLADI,kusladibinsupardi@gmail.com,0
3209,121 - DUKUPUNTANG,011 - CIPANAS,000500 - RT 001 RW 002 DUSUN 1,MULYADI,adie.munk@gmail.com,+62 856-2466-6688,FIDYAWATI ,vidyapull76@gmail.com,+62 838-7662-7478
3209,121 - DUKUPUNTANG,011 - CIPANAS,000600 - RT 002 RW 002 DUSUN 1,MULYADI,adie.munk@gmail.com,+62 856-2466-6688,FIDYAWATI ,vidyapull76@gmail.com,+62 838-7662-7478
3209,121 - DUKUPUNTANG,011 - CIPANAS,000700 - RT 003 RW 002 DUSUN 1,MULYADI,adie.munk@gmail.com,+62 856-2466-6688,FIDYAWATI ,vidyapull76@gmail.com,+62 838-7662-7478
3209,121 - DUKUPUNTANG,011 - CIPANAS,000800 - RT 004 RW 002 DUSUN 1,MULYADI,adie.munk@gmail.com,+62 856-2466-6688,CICIH JUWARSIH,kaduscicih@gmail.com,+62 831-0697-2801
3209,121 - DUKUPUNTANG,011 - CIPANAS,000900 - RT 001 RW 003 DUSUN 2,MULYADI,adie.munk@gmail.com,+62 856-2466-6688,CICIH JUWARSIH,kaduscicih@gmail.com,+62 831-0697-2801
3209,121 - DUKUPUNTANG,011 - CIPANAS,001000 - RT 002 RW 003 DUSUN 2,MULYADI,adie.munk@gmail.com,+62 856-2466-6688,CHRIS SHANTY PARAMITA DEWI,thedrakman86@gmail.com,+62 821-1179-7033
3209,121 - DUKUPUNTANG,011 - CIPANAS,001100 - RT 003 RW 003 DUSUN 2,MULYADI,adie.munk@gmail.com,+62 856-2466-6688,CHRIS SHANTY PARAMITA DEWI,thedrakman86@gmail.com,+62 821-1179-7033
3209,121 - DUKUPUNTANG,011 - CIPANAS,001200 - RT 001 RW 004 DUSUN 2,MULYADI,adie.munk@gmail.com,+62 856-2466-6688,CHRIS SHANTY PARAMITA DEWI,thedrakman86@gmail.com,+62 821-1179-7033
3209,121 - DUKUPUNTANG,011 - CIPANAS,001300 - RT 002 RW 004 DUSUN 2,MULYADI,adie.munk@gmail.com,+62 856-2466-6688,CHRIS SHANTY PARAMITA DEWI,thedrakman86@gmail.com,+62 821-1179-7033
3209,121 - DUKUPUNTANG,011 - CIPANAS,001400 - RT 001 RW 005 DUSUN 3,MULYADI,adie.munk@gmail.com,+62 856-2466-6688,CICIH JUWARSIH,kaduscicih@gmail.com,+62 831-0697-2801
3209,121 - DUKUPUNTANG,011 - CIPANAS,001500 - RT 002 RW 005 DUSUN 3,MULYADI,adie.munk@gmail.com,+62 856-2466-6688,CICIH JUWARSIH,kaduscicih@gmail.com,+62 831-0697-2801
3209,121 - DUKUPUNTANG,011 - CIPANAS,001600 - RT 001 RW 006 DUSUN 3,MULYADI,adie.munk@gmail.com,+62 856-2466-6688,CICIH JUWARSIH,kaduscicih@gmail.com,+62 831-0697-2801
3209,121 - DUKUPUNTANG,011 - CIPANAS,001900 - RT 001 RW 007 DUSUN 4,MULYADI,adie.munk@gmail.com,+62 856-2466-6688,FIDYAWATI ,vidyapull76@gmail.com,+62 838-7662-7478
3209,121 - DUKUPUNTANG,011 - CIPANAS,002000 - RT 002 RW 007 DUSUN 4,MULYADI,adie.munk@gmail.com,+62 856-2466-6688,FIDYAWATI ,vidyapull76@gmail.com,+62 838-7662-7478
3209,121 - DUKUPUNTANG,011 - CIPANAS,002200 - RT 004 RW 007 DUSUN 4,MULYADI,adie.munk@gmail.com,+62 856-2466-6688,BELLA SEPTU PERMATA,bellaseptu@gmail.com,+62 852-2457-6853
3209,121 - DUKUPUNTANG,011 - CIPANAS,002300 - RT 001 RW 008 DUSUN 4,MULYADI,adie.munk@gmail.com,+62 856-2466-6688,BELLA SEPTU PERMATA,bellaseptu@gmail.com,+62 852-2457-6853
3209,121 - DUKUPUNTANG,011 - CIPANAS,002500 - RT 003 RW 008 DUSUN 4,MULYADI,adie.munk@gmail.com,+62 856-2466-6688,BELLA SEPTU PERMATA,bellaseptu@gmail.com,+62 852-2457-6853
3209,121 - DUKUPUNTANG,011 - CIPANAS,002700 - RT 001 RW 009 DUSUN 5,MULYADI,adie.munk@gmail.com,+62 856-2466-6688,CHRIS SHANTY PARAMITA DEWI,thedrakman86@gmail.com,+62 821-1179-7033
3209,121 - DUKUPUNTANG,011 - CIPANAS,200100 - HUTAN GUNUNG KUDA,MULYADI,adie.munk@gmail.com,+62 856-2466-6688,CICIH JUWARSIH,kaduscicih@gmail.com,+62 831-0697-2801
3209,121 - DUKUPUNTANG,012 - GIRINATA,000100 - RT 001 RW 001 BLOK I,MULYADI,adie.munk@gmail.com,+62 856-2466-6688,CHAERUROHIM,auliani124@gmail.com,+62 085-3832-20795
3209,121 - DUKUPUNTANG,012 - GIRINATA,000200 - RT 002 RW 001 BLOK I,MULYADI,adie.munk@gmail.com,+62 856-2466-6688,CHAERUROHIM,auliani124@gmail.com,+62 085-3832-20795
3209,121 - DUKUPUNTANG,012 - GIRINATA,000300 - RT 003 RW 001 BLOK I,MULYADI,adie.munk@gmail.com,+62 856-2466-6688,CHAERUROHIM,auliani124@gmail.com,+62 085-3832-20795
3209,121 - DUKUPUNTANG,012 - GIRINATA,000400 - RT 004 RW 001 BLOK I,MULYADI,adie.munk@gmail.com,+62 856-2466-6688,CHAERUROHIM,auliani124@gmail.com,+62 085-3832-20795
3209,121 - DUKUPUNTANG,012 - GIRINATA,000700 - RT 003 RW 002 BLOK II,MULYADI,adie.munk@gmail.com,+62 856-2466-6688,HARDI ALAMSYAH,hardialamsyah24@gmail.com,+62 852-1140-4717
3209,121 - DUKUPUNTANG,012 - GIRINATA,000800 - RT 001 RW 003 BLOK III,MULYADI,adie.munk@gmail.com,+62 856-2466-6688,CHAERUROHIM,auliani124@gmail.com,+62 085-3832-20795
3209,121 - DUKUPUNTANG,012 - GIRINATA,000900 - RT 002 RW 003 BLOK III,MULYADI,adie.munk@gmail.com,+62 856-2466-6688,CHAERUROHIM,auliani124@gmail.com,+62 085-3832-20795
3209,121 - DUKUPUNTANG,012 - GIRINATA,001100 - RT 001 RW 004 BLOK IV,MULYADI,adie.munk@gmail.com,+62 856-2466-6688,CHAERUROHIM,auliani124@gmail.com,+62 085-3832-20795
3209,121 - DUKUPUNTANG,012 - GIRINATA,001300 - RT 003 RW 004 BLOK IV,MULYADI,adie.munk@gmail.com,+62 856-2466-6688,YAYI MINARSIH HANDAYANI,handayaniyayi876@gmail.com,+62 831-0073-3282
3209,121 - DUKUPUNTANG,012 - GIRINATA,001400 - RT 001 RW 005 BLOK V,MULYADI,adie.munk@gmail.com,+62 856-2466-6688,YAYI MINARSIH HANDAYANI,handayaniyayi876@gmail.com,+62 831-0073-3282
3209,121 - DUKUPUNTANG,012 - GIRINATA,001500 - RT 002 RW 005 BLOK V,MULYADI,adie.munk@gmail.com,+62 856-2466-6688,YAYI MINARSIH HANDAYANI,handayaniyayi876@gmail.com,+62 831-0073-3282
3209,121 - DUKUPUNTANG,012 - GIRINATA,001900 - RT 002 RW 006 BLOK VI,MULYADI,adie.munk@gmail.com,+62 856-2466-6688,HARDI ALAMSYAH,hardialamsyah24@gmail.com,+62 852-1140-4717
3209,121 - DUKUPUNTANG,012 - GIRINATA,100200 - SAWAH,MULYADI,adie.munk@gmail.com,+62 856-2466-6688,HARDI ALAMSYAH,hardialamsyah24@gmail.com,+62 852-1140-4717
3209,121 - DUKUPUNTANG,012 - GIRINATA,100300 - SAWAH,MULYADI,adie.munk@gmail.com,+62 856-2466-6688,HARDI ALAMSYAH,hardialamsyah24@gmail.com,+62 852-1140-4717
3209,121 - DUKUPUNTANG,013 - KEDONGDONG KIDUL,000100 - RT 001 RW 001 DUSUN I,MULYADI,adie.munk@gmail.com,+62 856-2466-6688,ERNA FEBRIANI,ernafebriani09@gmail.com,+62 813-1268-0306
3209,121 - DUKUPUNTANG,013 - KEDONGDONG KIDUL,000200 - RT 002 RW 001 DUSUN I,MULYADI,adie.munk@gmail.com,+62 856-2466-6688,ERNA FEBRIANI,ernafebriani09@gmail.com,+62 813-1268-0306
3209,121 - DUKUPUNTANG,013 - KEDONGDONG KIDUL,000300 - RT 003 RW 001 DUSUN I,MULYADI,adie.munk@gmail.com,+62 856-2466-6688,ERNA FEBRIANI,ernafebriani09@gmail.com,+62 813-1268-0306
3209,121 - DUKUPUNTANG,013 - KEDONGDONG KIDUL,000400 - RT 004 RW 001 DUSUN I,MULYADI,adie.munk@gmail.com,+62 856-2466-6688,ERNA FEBRIANI,ernafebriani09@gmail.com,+62 813-1268-0306
3209,121 - DUKUPUNTANG,013 - KEDONGDONG KIDUL,000500 - RT 005 RW 001 DUSUN I,MULYADI,adie.munk@gmail.com,+62 856-2466-6688,ERNA FEBRIANI,ernafebriani09@gmail.com,+62 813-1268-0306
3209,121 - DUKUPUNTANG,013 - KEDONGDONG KIDUL,000600 - RT 001 RW 002 DUSUN 2,MULYADI,adie.munk@gmail.com,+62 856-2466-6688,ERNA FEBRIANI,ernafebriani09@gmail.com,+62 813-1268-0306
3209,121 - DUKUPUNTANG,013 - KEDONGDONG KIDUL,000700 - RT 002 RW 002 DUSUN 2,MULYADI,adie.munk@gmail.com,+62 856-2466-6688,RUSMAN,kadusrusman19@gmail.com,+62 085-2212-33373
3209,121 - DUKUPUNTANG,013 - KEDONGDONG KIDUL,000800 - RT 003 RW 002 DUSUN 2,MULYADI,adie.munk@gmail.com,+62 856-2466-6688,RUSMAN,kadusrusman19@gmail.com,+62 085-2212-33373
3209,121 - DUKUPUNTANG,013 - KEDONGDONG KIDUL,001000 - RT 001 RW 003 DUSUN 3,MULYADI,adie.munk@gmail.com,+62 856-2466-6688,RUSMAN,kadusrusman19@gmail.com,+62 085-2212-33373
3209,121 - DUKUPUNTANG,013 - KEDONGDONG KIDUL,001100 - RT 002 RW 003 DUSUN 3,MULYADI,adie.munk@gmail.com,+62 856-2466-6688,RUSMAN,kadusrusman19@gmail.com,+62 085-2212-33373
3209,121 - DUKUPUNTANG,013 - KEDONGDONG KIDUL,001200 - RT 003 RW 003 DUSUN 3,MULYADI,adie.munk@gmail.com,+62 856-2466-6688,RUSMAN,kadusrusman19@gmail.com,+62 085-2212-33373
3209,121 - DUKUPUNTANG,013 - KEDONGDONG KIDUL,100100 - SAWAH/002P,MULYADI,adie.munk@gmail.com,+62 856-2466-6688,RUSMAN,kadusrusman19@gmail.com,+62 085-2212-33373
3209,121 - DUKUPUNTANG,013 - KEDONGDONG KIDUL,100200 - SAWAH/003P,MULYADI,adie.munk@gmail.com,+62 856-2466-6688,RUSMAN,kadusrusman19@gmail.com,+62 085-2212-33373
3209,121 - DUKUPUNTANG,013 - KEDONGDONG KIDUL,100300 - SAWAH/005P,MULYADI,adie.munk@gmail.com,+62 856-2466-6688,ERNA FEBRIANI,ernafebriani09@gmail.com,+62 813-1268-0306
3209,121 - DUKUPUNTANG,013 - KEDONGDONG KIDUL,200400 - HUTAN/010P,MULYADI,adie.munk@gmail.com,+62 856-2466-6688,ERNA FEBRIANI,ernafebriani09@gmail.com,+62 813-1268-0306
3209,130 - PALIMANAN,003 - KEPUH,000100 - RT 001 RW 001,SANUSI,sanusiusi290@gmail.com,+62 822-6283-4383,UMAR ROSYIDI,virtualdana2012@gmail.com,+62 853-1839-6998
3209,130 - PALIMANAN,003 - KEPUH,000300 - RT 003 RW 001,SANUSI,sanusiusi290@gmail.com,+62 822-6283-4383,UMAR ROSYIDI,virtualdana2012@gmail.com,+62 853-1839-6998
3209,130 - PALIMANAN,003 - KEPUH,000700 - RT 002 RW 002,SANUSI,sanusiusi290@gmail.com,+62 822-6283-4383,ALIMAN,alimanzr76@gmail.com,+62 852-2415-6518
3209,130 - PALIMANAN,003 - KEPUH,000800 - RT 003 RW 002,SANUSI,sanusiusi290@gmail.com,+62 822-6283-4383,ALIMAN,alimanzr76@gmail.com,+62 852-2415-6518
3209,130 - PALIMANAN,003 - KEPUH,001300 - RT 001 RW 008,SANUSI,sanusiusi290@gmail.com,+62 822-6283-4383,ALIMAN,alimanzr76@gmail.com,+62 852-2415-6518
3209,130 - PALIMANAN,003 - KEPUH,001700 - RT 001 RW 005,SANUSI,sanusiusi290@gmail.com,+62 822-6283-4383,MOHAMAD TOKHID,mohamadtokhid90@gmail.com,+62 852-2129-7460
3209,130 - PALIMANAN,003 - KEPUH,002000 - RT 001 RW 006,SANUSI,sanusiusi290@gmail.com,+62 822-6283-4383,ALIMAN,alimanzr76@gmail.com,+62 852-2415-6518
3209,130 - PALIMANAN,003 - KEPUH,002100 - RT 002 RW 006,SANUSI,sanusiusi290@gmail.com,+62 822-6283-4383,ALIMAN,alimanzr76@gmail.com,+62 852-2415-6518
3209,130 - PALIMANAN,003 - KEPUH,100200 - SAWAH,SANUSI,sanusiusi290@gmail.com,+62 822-6283-4383,UMAR ROSYIDI,virtualdana2012@gmail.com,+62 853-1839-6998
3209,130 - PALIMANAN,006 - CILUKRAK,000100 - RT 001 RW 001 DUSUN 01,SANUSI,sanusiusi290@gmail.com,+62 822-6283-4383,MASRUROH,masrurohcilukrak80@gmail.com,+62 853-2202-2142
3209,130 - PALIMANAN,006 - CILUKRAK,000200 - RT 002 RW 001 DUSUN 01,SANUSI,sanusiusi290@gmail.com,+62 822-6283-4383,MASRUROH,masrurohcilukrak80@gmail.com,+62 853-2202-2142
3209,130 - PALIMANAN,006 - CILUKRAK,000300 - RT 003 RW 001 DUSUN 01,SANUSI,sanusiusi290@gmail.com,+62 822-6283-4383,MASRUROH,masrurohcilukrak80@gmail.com,+62 853-2202-2142
3209,130 - PALIMANAN,006 - CILUKRAK,000400 - RT 004 RW 001 DUSUN 01,SANUSI,sanusiusi290@gmail.com,+62 822-6283-4383,SUDIRMAN,sudirmanajah12@gmail.com,+62 899-2156-523
3209,130 - PALIMANAN,006 - CILUKRAK,000500 - RT 005 RW 002 DUSUN 01,SANUSI,sanusiusi290@gmail.com,+62 822-6283-4383,MASRUROH,masrurohcilukrak80@gmail.com,+62 853-2202-2142
3209,130 - PALIMANAN,006 - CILUKRAK,000600 - RT 006 RW 002 DUSUN 01,SANUSI,sanusiusi290@gmail.com,+62 822-6283-4383,MASRUROH,masrurohcilukrak80@gmail.com,+62 853-2202-2142
3209,130 - PALIMANAN,006 - CILUKRAK,000700 - RT 007 RW 002 DUSUN 02,SANUSI,sanusiusi290@gmail.com,+62 822-6283-4383,SUDIRMAN,sudirmanajah12@gmail.com,+62 899-2156-523
3209,130 - PALIMANAN,006 - CILUKRAK,000800 - RT 008 RW 002 DUSUN 02,SANUSI,sanusiusi290@gmail.com,+62 822-6283-4383,SUDIRMAN,sudirmanajah12@gmail.com,+62 899-2156-523
3209,130 - PALIMANAN,006 - CILUKRAK,000900 - RT 009 RW 003 DUSUN 02,SANUSI,sanusiusi290@gmail.com,+62 822-6283-4383,SUDIRMAN,sudirmanajah12@gmail.com,+62 899-2156-523
3209,130 - PALIMANAN,006 - CILUKRAK,001000 - RT 010 RW 003 DUSUN 02,SANUSI,sanusiusi290@gmail.com,+62 822-6283-4383,SUDIRMAN,sudirmanajah12@gmail.com,+62 899-2156-523
3209,130 - PALIMANAN,006 - CILUKRAK,001100 - RT 011 RW 003 DUSUN 02,SANUSI,sanusiusi290@gmail.com,+62 822-6283-4383,MASRUROH,masrurohcilukrak80@gmail.com,+62 853-2202-2142
3209,130 - PALIMANAN,006 - CILUKRAK,001200 - RT 012 RW 003 DUSUN 02,SANUSI,sanusiusi290@gmail.com,+62 822-6283-4383,SUDIRMAN,sudirmanajah12@gmail.com,+62 899-2156-523
3209,130 - PALIMANAN,006 - CILUKRAK,100100 - SAWAH,SANUSI,sanusiusi290@gmail.com,+62 822-6283-4383,SUDIRMAN,sudirmanajah12@gmail.com,+62 899-2156-523
3209,130 - PALIMANAN,007 - BALERANTE,000300 - RT 003 RW 002,HADI,beberanhadi@gmail.com,+62 822-1538-0743,HABIBURROHMAN,habibburrohman621@gmail.com,+62 857-2072-9868
3209,130 - PALIMANAN,007 - BALERANTE,000500 - RT 005 RW 003,HADI,beberanhadi@gmail.com,+62 822-1538-0743,SUTARNO ,hawatano51@gmail.com,+62 895-4053-74325
3209,130 - PALIMANAN,007 - BALERANTE,000600 - RT 006 RW 003,HADI,beberanhadi@gmail.com,+62 822-1538-0743,SUTARNO ,hawatano51@gmail.com,+62 895-4053-74325
3209,130 - PALIMANAN,007 - BALERANTE,000700 - RT 007 RW 004,HADI,beberanhadi@gmail.com,+62 822-1538-0743,SUTARNO ,hawatano51@gmail.com,+62 895-4053-74325
3209,130 - PALIMANAN,007 - BALERANTE,000800 - RT 008 RW 004,HADI,beberanhadi@gmail.com,+62 822-1538-0743,SHOFIYUDIN,syudin319@gmail.com,+62 896-3990-4487
3209,130 - PALIMANAN,007 - BALERANTE,000900 - RT 009 RW 005,HADI,beberanhadi@gmail.com,+62 822-1538-0743,SHOFIYUDIN,syudin319@gmail.com,+62 896-3990-4487
3209,130 - PALIMANAN,007 - BALERANTE,001000 - RT 010 RW 005,HADI,beberanhadi@gmail.com,+62 822-1538-0743,SHOFIYUDIN,syudin319@gmail.com,+62 896-3990-4487
3209,130 - PALIMANAN,007 - BALERANTE,001100 - RT 011 RW 006,HADI,beberanhadi@gmail.com,+62 822-1538-0743,SHOFIYUDIN,syudin319@gmail.com,+62 896-3990-4487
3209,130 - PALIMANAN,007 - BALERANTE,001200 - RT 012 RW 006,HADI,beberanhadi@gmail.com,+62 822-1538-0743,SHOFIYUDIN,syudin319@gmail.com,+62 896-3990-4487
3209,130 - PALIMANAN,008 - PANONGAN,000100 - RT 001 RW 001 DUSUN I,HADI,beberanhadi@gmail.com,+62 822-1538-0743,VANY AGUSTIANY,ayenkareni360@gmail.com,+62 895-1859-9994
3209,130 - PALIMANAN,008 - PANONGAN,000200 - RT 002 RW 001 DUSUN I,HADI,beberanhadi@gmail.com,+62 822-1538-0743,VANY AGUSTIANY,ayenkareni360@gmail.com,+62 895-1859-9994
3209,130 - PALIMANAN,008 - PANONGAN,000300 - RT 003 RW 001 DUSUN I,HADI,beberanhadi@gmail.com,+62 822-1538-0743,VANY AGUSTIANY,ayenkareni360@gmail.com,+62 895-1859-9994
3209,130 - PALIMANAN,008 - PANONGAN,000400 - RT 004 RW 001 DUSUN I,HADI,beberanhadi@gmail.com,+62 822-1538-0743,VANY AGUSTIANY,ayenkareni360@gmail.com,+62 895-1859-9994
3209,130 - PALIMANAN,008 - PANONGAN,000500 - RT 001 RW 002 DUSUN I,HADI,beberanhadi@gmail.com,+62 822-1538-0743,VANY AGUSTIANY,ayenkareni360@gmail.com,+62 895-1859-9994
3209,130 - PALIMANAN,008 - PANONGAN,000600 - RT 002 RW 002 DUSUN I,HADI,beberanhadi@gmail.com,+62 822-1538-0743,VANY AGUSTIANY,ayenkareni360@gmail.com,+62 895-1859-9994
3209,130 - PALIMANAN,008 - PANONGAN,000700 - RT 003 RW 002 DUSUN I,HADI,beberanhadi@gmail.com,+62 822-1538-0743,AULIA FITRI RAHMANIA,auliafitrri@gmail.com,+62 856-9275-0129
3209,130 - PALIMANAN,008 - PANONGAN,000800 - RT 004 RW 002 DUSUN I,HADI,beberanhadi@gmail.com,+62 822-1538-0743,AFIFATUS SHOLIKHA ,afifahpipitsholikha@gmail.com,0
3209,130 - PALIMANAN,008 - PANONGAN,000900 - RT 001 RW 003 DUSUN I,HADI,beberanhadi@gmail.com,+62 822-1538-0743,AULIA FITRI RAHMANIA,auliafitrri@gmail.com,+62 856-9275-0129
3209,130 - PALIMANAN,008 - PANONGAN,001100 - RT 003 RW 003 DUSUN I,HADI,beberanhadi@gmail.com,+62 822-1538-0743,AULIA FITRI RAHMANIA,auliafitrri@gmail.com,+62 856-9275-0129
3209,130 - PALIMANAN,008 - PANONGAN,001300 - RT 001 RW 004 DUSUN II,HADI,beberanhadi@gmail.com,+62 822-1538-0743,AULIA FITRI RAHMANIA,auliafitrri@gmail.com,+62 856-9275-0129
3209,130 - PALIMANAN,008 - PANONGAN,001400 - RT 002 RW 004 DUSUN II,HADI,beberanhadi@gmail.com,+62 822-1538-0743,VANY AGUSTIANY,ayenkareni360@gmail.com,+62 895-1859-9994
3209,130 - PALIMANAN,008 - PANONGAN,001500 - RT 003 RW 004 DUSUN II,HADI,beberanhadi@gmail.com,+62 822-1538-0743,AYUNDA GANESHA GITA,neshagita04@gmail.com,+62 813-2096-423
3209,130 - PALIMANAN,008 - PANONGAN,001900 - RT 003 RW 005 DUSUN II,HADI,beberanhadi@gmail.com,+62 822-1538-0743,AYUNDA GANESHA GITA,neshagita04@gmail.com,+62 813-2096-423
3209,130 - PALIMANAN,008 - PANONGAN,002000 - RT 004 RW 005 DUSUN II,HADI,beberanhadi@gmail.com,+62 822-1538-0743,AYUNDA GANESHA GITA,neshagita04@gmail.com,+62 813-2096-423
3209,130 - PALIMANAN,008 - PANONGAN,002100 - RT 001 RW 006 DUSUN II,HADI,beberanhadi@gmail.com,+62 822-1538-0743,AFIFATUS SHOLIKHA ,afifahpipitsholikha@gmail.com,0
3209,130 - PALIMANAN,008 - PANONGAN,002200 - RT 002 RW 006 DUSUN II,HADI,beberanhadi@gmail.com,+62 822-1538-0743,AFIFATUS SHOLIKHA ,afifahpipitsholikha@gmail.com,0
3209,130 - PALIMANAN,008 - PANONGAN,002300 - RT 003 RW 006 DUSUN II,HADI,beberanhadi@gmail.com,+62 822-1538-0743,AFIFATUS SHOLIKHA ,afifahpipitsholikha@gmail.com,0
3209,130 - PALIMANAN,008 - PANONGAN,002400 - RT 004 RW 006 DUSUN II,HADI,beberanhadi@gmail.com,+62 822-1538-0743,AFIFATUS SHOLIKHA ,afifahpipitsholikha@gmail.com,0
3209,130 - PALIMANAN,008 - PANONGAN,002500 - RT 005 RW 006 DUSUN II,HADI,beberanhadi@gmail.com,+62 822-1538-0743,AFIFATUS SHOLIKHA ,afifahpipitsholikha@gmail.com,0
3209,130 - PALIMANAN,008 - PANONGAN,002600 - RT 006 RW 006 DUSUN II,HADI,beberanhadi@gmail.com,+62 822-1538-0743,AFIFATUS SHOLIKHA ,afifahpipitsholikha@gmail.com,0
3209,130 - PALIMANAN,009 - BEBERAN,000200 - RT 002 RW 001 DUSUN BERAN,HADI,beberanhadi@gmail.com,+62 822-1538-0743,AAN NURIAH,aannuriah61@gmail.com,+62 853-2016-5386
3209,130 - PALIMANAN,009 - BEBERAN,000300 - RT 003 RW 001 DUSUN BERAN,HADI,beberanhadi@gmail.com,+62 822-1538-0743,AAN NURIAH,aannuriah61@gmail.com,+62 853-2016-5386
3209,130 - PALIMANAN,009 - BEBERAN,000400 - RT 004 RW 001 DUSUN BERAN,HADI,beberanhadi@gmail.com,+62 822-1538-0743,AAN NURIAH,aannuriah61@gmail.com,+62 853-2016-5386
3209,130 - PALIMANAN,009 - BEBERAN,000500 - RT 005 RW 002 DUSUN KEDUNG DADAP,HADI,beberanhadi@gmail.com,+62 822-1538-0743,AYUNI,ayyuniachmad@gmail.com,+62 831-4422-6884
3209,130 - PALIMANAN,009 - BEBERAN,000600 - RT 006 RW 002 DUSUN KEUNG DADAP,HADI,beberanhadi@gmail.com,+62 822-1538-0743,AYUNI,ayyuniachmad@gmail.com,+62 831-4422-6884
3209,130 - PALIMANAN,009 - BEBERAN,000700 - RT 007 RW 002 DUSUN KEDUNG DADAP,HADI,beberanhadi@gmail.com,+62 822-1538-0743,SITI FATIMAH,sifat050378@gmail.com,0
3209,130 - PALIMANAN,009 - BEBERAN,000800 - RT 008 RW 002 DUSUN KEDUNG DADAP,HADI,beberanhadi@gmail.com,+62 822-1538-0743,AYUNI,ayyuniachmad@gmail.com,+62 831-4422-6884
3209,130 - PALIMANAN,009 - BEBERAN,001100 - RT 011 RW 003 DUSUN KEDUNG DADAP,HADI,beberanhadi@gmail.com,+62 822-1538-0743,SITI FATIMAH,sifat050378@gmail.com,0
3209,130 - PALIMANAN,010 - SEMPLO,000100 - RT 001 RW 002,HADI,beberanhadi@gmail.com,+62 822-1538-0743,AYUNDA GANESHA GITA,neshagita04@gmail.com,+62 813-2096-423
3209,130 - PALIMANAN,010 - SEMPLO,000200 - RT 002 RW 001,HADI,beberanhadi@gmail.com,+62 822-1538-0743,AYUNDA GANESHA GITA,neshagita04@gmail.com,+62 813-2096-423
3209,130 - PALIMANAN,010 - SEMPLO,000301 - RT 003 RW 001,SANUSI,sanusiusi290@gmail.com,+62 822-6283-4383,URWATUL WUSTQO,wustqo.aja@gmail.com,+62 831-8205-6635
3209,130 - PALIMANAN,010 - SEMPLO,000302 - RT 003 RW 001,SANUSI,sanusiusi290@gmail.com,+62 822-6283-4383,URWATUL WUSTQO,wustqo.aja@gmail.com,+62 831-8205-6635
3209,130 - PALIMANAN,010 - SEMPLO,000400 - RT 001 RW 001,SANUSI,sanusiusi290@gmail.com,+62 822-6283-4383,JAMALUDIN,djamaloedin23@gmail.com,+62 823-2133-2313
3209,130 - PALIMANAN,010 - SEMPLO,000700 - RT 001 RW 003,SANUSI,sanusiusi290@gmail.com,+62 822-6283-4383,JAMALUDIN,djamaloedin23@gmail.com,+62 823-2133-2313
3209,130 - PALIMANAN,010 - SEMPLO,000800 - RT 002 RW 003,SANUSI,sanusiusi290@gmail.com,+62 822-6283-4383,JAMALUDIN,djamaloedin23@gmail.com,+62 823-2133-2313
3209,130 - PALIMANAN,010 - SEMPLO,000900 - RT 003 RW 003,SANUSI,sanusiusi290@gmail.com,+62 822-6283-4383,JAMALUDIN,djamaloedin23@gmail.com,+62 823-2133-2313
3209,130 - PALIMANAN,010 - SEMPLO,001000 - RT 001 RW 004,SANUSI,sanusiusi290@gmail.com,+62 822-6283-4383,JAMALUDIN,djamaloedin23@gmail.com,+62 823-2133-2313
3209,130 - PALIMANAN,010 - SEMPLO,001100 - RT 002 RW 004,SANUSI,sanusiusi290@gmail.com,+62 822-6283-4383,JAMALUDIN,djamaloedin23@gmail.com,+62 823-2133-2313
3209,130 - PALIMANAN,010 - SEMPLO,001200 - RT 003 RW 004,SANUSI,sanusiusi290@gmail.com,+62 822-6283-4383,JAMALUDIN,djamaloedin23@gmail.com,+62 823-2133-2313
3209,130 - PALIMANAN,010 - SEMPLO,001400 - RT 002 RW 005,SANUSI,sanusiusi290@gmail.com,+62 822-6283-4383,URWATUL WUSTQO,wustqo.aja@gmail.com,+62 831-8205-6635
3209,130 - PALIMANAN,011 - PALIMANAN TIMUR,000104 - RT 001 RW 001 DUSUN 01,ADE RAHMAWATI,aderahmawati@unwir.ac.id,+62 819-0421-7452,AGUS SUMARTONO ,sumartonoagus66@gmail.com,+62 838-2455-7489
3209,130 - PALIMANAN,011 - PALIMANAN TIMUR,000300 - RT 003 RW 001 DUSUN 01,ADE RAHMAWATI,aderahmawati@unwir.ac.id,+62 819-0421-7452,DEWI FAJRIYAH,dewi.fajriyah18@gmail.com,+62 822-4429-6512
3209,130 - PALIMANAN,011 - PALIMANAN TIMUR,000500 - RT 005 RW 002 DUSUN 02,ADE RAHMAWATI,aderahmawati@unwir.ac.id,+62 819-0421-7452,DEWI FAJRIYAH,dewi.fajriyah18@gmail.com,+62 822-4429-6512
3209,130 - PALIMANAN,011 - PALIMANAN TIMUR,000700 - RT 007 RW 002 DUSUN 02,ADE RAHMAWATI,aderahmawati@unwir.ac.id,+62 819-0421-7452,DEWI FAJRIYAH,dewi.fajriyah18@gmail.com,+62 822-4429-6512
3209,130 - PALIMANAN,011 - PALIMANAN TIMUR,000800 - RT 008 RW 003 DUSUN 02,ADE RAHMAWATI,aderahmawati@unwir.ac.id,+62 819-0421-7452,DEWI FAJRIYAH,dewi.fajriyah18@gmail.com,+62 822-4429-6512
3209,130 - PALIMANAN,011 - PALIMANAN TIMUR,000900 - RT 009 RW 003 DUSUN 02,ADE RAHMAWATI,aderahmawati@unwir.ac.id,+62 819-0421-7452,DEWI FAJRIYAH,dewi.fajriyah18@gmail.com,+62 822-4429-6512
3209,130 - PALIMANAN,011 - PALIMANAN TIMUR,001000 - RT 010 RW 003 DUSUN 02,ADE RAHMAWATI,aderahmawati@unwir.ac.id,+62 819-0421-7452,DEWI FAJRIYAH,dewi.fajriyah18@gmail.com,+62 822-4429-6512
3209,130 - PALIMANAN,011 - PALIMANAN TIMUR,001200 - RT 012 RW 004 DUSUN 01,ADE RAHMAWATI,aderahmawati@unwir.ac.id,+62 819-0421-7452,DWININGTYAS DHEA FATMANINGRUM,ngtysdhea@gmail.com,+62 851-5615-8362
3209,130 - PALIMANAN,011 - PALIMANAN TIMUR,001500 - RT 015 RW 005 DUSUN 03,ADE RAHMAWATI,aderahmawati@unwir.ac.id,+62 819-0421-7452,DWININGTYAS DHEA FATMANINGRUM,ngtysdhea@gmail.com,+62 851-5615-8362
3209,130 - PALIMANAN,011 - PALIMANAN TIMUR,001900 - RT 019 RW 007 DUSUN 04,ADE RAHMAWATI,aderahmawati@unwir.ac.id,+62 819-0421-7452,INDAH DWI KURNIAWATI,indahdwik.99@gmail.com,+62 857-9913-5295
3209,130 - PALIMANAN,014 - PEGAGAN,000100 - RT 001 RW 001 DUSUN I,JENI,jenipelor0@gmail.com,0,MUHAMMAD AMIN MUBAROK,m.amin020200@gmail.com,+62 089-9773-4467
3209,130 - PALIMANAN,014 - PEGAGAN,000200 - RT 002 RW 001 DUSUN I,JENI,jenipelor0@gmail.com,0,MUHAMMAD AMIN MUBAROK,m.amin020200@gmail.com,+62 089-9773-4467
3209,130 - PALIMANAN,014 - PEGAGAN,000300 - RT 003 RW 001 DUSUN I,JENI,jenipelor0@gmail.com,0,INDAH ROSMAWATI,amyindah21@gmail.com,+62 896-4356-8277
3209,130 - PALIMANAN,014 - PEGAGAN,000400 - RT 004 RW 001 DUSUN I,JENI,jenipelor0@gmail.com,0,INDAH ROSMAWATI,amyindah21@gmail.com,+62 896-4356-8277
3209,130 - PALIMANAN,014 - PEGAGAN,000700 - RT 001 RW 002 DUSUN II,JENI,jenipelor0@gmail.com,0,INDAH ROSMAWATI,amyindah21@gmail.com,+62 896-4356-8277
3209,130 - PALIMANAN,014 - PEGAGAN,000800 - RT 002 RW 002 DUSUN II,JENI,jenipelor0@gmail.com,0,INDAH ROSMAWATI,amyindah21@gmail.com,+62 896-4356-8277
3209,130 - PALIMANAN,014 - PEGAGAN,001000 - RT 001 RW 003 DUSUN II,JENI,jenipelor0@gmail.com,0,ZULFA ULWIYYAH,zulfaulwiyyah29@gmail.com,+62 896-6717-2643
3209,130 - PALIMANAN,014 - PEGAGAN,001100 - RT 002 RW 003 DUSUN II,JENI,jenipelor0@gmail.com,0,AKROM,cirebonoppo19@gmail.com,0
3209,130 - PALIMANAN,014 - PEGAGAN,001200 - RT 003 RW 003 DUSUN II,JENI,jenipelor0@gmail.com,0,AKROM,cirebonoppo19@gmail.com,0
3209,130 - PALIMANAN,014 - PEGAGAN,001600 - RT 004 RW 004 DUSUN III,JENI,jenipelor0@gmail.com,0,AKROM,cirebonoppo19@gmail.com,0
3209,130 - PALIMANAN,014 - PEGAGAN,001700 - RT 001 RW 005 DUSUN III,JENI,jenipelor0@gmail.com,0,INDAH ROSMAWATI,amyindah21@gmail.com,+62 896-4356-8277
3209,130 - PALIMANAN,014 - PEGAGAN,002600 - RT 003 RW 007 DUSUN IV,JENI,jenipelor0@gmail.com,0,ANGGARA RIZKY AGUNG,raykakaslana@gmail.com,0
3209,130 - PALIMANAN,014 - PEGAGAN,002700 - RT 004 RW 007 DUSUN IV,JENI,jenipelor0@gmail.com,0,ANGGARA RIZKY AGUNG,raykakaslana@gmail.com,0
3209,130 - PALIMANAN,015 - LUNGBENDA,000100 - RT 001 RW 001,SUPARTO,supartodwicahyo01@gmail.com,+62 877-2907-7644,SODIKIN,thekiencherbond@gmail.com,+62 857-2434-4420
3209,130 - PALIMANAN,015 - LUNGBENDA,000200 - RT 002 RW 001,SUPARTO,supartodwicahyo01@gmail.com,+62 877-2907-7644,SODIKIN,thekiencherbond@gmail.com,+62 857-2434-4420
3209,130 - PALIMANAN,015 - LUNGBENDA,000300 - RT 003 RW 001,SUPARTO,supartodwicahyo01@gmail.com,+62 877-2907-7644,MUKHAMAD KURNIA PAMUNGKAS,kpamungkas43@gmail.com,+62 896-7411-8735
3209,130 - PALIMANAN,015 - LUNGBENDA,000400 - RT 004 RW 001,SUPARTO,supartodwicahyo01@gmail.com,+62 877-2907-7644,MUKHAMAD KURNIA PAMUNGKAS,kpamungkas43@gmail.com,+62 896-7411-8735
3209,130 - PALIMANAN,015 - LUNGBENDA,000500 - RT 005 RW 002,SUPARTO,supartodwicahyo01@gmail.com,+62 877-2907-7644,MUKHAMAD KURNIA PAMUNGKAS,kpamungkas43@gmail.com,+62 896-7411-8735
3209,130 - PALIMANAN,015 - LUNGBENDA,000600 - RT 006 RW 002,SUPARTO,supartodwicahyo01@gmail.com,+62 877-2907-7644,MUKHAMAD KURNIA PAMUNGKAS,kpamungkas43@gmail.com,+62 896-7411-8735
3209,130 - PALIMANAN,015 - LUNGBENDA,000700 - RT 007 RW 002,SUPARTO,supartodwicahyo01@gmail.com,+62 877-2907-7644,SODIKIN,thekiencherbond@gmail.com,+62 857-2434-4420
3209,130 - PALIMANAN,015 - LUNGBENDA,000800 - RT 008 RW 002,SUPARTO,supartodwicahyo01@gmail.com,+62 877-2907-7644,SODIKIN,thekiencherbond@gmail.com,+62 857-2434-4420
3209,130 - PALIMANAN,015 - LUNGBENDA,000900 - RT 009 RW 003,SUPARTO,supartodwicahyo01@gmail.com,+62 877-2907-7644,SODIKIN,thekiencherbond@gmail.com,+62 857-2434-4420
3209,130 - PALIMANAN,015 - LUNGBENDA,001000 - RT 010 RW 003,SUPARTO,supartodwicahyo01@gmail.com,+62 877-2907-7644,SODIKIN,thekiencherbond@gmail.com,+62 857-2434-4420
3209,130 - PALIMANAN,015 - LUNGBENDA,001100 - RT 011 RW 003,SUPARTO,supartodwicahyo01@gmail.com,+62 877-2907-7644,MUKHAMAD KURNIA PAMUNGKAS,kpamungkas43@gmail.com,+62 896-7411-8735
3209,130 - PALIMANAN,015 - LUNGBENDA,001300 - RT 013 RW 004,SUPARTO,supartodwicahyo01@gmail.com,+62 877-2907-7644,KENEDI,kenediazril37@gmail.com,+62 895-8043-97213
3209,130 - PALIMANAN,015 - LUNGBENDA,001400 - RT 014 RW 004,SUPARTO,supartodwicahyo01@gmail.com,+62 877-2907-7644,KENEDI,kenediazril37@gmail.com,+62 895-8043-97213
3209,130 - PALIMANAN,015 - LUNGBENDA,001500 - RT 015 RW 004,SUPARTO,supartodwicahyo01@gmail.com,+62 877-2907-7644,KENEDI,kenediazril37@gmail.com,+62 895-8043-97213
3209,130 - PALIMANAN,015 - LUNGBENDA,001600 - RT 016 RW 004,SUPARTO,supartodwicahyo01@gmail.com,+62 877-2907-7644,KENEDI,kenediazril37@gmail.com,+62 895-8043-97213
3209,130 - PALIMANAN,016 - CIAWI,000200 - RT 002 RW 001 DUSUN I,HADI,beberanhadi@gmail.com,+62 822-1538-0743,SUTARNO ,hawatano51@gmail.com,+62 895-4053-74325
3209,130 - PALIMANAN,016 - CIAWI,000500 - RT 005 RW 002 DUSUN II,ADE RAHMAWATI,aderahmawati@unwir.ac.id,+62 819-0421-7452,INDRIANI,ayakacantik55@gmail.com,+62 089-5076-36170
3209,130 - PALIMANAN,016 - CIAWI,000700 - RT 007 RW 002 DUSUN II,ADE RAHMAWATI,aderahmawati@unwir.ac.id,+62 819-0421-7452,INDRIANI,ayakacantik55@gmail.com,+62 089-5076-36170
3209,130 - PALIMANAN,016 - CIAWI,000800 - RT 008 RW 002 DUSUN II,ADE RAHMAWATI,aderahmawati@unwir.ac.id,+62 819-0421-7452,INDRIANI,ayakacantik55@gmail.com,+62 089-5076-36170
3209,130 - PALIMANAN,016 - CIAWI,001200 - RT 012 RW 003 DUSUN III,ADE RAHMAWATI,aderahmawati@unwir.ac.id,+62 819-0421-7452,INDRIANI,ayakacantik55@gmail.com,+62 089-5076-36170
3209,130 - PALIMANAN,016 - CIAWI,001300 - RT 013 RW 004 DUSUN IV,ADE RAHMAWATI,aderahmawati@unwir.ac.id,+62 819-0421-7452,INDRIANI,ayakacantik55@gmail.com,+62 089-5076-36170
3209,130 - PALIMANAN,016 - CIAWI,001401 - RT 014 RW 004 DUSUN IV,ADE RAHMAWATI,aderahmawati@unwir.ac.id,+62 819-0421-7452,SUHENDRI,hendribinkand@gmail.com,+62 812-8801-0118_
3209,130 - PALIMANAN,016 - CIAWI,001402 - RT 014 RW 004 DUSUN IV,ADE RAHMAWATI,aderahmawati@unwir.ac.id,+62 819-0421-7452,SUHENDRI,hendribinkand@gmail.com,+62 812-8801-0118_
3209,130 - PALIMANAN,017 - CENGKUANG,000200 - RT 002 RW 001 DUSUN I RUMALANG,SUPARTO,supartodwicahyo01@gmail.com,+62 877-2907-7644,HANIFAH,halimahsoerwardi@gmail.com,+62 821-3095-5837
3209,130 - PALIMANAN,017 - CENGKUANG,000500 - RT 005 RW 002 DUSUN SETU,SUPARTO,supartodwicahyo01@gmail.com,+62 877-2907-7644,HANIFAH,halimahsoerwardi@gmail.com,+62 821-3095-5837
3209,130 - PALIMANAN,017 - CENGKUANG,001700 - RT 017 RW 007 DUSUN IV RAMPING,SUPARTO,supartodwicahyo01@gmail.com,+62 877-2907-7644,SUGIONO,ugi020215@gmail.com,+62 821-1747-1611
3209,130 - PALIMANAN,017 - CENGKUANG,001800 - RT 018 RW 007 DUSUN IV RAMPING,SUPARTO,supartodwicahyo01@gmail.com,+62 877-2907-7644,SUGIONO,ugi020215@gmail.com,+62 821-1747-1611
3209,130 - PALIMANAN,017 - CENGKUANG,002000 - RT 020 RW 008 DUSUN KEDONGDONG,SUPARTO,supartodwicahyo01@gmail.com,+62 877-2907-7644,HANIFAH,halimahsoerwardi@gmail.com,+62 821-3095-5837
3209,130 - PALIMANAN,017 - CENGKUANG,002100 - RT 021 RW 008 DUSUN KEDONGDONG,SUPARTO,supartodwicahyo01@gmail.com,+62 877-2907-7644,HANIFAH,halimahsoerwardi@gmail.com,+62 821-3095-5837
3209,130 - PALIMANAN,018 - TEGALKARANG,000100 - RT 001 RW 001 DUSUN I,SUPARTO,supartodwicahyo01@gmail.com,+62 877-2907-7644,RISMA,rismarsld653@gmail.com,+62 822-1719-6919
3209,130 - PALIMANAN,018 - TEGALKARANG,000200 - RT 002 RW 001 DUSUN I,SUPARTO,supartodwicahyo01@gmail.com,+62 877-2907-7644,RISMA,rismarsld653@gmail.com,+62 822-1719-6919
3209,130 - PALIMANAN,018 - TEGALKARANG,000400 - RT 004 RW 002 DUSUN I,SUPARTO,supartodwicahyo01@gmail.com,+62 877-2907-7644,RISMA,rismarsld653@gmail.com,+62 822-1719-6919
3209,130 - PALIMANAN,018 - TEGALKARANG,000500 - RT 001 RW 003 DUSUN II,SUPARTO,supartodwicahyo01@gmail.com,+62 877-2907-7644,RISMA,rismarsld653@gmail.com,+62 822-1719-6919
3209,130 - PALIMANAN,018 - TEGALKARANG,000900 - RT 001 RW 005 DUSUN III,SUPARTO,supartodwicahyo01@gmail.com,+62 877-2907-7644,PUTRI NOVIYANTI,puputn44@gmail.com,+62 897-7050-445
3209,130 - PALIMANAN,018 - TEGALKARANG,001100 - RT 003 RW 006 DUSUN III,SUPARTO,supartodwicahyo01@gmail.com,+62 877-2907-7644,SAMIRA,mandorsamira5@gmail.com,+62 823-1333-8994
3209,130 - PALIMANAN,018 - TEGALKARANG,001200 - RT 004 RW 006 DUSUN III,SUPARTO,supartodwicahyo01@gmail.com,+62 877-2907-7644,SAMIRA,mandorsamira5@gmail.com,+62 823-1333-8994
3209,130 - PALIMANAN,018 - TEGALKARANG,001300 - RT 001 RW 007 DUSUN IV,SUPARTO,supartodwicahyo01@gmail.com,+62 877-2907-7644,SAMIRA,mandorsamira5@gmail.com,+62 823-1333-8994
3209,130 - PALIMANAN,018 - TEGALKARANG,001400 - RT 002 RW 007 DUSUN IV,SUPARTO,supartodwicahyo01@gmail.com,+62 877-2907-7644,SAMIRA,mandorsamira5@gmail.com,+62 823-1333-8994
3209,130 - PALIMANAN,018 - TEGALKARANG,001600 - RT 004 RW 008 DUSUN IV,SUPARTO,supartodwicahyo01@gmail.com,+62 877-2907-7644,SAMIRA,mandorsamira5@gmail.com,+62 823-1333-8994
3209,140 - PLUMBON,006 - CEMPAKA,000100 - RT 001 RW 001,AGUNG RIYADI,agungriyadi614@gmail.com,+62 821-2130-6188,ABDUL AZIZ,azis30667@gmail.com,+62 821-3095-9723
3209,140 - PLUMBON,006 - CEMPAKA,000200 - RT 002 RW 001,AGUNG RIYADI,agungriyadi614@gmail.com,+62 821-2130-6188,ABDUL AZIZ,azis30667@gmail.com,+62 821-3095-9723
3209,140 - PLUMBON,006 - CEMPAKA,000300 - RT 003 RW 001,AGUNG RIYADI,agungriyadi614@gmail.com,+62 821-2130-6188,ABDUL AZIZ,azis30667@gmail.com,+62 821-3095-9723
3209,140 - PLUMBON,006 - CEMPAKA,000400 - RT 001 RW 002,AGUNG RIYADI,agungriyadi614@gmail.com,+62 821-2130-6188,RIZAL PAHLAWAN,rizalpahlawan25@gmail.com,+62 851-4327-4696
3209,140 - PLUMBON,006 - CEMPAKA,000500 - RT 002 RW 002,AGUNG RIYADI,agungriyadi614@gmail.com,+62 821-2130-6188,RIZAL PAHLAWAN,rizalpahlawan25@gmail.com,+62 851-4327-4696
3209,140 - PLUMBON,006 - CEMPAKA,000600 - RT 003 RW 002,AGUNG RIYADI,agungriyadi614@gmail.com,+62 821-2130-6188,RIZAL PAHLAWAN,rizalpahlawan25@gmail.com,+62 851-4327-4696
3209,140 - PLUMBON,006 - CEMPAKA,000700 - RT 004 RW 002,AGUNG RIYADI,agungriyadi614@gmail.com,+62 821-2130-6188,RIZAL PAHLAWAN,rizalpahlawan25@gmail.com,+62 851-4327-4696
3209,140 - PLUMBON,006 - CEMPAKA,000800 - RT 001 RW 003,AGUNG RIYADI,agungriyadi614@gmail.com,+62 821-2130-6188,SUKRIYA,sukriyaprabu74@gmail.com,+62 812-8693-7171
3209,140 - PLUMBON,006 - CEMPAKA,000900 - RT 002 RW 003,KARNAWI,karnawilebe@gmail.com,+62 853-2497-8484,RAIHAN RIZIQ,riziq616@gmail.com,+62 821-1726-7772
3209,140 - PLUMBON,006 - CEMPAKA,001100 - RT 004 RW 003,KARNAWI,karnawilebe@gmail.com,+62 853-2497-8484,RAIHAN RIZIQ,riziq616@gmail.com,+62 821-1726-7772
3209,140 - PLUMBON,006 - CEMPAKA,001200 - RT 001 RW 004,AGUNG RIYADI,agungriyadi614@gmail.com,+62 821-2130-6188,SUKRIYA,sukriyaprabu74@gmail.com,+62 812-8693-7171
3209,140 - PLUMBON,006 - CEMPAKA,001300 - RT 002 RW 004,AGUNG RIYADI,agungriyadi614@gmail.com,+62 821-2130-6188,SUKRIYA,sukriyaprabu74@gmail.com,+62 812-8693-7171
3209,140 - PLUMBON,006 - CEMPAKA,001400 - RT 003 RW 004,AGUNG RIYADI,agungriyadi614@gmail.com,+62 821-2130-6188,SUKRIYA,sukriyaprabu74@gmail.com,+62 812-8693-7171
3209,140 - PLUMBON,006 - CEMPAKA,001900 - RT 002 RW 006,AGUNG RIYADI,agungriyadi614@gmail.com,+62 821-2130-6188,ALVINA WIDYARTIKA,awidyartika@gmail.com,+62 896-3962-1221
3209,140 - PLUMBON,006 - CEMPAKA,002100 - RT 001 RW 007,AGUNG RIYADI,agungriyadi614@gmail.com,+62 821-2130-6188,TRIO SETIAWAN,triobumi123@gmail.com,+62 852-1178-1924
3209,140 - PLUMBON,006 - CEMPAKA,002200 - RT 002 RW 007,AGUNG RIYADI,agungriyadi614@gmail.com,+62 821-2130-6188,TRIO SETIAWAN,triobumi123@gmail.com,+62 852-1178-1924
3209,140 - PLUMBON,006 - CEMPAKA,002300 - RT 001 RW 008,AGUNG RIYADI,agungriyadi614@gmail.com,+62 821-2130-6188,TRIO SETIAWAN,triobumi123@gmail.com,+62 852-1178-1924
3209,140 - PLUMBON,006 - CEMPAKA,002400 - RT 002 RW 008,AGUNG RIYADI,agungriyadi614@gmail.com,+62 821-2130-6188,TRIO SETIAWAN,triobumi123@gmail.com,+62 852-1178-1924
3209,140 - PLUMBON,006 - CEMPAKA,002600 - RT 004 RW 008,AGUNG RIYADI,agungriyadi614@gmail.com,+62 821-2130-6188,TRIO SETIAWAN,triobumi123@gmail.com,+62 852-1178-1924
3209,140 - PLUMBON,006 - CEMPAKA,002700 - RT 005 RW 008,AGUNG RIYADI,agungriyadi614@gmail.com,+62 821-2130-6188,TRIO SETIAWAN,triobumi123@gmail.com,+62 852-1178-1924
3209,140 - PLUMBON,006 - CEMPAKA,002800 - RT 001 RW 009,AGUNG RIYADI,agungriyadi614@gmail.com,+62 821-2130-6188,TRIO SETIAWAN,triobumi123@gmail.com,+62 852-1178-1924
3209,140 - PLUMBON,006 - CEMPAKA,003100 - RT 001 RW 010,AGUNG RIYADI,agungriyadi614@gmail.com,+62 821-2130-6188,ABDUL AZIZ,azis30667@gmail.com,+62 821-3095-9723
3209,140 - PLUMBON,006 - CEMPAKA,003200 - RT 002 RW 010,AGUNG RIYADI,agungriyadi614@gmail.com,+62 821-2130-6188,NAURA FAZA MARHAMAH,22323214@students.uii.ac.id,+62 895-2789-7459
3209,140 - PLUMBON,006 - CEMPAKA,003300 - RT 003 RW 010,AGUNG RIYADI,agungriyadi614@gmail.com,+62 821-2130-6188,NAURA FAZA MARHAMAH,22323214@students.uii.ac.id,+62 895-2789-7459
3209,140 - PLUMBON,006 - CEMPAKA,003500 - RT 005 RW 010,AGUNG RIYADI,agungriyadi614@gmail.com,+62 821-2130-6188,NAURA FAZA MARHAMAH,22323214@students.uii.ac.id,+62 895-2789-7459
3209,140 - PLUMBON,006 - CEMPAKA,100100 - SAWAH BLOK GEBANG,AGUNG RIYADI,agungriyadi614@gmail.com,+62 821-2130-6188,JULIAN KRISTIANTO,julian.kristianto@gmail.com,+62 838-2395-0459
3209,140 - PLUMBON,006 - CEMPAKA,100200 - SAWAH BLOK KETOS,AGUNG RIYADI,agungriyadi614@gmail.com,+62 821-2130-6188,JULIAN KRISTIANTO,julian.kristianto@gmail.com,+62 838-2395-0459
3209,140 - PLUMBON,007 - PAMIJAHAN,000100 - RT 01 RW 01,AGUNG RIYADI,agungriyadi614@gmail.com,+62 821-2130-6188,MARYANA,lilikroland1@gmail.com,+62 812-8032-0853
3209,140 - PLUMBON,007 - PAMIJAHAN,000200 - RT 02 RW 01,AGUNG RIYADI,agungriyadi614@gmail.com,+62 821-2130-6188,MARYANA,lilikroland1@gmail.com,+62 812-8032-0853
3209,140 - PLUMBON,007 - PAMIJAHAN,000500 - RT 05 RW 01,NONO SUTRISNO ,nonosutrisno301@gmail.com,+62 896-6041-3711,MAUDIN,harunlfrz@gmail.com,+62 089-6603-38117
3209,140 - PLUMBON,007 - PAMIJAHAN,000600 - RT 17 RW 01,AGUNG RIYADI,agungriyadi614@gmail.com,+62 821-2130-6188,MARYANA,lilikroland1@gmail.com,+62 812-8032-0853
3209,140 - PLUMBON,007 - PAMIJAHAN,000701 - RT 06 RW 02,NONO SUTRISNO ,nonosutrisno301@gmail.com,+62 896-6041-3711,JUNAEDI,narisu107@gmail.com,+62 822-5877-0733
3209,140 - PLUMBON,007 - PAMIJAHAN,000702 - RT 06 RW 02,NONO SUTRISNO ,nonosutrisno301@gmail.com,+62 896-6041-3711,JUNAEDI,narisu107@gmail.com,+62 822-5877-0733
3209,140 - PLUMBON,007 - PAMIJAHAN,000801 - RT 07 RW 02,NONO SUTRISNO ,nonosutrisno301@gmail.com,+62 896-6041-3711,MAUDIN,harunlfrz@gmail.com,+62 089-6603-38117
3209,140 - PLUMBON,007 - PAMIJAHAN,000802 - RT 07 RW 02,NONO SUTRISNO ,nonosutrisno301@gmail.com,+62 896-6041-3711,MAUDIN,harunlfrz@gmail.com,+62 089-6603-38117
3209,140 - PLUMBON,007 - PAMIJAHAN,000900 - RT 08 RW 02,KARNAWI,karnawilebe@gmail.com,+62 853-2497-8484,DZATI BAIJAH,dzatibaijah@gmail.com,+62 831-4003-0846
3209,140 - PLUMBON,007 - PAMIJAHAN,001001 - RT 09 RW 02,NONO SUTRISNO ,nonosutrisno301@gmail.com,+62 896-6041-3711,MAUDIN,harunlfrz@gmail.com,+62 089-6603-38117
3209,140 - PLUMBON,007 - PAMIJAHAN,001002 - RT 09 RW 02,NONO SUTRISNO ,nonosutrisno301@gmail.com,+62 896-6041-3711,MAUDIN,harunlfrz@gmail.com,+62 089-6603-38117
3209,140 - PLUMBON,007 - PAMIJAHAN,001100 - RT 10 RW 02,KARNAWI,karnawilebe@gmail.com,+62 853-2497-8484,DZATI BAIJAH,dzatibaijah@gmail.com,+62 831-4003-0846
3209,140 - PLUMBON,007 - PAMIJAHAN,001200 - RT 11 RW 03,KARNAWI,karnawilebe@gmail.com,+62 853-2497-8484,EVA FIRANTI,evafiranti.21@gmail.com,+62 819-9801-4274
3209,140 - PLUMBON,007 - PAMIJAHAN,001300 - RT 12 RW 03,KARNAWI,karnawilebe@gmail.com,+62 853-2497-8484,EVA FIRANTI,evafiranti.21@gmail.com,+62 819-9801-4274
3209,140 - PLUMBON,007 - PAMIJAHAN,001400 - RT 13 RW 03,NONO SUTRISNO ,nonosutrisno301@gmail.com,+62 896-6041-3711,JUNAEDI,narisu107@gmail.com,+62 822-5877-0733
3209,140 - PLUMBON,007 - PAMIJAHAN,001500 - RT 14 RW 03,KARNAWI,karnawilebe@gmail.com,+62 853-2497-8484,EVA FIRANTI,evafiranti.21@gmail.com,+62 819-9801-4274
3209,140 - PLUMBON,007 - PAMIJAHAN,001600 - RT 15 RW 03,KARNAWI,karnawilebe@gmail.com,+62 853-2497-8484,EVA FIRANTI,evafiranti.21@gmail.com,+62 819-9801-4274
3209,140 - PLUMBON,007 - PAMIJAHAN,001700 - RT 16 RW 03,NONO SUTRISNO ,nonosutrisno301@gmail.com,+62 896-6041-3711,JUNAEDI,narisu107@gmail.com,+62 822-5877-0733
3209,140 - PLUMBON,007 - PAMIJAHAN,001800 - RT 18 RW 04,NONO SUTRISNO ,nonosutrisno301@gmail.com,+62 896-6041-3711,JUNAEDI,narisu107@gmail.com,+62 822-5877-0733
3209,140 - PLUMBON,007 - PAMIJAHAN,002000 - RT 20 RW 04,NONO SUTRISNO ,nonosutrisno301@gmail.com,+62 896-6041-3711,JUNAEDI,narisu107@gmail.com,+62 822-5877-0733
3209,140 - PLUMBON,007 - PAMIJAHAN,100500 - SAWAH LEDRE,KARNAWI,karnawilebe@gmail.com,+62 853-2497-8484,DZATI BAIJAH,dzatibaijah@gmail.com,+62 831-4003-0846
3209,140 - PLUMBON,017 - LURAH,000100 - RT 001 RW 001,NONO SUTRISNO ,nonosutrisno301@gmail.com,+62 896-6041-3711,IBNU ISMAIL,ismail.ibnu2121@gmail.com,0
3209,140 - PLUMBON,017 - LURAH,000200 - RT 002 RW 001,NONO SUTRISNO ,nonosutrisno301@gmail.com,+62 896-6041-3711,IBNU ISMAIL,ismail.ibnu2121@gmail.com,0
3209,140 - PLUMBON,017 - LURAH,000500 - RT 005 RW 002,NONO SUTRISNO ,nonosutrisno301@gmail.com,+62 896-6041-3711,SEPTIA ANDINI WULANDARI,septiaandini1990@gmail.com,0
3209,140 - PLUMBON,017 - LURAH,000700 - RT 007 RW 003,NONO SUTRISNO ,nonosutrisno301@gmail.com,+62 896-6041-3711,IBNU ISMAIL,ismail.ibnu2121@gmail.com,0
3209,140 - PLUMBON,017 - LURAH,001000 - RT 022 RW 003,NONO SUTRISNO ,nonosutrisno301@gmail.com,+62 896-6041-3711,IBNU ISMAIL,ismail.ibnu2121@gmail.com,0
3209,140 - PLUMBON,017 - LURAH,001100 - RT 010 RW 004,NONO SUTRISNO ,nonosutrisno301@gmail.com,+62 896-6041-3711,IBNU ISMAIL,ismail.ibnu2121@gmail.com,0
3209,140 - PLUMBON,017 - LURAH,001200 - RT 011 RW 004,NONO SUTRISNO ,nonosutrisno301@gmail.com,+62 896-6041-3711,WARMAN,warmanabdillah25@gmail.com,+62 821-1986-8409
3209,140 - PLUMBON,017 - LURAH,001300 - RT 012 RW 004,NONO SUTRISNO ,nonosutrisno301@gmail.com,+62 896-6041-3711,WARMAN,warmanabdillah25@gmail.com,+62 821-1986-8409
3209,140 - PLUMBON,017 - LURAH,001400 - RT 023 RW 004,NONO SUTRISNO ,nonosutrisno301@gmail.com,+62 896-6041-3711,WARMAN,warmanabdillah25@gmail.com,+62 821-1986-8409
3209,140 - PLUMBON,017 - LURAH,001500 - RT 013 RW 005,NONO SUTRISNO ,nonosutrisno301@gmail.com,+62 896-6041-3711,RYAN RIZKY WIJAYANTO ,ryanrizky5603@gmail.com,+62 887-0633-2072
3209,140 - PLUMBON,017 - LURAH,001600 - RT 014 RW 005,NONO SUTRISNO ,nonosutrisno301@gmail.com,+62 896-6041-3711,RYAN RIZKY WIJAYANTO ,ryanrizky5603@gmail.com,+62 887-0633-2072
3209,140 - PLUMBON,017 - LURAH,001700 - RT 015 RW 005,NONO SUTRISNO ,nonosutrisno301@gmail.com,+62 896-6041-3711,RYAN RIZKY WIJAYANTO ,ryanrizky5603@gmail.com,+62 887-0633-2072
3209,140 - PLUMBON,017 - LURAH,001800 - RT 025 RW 005,NONO SUTRISNO ,nonosutrisno301@gmail.com,+62 896-6041-3711,ALBERTIEN APRILIYA PUTRI,coconutaprill@gmail.com,+62 087-7155-97071
3209,140 - PLUMBON,017 - LURAH,002000 - RT 017 RW 006,NONO SUTRISNO ,nonosutrisno301@gmail.com,+62 896-6041-3711,ALBERTIEN APRILIYA PUTRI,coconutaprill@gmail.com,+62 087-7155-97071
3209,140 - PLUMBON,017 - LURAH,002100 - RT 018 RW 006,NONO SUTRISNO ,nonosutrisno301@gmail.com,+62 896-6041-3711,ALBERTIEN APRILIYA PUTRI,coconutaprill@gmail.com,+62 087-7155-97071
3209,140 - PLUMBON,017 - LURAH,002200 - RT 019 RW 007,NONO SUTRISNO ,nonosutrisno301@gmail.com,+62 896-6041-3711,RYAN RIZKY WIJAYANTO ,ryanrizky5603@gmail.com,+62 887-0633-2072
3209,140 - PLUMBON,017 - LURAH,002300 - RT 020 RW 007,NONO SUTRISNO ,nonosutrisno301@gmail.com,+62 896-6041-3711,SEPTIA ANDINI WULANDARI,septiaandini1990@gmail.com,0
3209,140 - PLUMBON,018 - MARIKANGEN,000100 - RT 01 RW 01,KARNAWI,karnawilebe@gmail.com,+62 853-2497-8484,SUBKHAN,ibnusubkhan@gmail.com,+62 813-2492-9339
3209,140 - PLUMBON,018 - MARIKANGEN,000200 - RT 018 RW 01,KARNAWI,karnawilebe@gmail.com,+62 853-2497-8484,SUBKHAN,ibnusubkhan@gmail.com,+62 813-2492-9339
3209,140 - PLUMBON,018 - MARIKANGEN,000500 - RT 022 RW 02,KARNAWI,karnawilebe@gmail.com,+62 853-2497-8484,DYAH EKAWATI,dyahekawati17@gmail.com,+62 853-2208-7990
3209,140 - PLUMBON,018 - MARIKANGEN,000702 - RT 05 RW 03,KARNAWI,karnawilebe@gmail.com,+62 853-2497-8484,IIS ISDIYANTI ,iisisdiyanti23@gmail.com,+62 878-3092-6360
3209,140 - PLUMBON,018 - MARIKANGEN,001000 - RT 06 RW 04,WIWI ULWIYAH,wie12ul@gmail.com,+62 812-2376-819,GANA,liakebonduwur@gmail.com,+62 831-2036-4237
3209,140 - PLUMBON,018 - MARIKANGEN,001100 - RT 007 RW 004,WIWI ULWIYAH,wie12ul@gmail.com,+62 812-2376-819,GANA,liakebonduwur@gmail.com,+62 831-2036-4237
3209,140 - PLUMBON,018 - MARIKANGEN,001200 - RT 020 RW 004,KARNAWI,karnawilebe@gmail.com,+62 853-2497-8484,IIS ISDIYANTI ,iisisdiyanti23@gmail.com,+62 878-3092-6360
3209,140 - PLUMBON,018 - MARIKANGEN,001400 - RT 09 RW 05,KARNAWI,karnawilebe@gmail.com,+62 853-2497-8484,SUBKHAN,ibnusubkhan@gmail.com,+62 813-2492-9339
3209,140 - PLUMBON,018 - MARIKANGEN,001800 - RT 012 RW 06,KARNAWI,karnawilebe@gmail.com,+62 853-2497-8484,TYAS KARINA HAPURASARI,tyaskarina92@gmail.com,+62 821-1538-2045
3209,140 - PLUMBON,018 - MARIKANGEN,001900 - RT 019 RW 06,WIWI ULWIYAH,wie12ul@gmail.com,+62 812-2376-819,GANA,liakebonduwur@gmail.com,+62 831-2036-4237
3209,140 - PLUMBON,018 - MARIKANGEN,002100 - RT 014 RW 07,KARNAWI,karnawilebe@gmail.com,+62 853-2497-8484,SILVIANA,silvianasilviana241@gmail.com,+62 888-2220-077
3209,140 - PLUMBON,018 - MARIKANGEN,002200 - RT 016 RW 07,WIWI ULWIYAH,wie12ul@gmail.com,+62 812-2376-819,GANA,liakebonduwur@gmail.com,+62 831-2036-4237
3209,140 - PLUMBON,018 - MARIKANGEN,002300 - RT 023 RW 07,KARNAWI,karnawilebe@gmail.com,+62 853-2497-8484,IIS ISDIYANTI ,iisisdiyanti23@gmail.com,+62 878-3092-6360
3209,140 - PLUMBON,018 - MARIKANGEN,100100 - LAHAN SAWAH BLOK KRAGILAN,KARNAWI,karnawilebe@gmail.com,+62 853-2497-8484,SUBKHAN,ibnusubkhan@gmail.com,+62 813-2492-9339
3209,140 - PLUMBON,019 - BODE LOR,000200 - RT 002 RW 01,WIWI ULWIYAH,wie12ul@gmail.com,+62 812-2376-819,FAQIH ASY'ARI,cihuy8009@gmail.com,+62 857-9831-9409
3209,140 - PLUMBON,019 - BODE LOR,000401 - RT 004 RW 01,WIWI ULWIYAH,wie12ul@gmail.com,+62 812-2376-819,CAHYO ADI WIBOWO,wibowocahyoadi@gmail.com,+62 812-2134-5350
3209,140 - PLUMBON,019 - BODE LOR,000700 - RT 006 RW 02,WIWI ULWIYAH,wie12ul@gmail.com,+62 812-2376-819,MAULIDAH LAILIYAH,maulidahlailiyah7@gmail.com,+62 821-2625-0471
3209,140 - PLUMBON,019 - BODE LOR,001000 - RT 019 RW 02,WIWI ULWIYAH,wie12ul@gmail.com,+62 812-2376-819,MAULIDAH LAILIYAH,maulidahlailiyah7@gmail.com,+62 821-2625-0471
3209,140 - PLUMBON,019 - BODE LOR,001200 - RT 010 RW 03,WIWI ULWIYAH,wie12ul@gmail.com,+62 812-2376-819,CAHYO ADI WIBOWO,wibowocahyoadi@gmail.com,+62 812-2134-5350
3209,140 - PLUMBON,019 - BODE LOR,001300 - RT 011 RW 03,WIWI ULWIYAH,wie12ul@gmail.com,+62 812-2376-819,SHERLY NAFISAL ARIFASRI,sherlynafisal@gmail.com,0
3209,140 - PLUMBON,019 - BODE LOR,001400 - RT 012 RW 03,WIWI ULWIYAH,wie12ul@gmail.com,+62 812-2376-819,SHERLY NAFISAL ARIFASRI,sherlynafisal@gmail.com,0
3209,140 - PLUMBON,019 - BODE LOR,001700 - RT 015 RW 04,WIWI ULWIYAH,wie12ul@gmail.com,+62 812-2376-819,MUHAMMAD NUR ARIF,ariefvivo20@gmail.com,+62 812-1812-1109
3209,140 - PLUMBON,019 - BODE LOR,001900 - RT 017 RW 04,WIWI ULWIYAH,wie12ul@gmail.com,+62 812-2376-819,MUHAMMAD NUR ARIF,ariefvivo20@gmail.com,+62 812-1812-1109
3209,140 - PLUMBON,019 - BODE LOR,002000 - RT 018 RW 04,WIWI ULWIYAH,wie12ul@gmail.com,+62 812-2376-819,MUHAMMAD NUR ARIF,ariefvivo20@gmail.com,+62 812-1812-1109
3209,140 - PLUMBON,019 - BODE LOR,400100 - PEMUKIMAN DUAN SUKUN LOR/SI SUMUR,WIWI ULWIYAH,wie12ul@gmail.com,+62 812-2376-819,MUHAMMAD NUR ARIF,ariefvivo20@gmail.com,+62 812-1812-1109
3209,140 - PLUMBON,020 - BODESARI,000700 - RT 07 RW 01,PURWANTO,purwantosub@gmail.com,+62 877-2995-8720,NOVIA DIANA,novidiana000@gmail.com,+62 823-2110-8640
3209,140 - PLUMBON,020 - BODESARI,001100 - RT 11 RW 02,PURWANTO,purwantosub@gmail.com,+62 877-2995-8720,YUSRIYANTI,yantifaa99@gmail.com,+62 852-9599-9595
3209,140 - PLUMBON,020 - BODESARI,001400 - RT 14 RW 03,PURWANTO,purwantosub@gmail.com,+62 877-2995-8720,YUSRIYANTI,yantifaa99@gmail.com,+62 852-9599-9595
3209,140 - PLUMBON,020 - BODESARI,001600 - RT 16 RW 03,PURWANTO,purwantosub@gmail.com,+62 877-2995-8720,NINA LISNAWATI,ninalisnawati528@gmail.com,+62 812-2307-8174
3209,140 - PLUMBON,020 - BODESARI,001700 - RT 17 RW 03,PURWANTO,purwantosub@gmail.com,+62 877-2995-8720,NINA LISNAWATI,ninalisnawati528@gmail.com,+62 812-2307-8174
3209,140 - PLUMBON,020 - BODESARI,001900 - RT 19 RW 03,PURWANTO,purwantosub@gmail.com,+62 877-2995-8720,NINA LISNAWATI,ninalisnawati528@gmail.com,+62 812-2307-8174
3209,140 - PLUMBON,020 - BODESARI,002000 - RT 20 RW 03,KARNAWI,karnawilebe@gmail.com,+62 853-2497-8484,SILVIANA,silvianasilviana241@gmail.com,+62 888-2220-077
3209,140 - PLUMBON,020 - BODESARI,002300 - RT 23 RW 04,PURWANTO,purwantosub@gmail.com,+62 877-2995-8720,DINI WINDIAGIRI TEJALESTARI,diniteja231@gmail.com,+62 821-1515-6456
3209,140 - PLUMBON,020 - BODESARI,002401 - RT 24 RW 04,PURWANTO,purwantosub@gmail.com,+62 877-2995-8720,BUDIMAN,syafiq030611.ba@gmail.com,+62 813-2456-3664
3209,140 - PLUMBON,020 - BODESARI,002500 - RT 25 RW 04,KARNAWI,karnawilebe@gmail.com,+62 853-2497-8484,SILVIANA,silvianasilviana241@gmail.com,+62 888-2220-077
3209,140 - PLUMBON,020 - BODESARI,003000 - RT 30 RW 05,PURWANTO,purwantosub@gmail.com,+62 877-2995-8720,DINI WINDIAGIRI TEJALESTARI,diniteja231@gmail.com,+62 821-1515-6456
3209,140 - PLUMBON,020 - BODESARI,003100 - RT 31 RW 05,PURWANTO,purwantosub@gmail.com,+62 877-2995-8720,DINI WINDIAGIRI TEJALESTARI,diniteja231@gmail.com,+62 821-1515-6456
3209,140 - PLUMBON,020 - BODESARI,100500 - SAWAH,PURWANTO,purwantosub@gmail.com,+62 877-2995-8720,DINI WINDIAGIRI TEJALESTARI,diniteja231@gmail.com,+62 821-1515-6456
3209,140 - PLUMBON,020 - BODESARI,100600 - SAWAH SIWELINGI,PURWANTO,purwantosub@gmail.com,+62 877-2995-8720,DINI WINDIAGIRI TEJALESTARI,diniteja231@gmail.com,+62 821-1515-6456
3209,140 - PLUMBON,021 - GOMBANG,000100 - RT 001 RW 001,SUMIATI,tio.nanda83@gmail.com,+62 812-2449-4600,ENI SUHARTINI,eniagung12345@gmail.com,+62 853-1834-0446
3209,140 - PLUMBON,021 - GOMBANG,000200 - RT 002 RW 001,SUMIATI,tio.nanda83@gmail.com,+62 812-2449-4600,ENI SUHARTINI,eniagung12345@gmail.com,+62 853-1834-0446
3209,140 - PLUMBON,021 - GOMBANG,000300 - RT 003 RW 001,SUMIATI,tio.nanda83@gmail.com,+62 812-2449-4600,ENI SUHARTINI,eniagung12345@gmail.com,+62 853-1834-0446
3209,140 - PLUMBON,021 - GOMBANG,000400 - RT 004 RW 001,SUMIATI,tio.nanda83@gmail.com,+62 812-2449-4600,ENI SUHARTINI,eniagung12345@gmail.com,+62 853-1834-0446
3209,140 - PLUMBON,021 - GOMBANG,000800 - RT 026 RW 001,SUMIATI,tio.nanda83@gmail.com,+62 812-2449-4600,NANA YULIANA,nanayoelieyana1186@gmail.com,+62 852-2490-2422
3209,140 - PLUMBON,021 - GOMBANG,001000 - RT 005 RW 002,SUMIATI,tio.nanda83@gmail.com,+62 812-2449-4600,SELLY FANNY ADISTY ,selly080102@gmail.com,+62 895-3454-84912
3209,140 - PLUMBON,021 - GOMBANG,001100 - RT 006 RW 002,SUMIATI,tio.nanda83@gmail.com,+62 812-2449-4600,SELLY FANNY ADISTY ,selly080102@gmail.com,+62 895-3454-84912
3209,140 - PLUMBON,021 - GOMBANG,001200 - RT 007 RW 002,SUMIATI,tio.nanda83@gmail.com,+62 812-2449-4600,SELLY FANNY ADISTY ,selly080102@gmail.com,+62 895-3454-84912
3209,140 - PLUMBON,021 - GOMBANG,001300 - RT 008 RW 002,SUMIATI,tio.nanda83@gmail.com,+62 812-2449-4600,SELLY FANNY ADISTY ,selly080102@gmail.com,+62 895-3454-84912
3209,140 - PLUMBON,021 - GOMBANG,001400 - RT 009 RW 003,SUMIATI,tio.nanda83@gmail.com,+62 812-2449-4600,SELLY FANNY ADISTY ,selly080102@gmail.com,+62 895-3454-84912
3209,140 - PLUMBON,021 - GOMBANG,001500 - RT 010 RW 003,SUMIATI,tio.nanda83@gmail.com,+62 812-2449-4600,SELLY FANNY ADISTY ,selly080102@gmail.com,+62 895-3454-84912
3209,140 - PLUMBON,021 - GOMBANG,001600 - RT 011 RW 003,SUMIATI,tio.nanda83@gmail.com,+62 812-2449-4600,NANA YULIANA,nanayoelieyana1186@gmail.com,+62 852-2490-2422
3209,140 - PLUMBON,021 - GOMBANG,001700 - RT 012 RW 003,SUMIATI,tio.nanda83@gmail.com,+62 812-2449-4600,YUDI KURNIAWAN ,youdievapes@gmail.com,+62 813-9565-3226
3209,140 - PLUMBON,021 - GOMBANG,001900 - RT 014 RW 004,SUMIATI,tio.nanda83@gmail.com,+62 812-2449-4600,YUDI KURNIAWAN ,youdievapes@gmail.com,+62 813-9565-3226
3209,140 - PLUMBON,021 - GOMBANG,002100 - RT 016 RW 004,SUMIATI,tio.nanda83@gmail.com,+62 812-2449-4600,YUDI KURNIAWAN ,youdievapes@gmail.com,+62 813-9565-3226
3209,140 - PLUMBON,021 - GOMBANG,002300 - RT 018 RW 004,SUMIATI,tio.nanda83@gmail.com,+62 812-2449-4600,ANGGA PANGESTU ,anggaapangestu21@gmail.com,+62 822-1769-1033
3209,140 - PLUMBON,021 - GOMBANG,002400 - RT 019 RW 005,SUMIATI,tio.nanda83@gmail.com,+62 812-2449-4600,ANGGA PANGESTU ,anggaapangestu21@gmail.com,+62 822-1769-1033
3209,140 - PLUMBON,021 - GOMBANG,002500 - RT 020 RW 005,SUMIATI,tio.nanda83@gmail.com,+62 812-2449-4600,ANGGA PANGESTU ,anggaapangestu21@gmail.com,+62 822-1769-1033
3209,140 - PLUMBON,021 - GOMBANG,002600 - RT 021 RW 005,SUMIATI,tio.nanda83@gmail.com,+62 812-2449-4600,ANGGA PANGESTU ,anggaapangestu21@gmail.com,+62 822-1769-1033
3209,140 - PLUMBON,021 - GOMBANG,002700 - RT 022 RW 005,SUMIATI,tio.nanda83@gmail.com,+62 812-2449-4600,ANGGA PANGESTU ,anggaapangestu21@gmail.com,+62 822-1769-1033
3209,140 - PLUMBON,022 - KARANGMULYA,000100 - RT 01 RW 01,PURWANTO,purwantosub@gmail.com,+62 877-2995-8720,ROSIFAH WINDISARI,rosiwindi7@gmail.com,+62 812-2381-1812
3209,140 - PLUMBON,022 - KARANGMULYA,000200 - RT 02 RW 01,PURWANTO,purwantosub@gmail.com,+62 877-2995-8720,ROSIFAH WINDISARI,rosiwindi7@gmail.com,+62 812-2381-1812
3209,140 - PLUMBON,022 - KARANGMULYA,000300 - RT 03 RW 01,PURWANTO,purwantosub@gmail.com,+62 877-2995-8720,ROSIFAH WINDISARI,rosiwindi7@gmail.com,+62 812-2381-1812
3209,140 - PLUMBON,022 - KARANGMULYA,000400 - RT 04 RW 01,WIWI ULWIYAH,wie12ul@gmail.com,+62 812-2376-819,ARIEF BUDIMAN ,ariefboediman13@gmail.com,+62 812-3298-9492
3209,140 - PLUMBON,022 - KARANGMULYA,000500 - RT 05 RW 01,WIWI ULWIYAH,wie12ul@gmail.com,+62 812-2376-819,ARIEF BUDIMAN ,ariefboediman13@gmail.com,+62 812-3298-9492
3209,140 - PLUMBON,022 - KARANGMULYA,000600 - RT 01 RW 02,PURWANTO,purwantosub@gmail.com,+62 877-2995-8720,ROSIFAH WINDISARI,rosiwindi7@gmail.com,+62 812-2381-1812
3209,140 - PLUMBON,022 - KARANGMULYA,000700 - RT 02 RW 02,PURWANTO,purwantosub@gmail.com,+62 877-2995-8720,ROSIFAH WINDISARI,rosiwindi7@gmail.com,+62 812-2381-1812
3209,140 - PLUMBON,022 - KARANGMULYA,000800 - RT 03 RW 02,PURWANTO,purwantosub@gmail.com,+62 877-2995-8720,ROSIFAH WINDISARI,rosiwindi7@gmail.com,+62 812-2381-1812
3209,140 - PLUMBON,022 - KARANGMULYA,001000 - RT 05 RW 02,PURWANTO,purwantosub@gmail.com,+62 877-2995-8720,ROSIFAH WINDISARI,rosiwindi7@gmail.com,+62 812-2381-1812
3209,140 - PLUMBON,022 - KARANGMULYA,001200 - RT 01 RW 03,PURWANTO,purwantosub@gmail.com,+62 877-2995-8720,ROSIFAH WINDISARI,rosiwindi7@gmail.com,+62 812-2381-1812
3209,140 - PLUMBON,022 - KARANGMULYA,001300 - RT 02 RW 03,PURWANTO,purwantosub@gmail.com,+62 877-2995-8720,ROSIFAH WINDISARI,rosiwindi7@gmail.com,+62 812-2381-1812
3209,140 - PLUMBON,022 - KARANGMULYA,001400 - RT 03 RW 03,WIWI ULWIYAH,wie12ul@gmail.com,+62 812-2376-819,ARIEF BUDIMAN ,ariefboediman13@gmail.com,+62 812-3298-9492
3209,140 - PLUMBON,022 - KARANGMULYA,001500 - RT 04 RW 03,WIWI ULWIYAH,wie12ul@gmail.com,+62 812-2376-819,ARIEF BUDIMAN ,ariefboediman13@gmail.com,+62 812-3298-9492
3209,140 - PLUMBON,022 - KARANGMULYA,001600 - RT 05 RW 03,PURWANTO,purwantosub@gmail.com,+62 877-2995-8720,ROSIFAH WINDISARI,rosiwindi7@gmail.com,+62 812-2381-1812
3209,140 - PLUMBON,022 - KARANGMULYA,001700 - RT 01 RW 04,WIWI ULWIYAH,wie12ul@gmail.com,+62 812-2376-819,ARIEF BUDIMAN ,ariefboediman13@gmail.com,+62 812-3298-9492
3209,140 - PLUMBON,022 - KARANGMULYA,001800 - RT 02 RW 04,WIWI ULWIYAH,wie12ul@gmail.com,+62 812-2376-819,ARIEF BUDIMAN ,ariefboediman13@gmail.com,+62 812-3298-9492
3209,140 - PLUMBON,022 - KARANGMULYA,001900 - RT 03 RW 04,WIWI ULWIYAH,wie12ul@gmail.com,+62 812-2376-819,ARIEF BUDIMAN ,ariefboediman13@gmail.com,+62 812-3298-9492
3209,140 - PLUMBON,022 - KARANGMULYA,002000 - RT 04 RW 04,WIWI ULWIYAH,wie12ul@gmail.com,+62 812-2376-819,ARIEF BUDIMAN ,ariefboediman13@gmail.com,+62 812-3298-9492
3209,140 - PLUMBON,022 - KARANGMULYA,002100 - RT 05 RW 04,WIWI ULWIYAH,wie12ul@gmail.com,+62 812-2376-819,ARIEF BUDIMAN ,ariefboediman13@gmail.com,+62 812-3298-9492
3209,140 - PLUMBON,022 - KARANGMULYA,002201 - RT 06 RW 04,PURWANTO,purwantosub@gmail.com,+62 877-2995-8720,ROSIFAH WINDISARI,rosiwindi7@gmail.com,+62 812-2381-1812
3209,140 - PLUMBON,023 - KARANGASEM,000300 - RT 003 RW 001,BUNGA,unga0578@gmail.com,+62 822-6222-7767,ANGGI SEPTIANA PRATIWI ,anggiseptiana69@gmail.com,+62 822-1938-5070
3209,140 - PLUMBON,023 - KARANGASEM,000400 - RT 004 RW 001,BUNGA,unga0578@gmail.com,+62 822-6222-7767,ANGGI SEPTIANA PRATIWI ,anggiseptiana69@gmail.com,+62 822-1938-5070
3209,140 - PLUMBON,023 - KARANGASEM,000500 - RT 005 RW 001,BUNGA,unga0578@gmail.com,+62 822-6222-7767,ANGGI SEPTIANA PRATIWI ,anggiseptiana69@gmail.com,+62 822-1938-5070
3209,140 - PLUMBON,023 - KARANGASEM,000600 - RT 006 RW 002,BUNGA,unga0578@gmail.com,+62 822-6222-7767,HJ.PURWASYIANINGSIH,niningpurwasianingsih@gmail.com,+62 858-7289-3856
3209,140 - PLUMBON,023 - KARANGASEM,000900 - RT 009 RW 002,BUNGA,unga0578@gmail.com,+62 822-6222-7767,ANGGI SEPTIANA PRATIWI ,anggiseptiana69@gmail.com,+62 822-1938-5070
3209,140 - PLUMBON,023 - KARANGASEM,001000 - RT 010 RW 002,BUNGA,unga0578@gmail.com,+62 822-6222-7767,ANGGI SEPTIANA PRATIWI ,anggiseptiana69@gmail.com,+62 822-1938-5070
3209,140 - PLUMBON,023 - KARANGASEM,001100 - RT 011 RW 003,BUNGA,unga0578@gmail.com,+62 822-6222-7767,HJ.PURWASYIANINGSIH,niningpurwasianingsih@gmail.com,+62 858-7289-3856
3209,140 - PLUMBON,023 - KARANGASEM,001200 - RT 012 RW 003,BUNGA,unga0578@gmail.com,+62 822-6222-7767,HJ.PURWASYIANINGSIH,niningpurwasianingsih@gmail.com,+62 858-7289-3856
3209,140 - PLUMBON,023 - KARANGASEM,001300 - RT 013 RW 003,BUNGA,unga0578@gmail.com,+62 822-6222-7767,HJ.PURWASYIANINGSIH,niningpurwasianingsih@gmail.com,+62 858-7289-3856
3209,140 - PLUMBON,023 - KARANGASEM,001400 - RT 014 RW 003,BUNGA,unga0578@gmail.com,+62 822-6222-7767,HJ.PURWASYIANINGSIH,niningpurwasianingsih@gmail.com,+62 858-7289-3856
3209,140 - PLUMBON,023 - KARANGASEM,001500 - RT 015 RW 003,BUNGA,unga0578@gmail.com,+62 822-6222-7767,HJ.PURWASYIANINGSIH,niningpurwasianingsih@gmail.com,+62 858-7289-3856
3209,140 - PLUMBON,023 - KARANGASEM,001700 - RT 017 RW 004,BUNGA,unga0578@gmail.com,+62 822-6222-7767,NILAM CITRA NINGRUM,nilamcitra11@gmail.com,+62 852-9559-2699
3209,140 - PLUMBON,023 - KARANGASEM,001800 - RT 018 RW 004,BUNGA,unga0578@gmail.com,+62 822-6222-7767,NILAM CITRA NINGRUM,nilamcitra11@gmail.com,+62 852-9559-2699
3209,140 - PLUMBON,023 - KARANGASEM,001900 - RT 019 RW 004,BUNGA,unga0578@gmail.com,+62 822-6222-7767,NILAM CITRA NINGRUM,nilamcitra11@gmail.com,+62 852-9559-2699
3209,140 - PLUMBON,023 - KARANGASEM,002000 - RT 020 RW 004,BUNGA,unga0578@gmail.com,+62 822-6222-7767,NILAM CITRA NINGRUM,nilamcitra11@gmail.com,+62 852-9559-2699
3209,140 - PLUMBON,023 - KARANGASEM,002100 - RT 021 RW 004,BUNGA,unga0578@gmail.com,+62 822-6222-7767,NILAM CITRA NINGRUM,nilamcitra11@gmail.com,+62 852-9559-2699
3209,140 - PLUMBON,023 - KARANGASEM,002200 - RT 022 RW 005,BUNGA,unga0578@gmail.com,+62 822-6222-7767,SUWARI,brosot.gleno@gmail.com,+62 857-2122-2823
3209,140 - PLUMBON,023 - KARANGASEM,002300 - RT 023 RW 005,BUNGA,unga0578@gmail.com,+62 822-6222-7767,SUWARI,brosot.gleno@gmail.com,+62 857-2122-2823
3209,140 - PLUMBON,023 - KARANGASEM,002400 - RT 024 RW 005,BUNGA,unga0578@gmail.com,+62 822-6222-7767,SUWARI,brosot.gleno@gmail.com,+62 857-2122-2823
3209,140 - PLUMBON,023 - KARANGASEM,002500 - RT 025 RW 006,BUNGA,unga0578@gmail.com,+62 822-6222-7767,SUWARI,brosot.gleno@gmail.com,+62 857-2122-2823
3209,140 - PLUMBON,023 - KARANGASEM,002700 - RT 027 RW 006,BUNGA,unga0578@gmail.com,+62 822-6222-7767,SUWARI,brosot.gleno@gmail.com,+62 857-2122-2823
3209,140 - PLUMBON,023 - KARANGASEM,100300 - SAWAH DESA KARANGASEM,BUNGA,unga0578@gmail.com,+62 822-6222-7767,NILAM CITRA NINGRUM,nilamcitra11@gmail.com,+62 852-9559-2699
3209,140 - PLUMBON,023 - KARANGASEM,500200 - CIREBON GATEWAY,BUNGA,unga0578@gmail.com,+62 822-6222-7767,SUWARI,brosot.gleno@gmail.com,+62 857-2122-2823
3209,140 - PLUMBON,024 - PLUMBON,000100 - RT 002 RW 01,SUMIATI,tio.nanda83@gmail.com,+62 812-2449-4600,MAHARDIKA SETYA RIZQI NUGRAHA,mahardikar971@gmail.com,+62 888-2244-015
3209,140 - PLUMBON,024 - PLUMBON,000200 - RT 003 RW 01,SUMIATI,tio.nanda83@gmail.com,+62 812-2449-4600,MAHARDIKA SETYA RIZQI NUGRAHA,mahardikar971@gmail.com,+62 888-2244-015
3209,140 - PLUMBON,024 - PLUMBON,000300 - RT 004 RW 02,SUMIATI,tio.nanda83@gmail.com,+62 812-2449-4600,MAHARDIKA SETYA RIZQI NUGRAHA,mahardikar971@gmail.com,+62 888-2244-015
3209,140 - PLUMBON,024 - PLUMBON,000400 - RT 005 RW 02,SUMIATI,tio.nanda83@gmail.com,+62 812-2449-4600,FEBI FAUZIYYAH,febifauziyyah6@gmail.com,+62 889-7219-5865
3209,140 - PLUMBON,024 - PLUMBON,000500 - RT 006 RW 02,SUMIATI,tio.nanda83@gmail.com,+62 812-2449-4600,FEBI FAUZIYYAH,febifauziyyah6@gmail.com,+62 889-7219-5865
3209,140 - PLUMBON,024 - PLUMBON,000600 - RT 007 RW 02,SUMIATI,tio.nanda83@gmail.com,+62 812-2449-4600,FEBI FAUZIYYAH,febifauziyyah6@gmail.com,+62 889-7219-5865
3209,140 - PLUMBON,024 - PLUMBON,000800 - RT 009 RW 03,SUMIATI,tio.nanda83@gmail.com,+62 812-2449-4600,FEBI FAUZIYYAH,febifauziyyah6@gmail.com,+62 889-7219-5865
3209,140 - PLUMBON,024 - PLUMBON,000900 - RT 010 RW 03,SUMIATI,tio.nanda83@gmail.com,+62 812-2449-4600,FEBI FAUZIYYAH,febifauziyyah6@gmail.com,+62 889-7219-5865
3209,140 - PLUMBON,024 - PLUMBON,001000 - RT 011 RW 04,SUMIATI,tio.nanda83@gmail.com,+62 812-2449-4600,MAHARDIKA SETYA RIZQI NUGRAHA,mahardikar971@gmail.com,+62 888-2244-015
3209,140 - PLUMBON,024 - PLUMBON,001200 - RT 013 RW 04,SUMIATI,tio.nanda83@gmail.com,+62 812-2449-4600,MAHARDIKA SETYA RIZQI NUGRAHA,mahardikar971@gmail.com,+62 888-2244-015
3209,140 - PLUMBON,024 - PLUMBON,001302 - RT 014 RW 05,SUMIATI,tio.nanda83@gmail.com,+62 812-2449-4600,SRI ANTIN,sriantin33@gmail.com,+62 812-2204-7583
3209,140 - PLUMBON,024 - PLUMBON,001400 - RT 015 RW 05,SUMIATI,tio.nanda83@gmail.com,+62 812-2449-4600,MAHARDIKA SETYA RIZQI NUGRAHA,mahardikar971@gmail.com,+62 888-2244-015
3209,140 - PLUMBON,024 - PLUMBON,001500 - RT 016 RW 06,SUMIATI,tio.nanda83@gmail.com,+62 812-2449-4600,MAHARDIKA SETYA RIZQI NUGRAHA,mahardikar971@gmail.com,+62 888-2244-015
3209,140 - PLUMBON,024 - PLUMBON,001600 - RT 017 RW 06,BUNGA,unga0578@gmail.com,+62 822-6222-7767,NONO CARYONO,bumipurbawinangun@gmail.com,+62 823-1790-7775
3209,140 - PLUMBON,024 - PLUMBON,001700 - RT 018 RW 06,SUMIATI,tio.nanda83@gmail.com,+62 812-2449-4600,SRI ANTIN,sriantin33@gmail.com,+62 812-2204-7583
3209,140 - PLUMBON,024 - PLUMBON,001800 - RT 001 RW 07,SUMIATI,tio.nanda83@gmail.com,+62 812-2449-4600,SRI ANTIN,sriantin33@gmail.com,+62 812-2204-7583
3209,140 - PLUMBON,024 - PLUMBON,001900 - RT 019 RW 07,SUMIATI,tio.nanda83@gmail.com,+62 812-2449-4600,SRI ANTIN,sriantin33@gmail.com,+62 812-2204-7583
3209,140 - PLUMBON,024 - PLUMBON,002000 - RT 020 RW 07,SUMIATI,tio.nanda83@gmail.com,+62 812-2449-4600,SRI ANTIN,sriantin33@gmail.com,+62 812-2204-7583
3209,140 - PLUMBON,025 - PURBAWINANGUN,000100 - RT 001 RW 001,PURWANTO,purwantosub@gmail.com,+62 877-2995-8720,RIFKY PASHA HAIKAL,rifkypasha574@gmail.com,+62 896-1797-2586
3209,140 - PLUMBON,025 - PURBAWINANGUN,000300 - RT 003 RW 001,PURWANTO,purwantosub@gmail.com,+62 877-2995-8720,RIFKY PASHA HAIKAL,rifkypasha574@gmail.com,+62 896-1797-2586
3209,140 - PLUMBON,025 - PURBAWINANGUN,000700 - RT 007 RW 003,PURWANTO,purwantosub@gmail.com,+62 877-2995-8720,JENAR GALIH UMBARA,jenargalih67@gmail.com,+62 859-2536-2953
3209,140 - PLUMBON,025 - PURBAWINANGUN,000800 - RT 008 RW 003,PURWANTO,purwantosub@gmail.com,+62 877-2995-8720,JENAR GALIH UMBARA,jenargalih67@gmail.com,+62 859-2536-2953
3209,140 - PLUMBON,025 - PURBAWINANGUN,000900 - RT 009 RW 003,PURWANTO,purwantosub@gmail.com,+62 877-2995-8720,JENAR GALIH UMBARA,jenargalih67@gmail.com,+62 859-2536-2953
3209,140 - PLUMBON,025 - PURBAWINANGUN,001100 - RT 011 RW 004,PURWANTO,purwantosub@gmail.com,+62 877-2995-8720,JENAR GALIH UMBARA,jenargalih67@gmail.com,+62 859-2536-2953
3209,140 - PLUMBON,025 - PURBAWINANGUN,100400 - SAWAH BLOK GORDA,BUNGA,unga0578@gmail.com,+62 822-6222-7767,NONO CARYONO,bumipurbawinangun@gmail.com,+62 823-1790-7775
3209,140 - PLUMBON,026 - KEBAREPAN,000300 - RT 001 RW 002,BUNGA,unga0578@gmail.com,+62 822-6222-7767,HENDRI IRAWAN,hendriirawan101194@gmail.com,+62 896-2900-0949
3209,140 - PLUMBON,026 - KEBAREPAN,000600 - RT 001 RW 003,BUNGA,unga0578@gmail.com,+62 822-6222-7767,DESANTI AL FADILAH ,desantialfadilah@gmail.com,+62 822-1988-8585
3209,140 - PLUMBON,026 - KEBAREPAN,000900 - RT 001 RW 004,BUNGA,unga0578@gmail.com,+62 822-6222-7767,HENDRI IRAWAN,hendriirawan101194@gmail.com,+62 896-2900-0949
3209,140 - PLUMBON,026 - KEBAREPAN,001701 - RT 001 RW 007,BUNGA,unga0578@gmail.com,+62 822-6222-7767,WAWAN PURWANTO,purwantowawangrab@gmail.com,+62 812-4621-4787
3209,140 - PLUMBON,026 - KEBAREPAN,001702 - RT 001 RW 007,BUNGA,unga0578@gmail.com,+62 822-6222-7767,WAWAN PURWANTO,purwantowawangrab@gmail.com,+62 812-4621-4787
3209,140 - PLUMBON,026 - KEBAREPAN,002300 - RT 001 RW 009,BUNGA,unga0578@gmail.com,+62 822-6222-7767,WAWAN PURWANTO,purwantowawangrab@gmail.com,+62 812-4621-4787
3209,140 - PLUMBON,026 - KEBAREPAN,100100 - SAWAH BLOK BLOK JEMBANGAN,BUNGA,unga0578@gmail.com,+62 822-6222-7767,WAWAN PURWANTO,purwantowawangrab@gmail.com,+62 812-4621-4787
3209,140 - PLUMBON,027 - PASANGGRAHAN,000100 - RT 001 RW 01,PENDI FAUJIANTO,faujiantopendi@gmail.com,0,RITA,ritanatalia436@gmail.com,+62 815-7301-8702
3209,140 - PLUMBON,027 - PASANGGRAHAN,000200 - RT 002 RW 01,PENDI FAUJIANTO,faujiantopendi@gmail.com,0,AGNI MAULAYA,albertcherbon@gmail.com,+62 895-3345-68583
3209,140 - PLUMBON,027 - PASANGGRAHAN,000300 - RT 003 RW 01,PENDI FAUJIANTO,faujiantopendi@gmail.com,0,AGNI MAULAYA,albertcherbon@gmail.com,+62 895-3345-68583
3209,140 - PLUMBON,027 - PASANGGRAHAN,000400 - RT 001 RW 02,PENDI FAUJIANTO,faujiantopendi@gmail.com,0,AGNI MAULAYA,albertcherbon@gmail.com,+62 895-3345-68583
3209,140 - PLUMBON,027 - PASANGGRAHAN,000500 - RT 002 RW 02,PENDI FAUJIANTO,faujiantopendi@gmail.com,0,AGNI MAULAYA,albertcherbon@gmail.com,+62 895-3345-68583
3209,140 - PLUMBON,027 - PASANGGRAHAN,000600 - RT 003 RW 02,PENDI FAUJIANTO,faujiantopendi@gmail.com,0,RITA,ritanatalia436@gmail.com,+62 815-7301-8702
3209,140 - PLUMBON,027 - PASANGGRAHAN,000700 - RT 001 RW 03,PENDI FAUJIANTO,faujiantopendi@gmail.com,0,RITA,ritanatalia436@gmail.com,+62 815-7301-8702
3209,140 - PLUMBON,027 - PASANGGRAHAN,000800 - RT 002 RW 03,PENDI FAUJIANTO,faujiantopendi@gmail.com,0,RITA,ritanatalia436@gmail.com,+62 815-7301-8702
3209,140 - PLUMBON,027 - PASANGGRAHAN,000900 - RT 003 RW 03,PENDI FAUJIANTO,faujiantopendi@gmail.com,0,RITA,ritanatalia436@gmail.com,+62 815-7301-8702
3209,140 - PLUMBON,027 - PASANGGRAHAN,001000 - RT 001 RW 04,PENDI FAUJIANTO,faujiantopendi@gmail.com,0,RITA,ritanatalia436@gmail.com,+62 815-7301-8702
3209,140 - PLUMBON,027 - PASANGGRAHAN,001100 - RT 002 RW 04,PENDI FAUJIANTO,faujiantopendi@gmail.com,0,RITA,ritanatalia436@gmail.com,+62 815-7301-8702
3209,140 - PLUMBON,027 - PASANGGRAHAN,001400 - RT 003 RW 05,PENDI FAUJIANTO,faujiantopendi@gmail.com,0,RITA,ritanatalia436@gmail.com,+62 815-7301-8702
3209,140 - PLUMBON,027 - PASANGGRAHAN,001500 - RT 004 RW 05,PENDI FAUJIANTO,faujiantopendi@gmail.com,0,RITA,ritanatalia436@gmail.com,+62 815-7301-8702
3209,140 - PLUMBON,027 - PASANGGRAHAN,100100 - SAWAH,PENDI FAUJIANTO,faujiantopendi@gmail.com,0,RITA,ritanatalia436@gmail.com,+62 815-7301-8702
3209,140 - PLUMBON,028 - KEDUNGSANA,000100 - RT 001 RW 01,PENDI FAUJIANTO,faujiantopendi@gmail.com,0,LENI ANAVI,lenikhanafi73@gmail.com,+62 896-6062-3239
3209,140 - PLUMBON,028 - KEDUNGSANA,000200 - RT 002 RW 01,PENDI FAUJIANTO,faujiantopendi@gmail.com,0,LENI ANAVI,lenikhanafi73@gmail.com,+62 896-6062-3239
3209,140 - PLUMBON,028 - KEDUNGSANA,000300 - RT 003 RW 01,PENDI FAUJIANTO,faujiantopendi@gmail.com,0,LENI ANAVI,lenikhanafi73@gmail.com,+62 896-6062-3239
3209,140 - PLUMBON,028 - KEDUNGSANA,000400 - RT 004 RW 01,PENDI FAUJIANTO,faujiantopendi@gmail.com,0,LENI ANAVI,lenikhanafi73@gmail.com,+62 896-6062-3239
3209,140 - PLUMBON,028 - KEDUNGSANA,000500 - RT 005 RW 01,PENDI FAUJIANTO,faujiantopendi@gmail.com,0,LENI ANAVI,lenikhanafi73@gmail.com,+62 896-6062-3239
3209,140 - PLUMBON,028 - KEDUNGSANA,000600 - RT 001 RW 02,PENDI FAUJIANTO,faujiantopendi@gmail.com,0,LENI ANAVI,lenikhanafi73@gmail.com,+62 896-6062-3239
3209,140 - PLUMBON,028 - KEDUNGSANA,000900 - RT 004 RW 02,PENDI FAUJIANTO,faujiantopendi@gmail.com,0,MUHAMMAD HARUN AL ROSYID,harunprestigious@gmail.com,0
3209,140 - PLUMBON,028 - KEDUNGSANA,001300 - RT 003 RW 03,PENDI FAUJIANTO,faujiantopendi@gmail.com,0,MUHAMMAD HARUN AL ROSYID,harunprestigious@gmail.com,0
3209,140 - PLUMBON,028 - KEDUNGSANA,001400 - RT 004 RW 03,PENDI FAUJIANTO,faujiantopendi@gmail.com,0,MILATUL KHABIBAH,khabibah.view@gmail.com,+62 898-2302-023
3209,140 - PLUMBON,028 - KEDUNGSANA,001600 - RT 002 RW 04,PENDI FAUJIANTO,faujiantopendi@gmail.com,0,MUHAMMAD HARUN AL ROSYID,harunprestigious@gmail.com,0
3209,140 - PLUMBON,028 - KEDUNGSANA,001700 - RT 003 RW 04,PENDI FAUJIANTO,faujiantopendi@gmail.com,0,MILATUL KHABIBAH,khabibah.view@gmail.com,+62 898-2302-023
3209,140 - PLUMBON,028 - KEDUNGSANA,001800 - RT 004 RW 04,PENDI FAUJIANTO,faujiantopendi@gmail.com,0,MILATUL KHABIBAH,khabibah.view@gmail.com,+62 898-2302-023
3209,140 - PLUMBON,028 - KEDUNGSANA,001900 - RT 005 RW 04,PENDI FAUJIANTO,faujiantopendi@gmail.com,0,MUHAMMAD HARUN AL ROSYID,harunprestigious@gmail.com,0
3209,140 - PLUMBON,028 - KEDUNGSANA,002100 - RT 001 RW 05,PENDI FAUJIANTO,faujiantopendi@gmail.com,0,MILATUL KHABIBAH,khabibah.view@gmail.com,+62 898-2302-023
3209,140 - PLUMBON,028 - KEDUNGSANA,002200 - RT 002 RW 05,PENDI FAUJIANTO,faujiantopendi@gmail.com,0,MILATUL KHABIBAH,khabibah.view@gmail.com,+62 898-2302-023
3209,140 - PLUMBON,028 - KEDUNGSANA,002300 - RT 003 RW 05,PENDI FAUJIANTO,faujiantopendi@gmail.com,0,MILATUL KHABIBAH,khabibah.view@gmail.com,+62 898-2302-023
3209,140 - PLUMBON,028 - KEDUNGSANA,002400 - RT 004 RW 05,PENDI FAUJIANTO,faujiantopendi@gmail.com,0,MILATUL KHABIBAH,khabibah.view@gmail.com,+62 898-2302-023
3209,140 - PLUMBON,028 - KEDUNGSANA,002500 - RT 005 RW 05,PENDI FAUJIANTO,faujiantopendi@gmail.com,0,MILATUL KHABIBAH,khabibah.view@gmail.com,+62 898-2302-023
3209,140 - PLUMBON,028 - KEDUNGSANA,100100 - SAWAH BLOK SILIRIK,PENDI FAUJIANTO,faujiantopendi@gmail.com,0,MILATUL KHABIBAH,khabibah.view@gmail.com,+62 898-2302-023
3209,140 - PLUMBON,029 - DANAMULYA,000100 - RT 01 RW 01,PENDI FAUJIANTO,faujiantopendi@gmail.com,0,AKHMAD KHOTIB,akhmadkhotib319@gmail.com,+62 852-2071-9817
3209,140 - PLUMBON,029 - DANAMULYA,000600 - RT 01 RW 02,PENDI FAUJIANTO,faujiantopendi@gmail.com,0,AKHMAD KHOTIB,akhmadkhotib319@gmail.com,+62 852-2071-9817
3209,140 - PLUMBON,029 - DANAMULYA,000700 - RT 02 RW 02,PENDI FAUJIANTO,faujiantopendi@gmail.com,0,AKHMAD KHOTIB,akhmadkhotib319@gmail.com,+62 852-2071-9817
3209,140 - PLUMBON,029 - DANAMULYA,000800 - RT 03 RW 02,PENDI FAUJIANTO,faujiantopendi@gmail.com,0,AKHMAD KHOTIB,akhmadkhotib319@gmail.com,+62 852-2071-9817
3209,140 - PLUMBON,029 - DANAMULYA,000900 - RT 04 RW 02,PENDI FAUJIANTO,faujiantopendi@gmail.com,0,AKHMAD KHOTIB,akhmadkhotib319@gmail.com,+62 852-2071-9817
3209,140 - PLUMBON,029 - DANAMULYA,001000 - RT 05 RW 02,PENDI FAUJIANTO,faujiantopendi@gmail.com,0,AKHMAD KHOTIB,akhmadkhotib319@gmail.com,+62 852-2071-9817
3209,140 - PLUMBON,029 - DANAMULYA,001300 - RT 03 RW 03,PENDI FAUJIANTO,faujiantopendi@gmail.com,0,MUTIARA ,mtia65525@gmail.com,+62 899-8729-095
3209,140 - PLUMBON,029 - DANAMULYA,001500 - RT 01 RW 04,PENDI FAUJIANTO,faujiantopendi@gmail.com,0,MUTIARA ,mtia65525@gmail.com,+62 899-8729-095
3209,140 - PLUMBON,029 - DANAMULYA,001600 - RT 02 RW 04,PENDI FAUJIANTO,faujiantopendi@gmail.com,0,MUTIARA ,mtia65525@gmail.com,+62 899-8729-095
3209,140 - PLUMBON,029 - DANAMULYA,001700 - RT 03 RW 04,PENDI FAUJIANTO,faujiantopendi@gmail.com,0,MUTIARA ,mtia65525@gmail.com,+62 899-8729-095
3209,140 - PLUMBON,029 - DANAMULYA,001800 - RT 04 RW 04,PENDI FAUJIANTO,faujiantopendi@gmail.com,0,MUTIARA ,mtia65525@gmail.com,+62 899-8729-095
3209,140 - PLUMBON,029 - DANAMULYA,100100 - SAWAH BLOK SITURI,PENDI FAUJIANTO,faujiantopendi@gmail.com,0,MUTIARA ,mtia65525@gmail.com,+62 899-8729-095
3209,141 - DEPOK,001 - CIKEDUK,000200 - RT 02 RW 05 DUSUN 01,ABDUROHMAN,angdur707@gmail.com,+62 853-2111-0707,NOVI ARIYANTI,noviariyanti705@gmail.com,+62 083-8235-72360
3209,141 - DEPOK,001 - CIKEDUK,000400 - RT 04 RW 01 DUSUN 01,ABDUROHMAN,angdur707@gmail.com,+62 853-2111-0707,ALYAH AMALIYAH,alyah3101@gmail.com,+62 821-1917-6517
3209,141 - DEPOK,001 - CIKEDUK,000900 - RT 09 RW 02 DUSUN 01,ABDUROHMAN,angdur707@gmail.com,+62 853-2111-0707,TSALIS ZAHRA AZKIYAH,tsaliszahra8@gmail.com,0
3209,141 - DEPOK,001 - CIKEDUK,001000 - RT 10 RW 03 DUSUN 03,ABDUROHMAN,angdur707@gmail.com,+62 853-2111-0707,TSALIS ZAHRA AZKIYAH,tsaliszahra8@gmail.com,0
3209,141 - DEPOK,001 - CIKEDUK,001200 - RT 12 RW 03 DUSUN 02,ABDUROHMAN,angdur707@gmail.com,+62 853-2111-0707,TSALIS ZAHRA AZKIYAH,tsaliszahra8@gmail.com,0
3209,141 - DEPOK,001 - CIKEDUK,001600 - RT 16 RW 04 DUSUN 02,ABDUROHMAN,angdur707@gmail.com,+62 853-2111-0707,ADILLAH SHOLEHA PUTRI ,adillahsholehaputri1@gmail.com,+62 812-2256-8238
3209,141 - DEPOK,001 - CIKEDUK,001900 - RT 019 RW 005 DUSUN 05,ABDUROHMAN,angdur707@gmail.com,+62 853-2111-0707,NOVI ARIYANTI,noviariyanti705@gmail.com,+62 083-8235-72360
3209,141 - DEPOK,001 - CIKEDUK,002000 - RT 018 RW 005 DUSUN 05,ABDUROHMAN,angdur707@gmail.com,+62 853-2111-0707,NOVI ARIYANTI,noviariyanti705@gmail.com,+62 083-8235-72360
3209,141 - DEPOK,002 - WARUGEDE,000200 - RT 02 RW 01 DUSUN 01,ABDUROHMAN,angdur707@gmail.com,+62 853-2111-0707,ERLINA,erlina.najwahappy@gmail.com,+62 082-3165-07009
3209,141 - DEPOK,002 - WARUGEDE,000300 - RT 03 RW 01 DUSUN 01,ABDUROHMAN,angdur707@gmail.com,+62 853-2111-0707,ERLINA,erlina.najwahappy@gmail.com,+62 082-3165-07009
3209,141 - DEPOK,002 - WARUGEDE,000400 - RT 04 RW 01 DUSUN 01,ABDUROHMAN,angdur707@gmail.com,+62 853-2111-0707,ERLINA,erlina.najwahappy@gmail.com,+62 082-3165-07009
3209,141 - DEPOK,002 - WARUGEDE,000500 - RT 05 RW 01 DUSUN 01,ABDUROHMAN,angdur707@gmail.com,+62 853-2111-0707,ERLINA,erlina.najwahappy@gmail.com,+62 082-3165-07009
3209,141 - DEPOK,002 - WARUGEDE,000600 - RT 06 RW 02 DUSUN 01,ABDUROHMAN,angdur707@gmail.com,+62 853-2111-0707,ERLINA,erlina.najwahappy@gmail.com,+62 082-3165-07009
3209,141 - DEPOK,002 - WARUGEDE,000700 - RT 07 RW 02 DUSUN 01,ABDUROHMAN,angdur707@gmail.com,+62 853-2111-0707,ERLINA,erlina.najwahappy@gmail.com,+62 082-3165-07009
3209,141 - DEPOK,002 - WARUGEDE,000800 - RT 08 RW 02 DUSUN 01,ABDUROHMAN,angdur707@gmail.com,+62 853-2111-0707,ERLINA,erlina.najwahappy@gmail.com,+62 082-3165-07009
3209,141 - DEPOK,002 - WARUGEDE,000900 - RT 09 RW 02 DUSUN 01,ABDUROHMAN,angdur707@gmail.com,+62 853-2111-0707,ERLINA,erlina.najwahappy@gmail.com,+62 082-3165-07009
3209,141 - DEPOK,002 - WARUGEDE,001000 - RT 10 RW 02 DUSUN 01,ABDUROHMAN,angdur707@gmail.com,+62 853-2111-0707,SHOLIHAH DWI AYU NINGRUM,sdwiayuningrum@gmail.com,+62 823-2004-7659
3209,141 - DEPOK,002 - WARUGEDE,001100 - RT 11 RW 03 DUSUN 03,ABDUROHMAN,angdur707@gmail.com,+62 853-2111-0707,SHOLIHAH DWI AYU NINGRUM,sdwiayuningrum@gmail.com,+62 823-2004-7659
3209,141 - DEPOK,002 - WARUGEDE,001300 - RT 13 RW 03 DUSUN 03,ABDUROHMAN,angdur707@gmail.com,+62 853-2111-0707,SHOLIHAH DWI AYU NINGRUM,sdwiayuningrum@gmail.com,+62 823-2004-7659
3209,141 - DEPOK,002 - WARUGEDE,001400 - RT 14 RW 04 DUSUN 02,ABDUROHMAN,angdur707@gmail.com,+62 853-2111-0707,ARIS RISYANTO,arisrisyanto30@gmail.com,+62 813-1740-599
3209,141 - DEPOK,002 - WARUGEDE,001500 - RT 15 RW 04 DUSUN 02,ABDUROHMAN,angdur707@gmail.com,+62 853-2111-0707,ARIS RISYANTO,arisrisyanto30@gmail.com,+62 813-1740-599
3209,141 - DEPOK,002 - WARUGEDE,001600 - RT 016 RW 04 DUSUN 02,ABDUROHMAN,angdur707@gmail.com,+62 853-2111-0707,ARIS RISYANTO,arisrisyanto30@gmail.com,+62 813-1740-599
3209,141 - DEPOK,002 - WARUGEDE,001700 - RT 017 RW 04 DUSUN 02,ABDUROHMAN,angdur707@gmail.com,+62 853-2111-0707,ARIS RISYANTO,arisrisyanto30@gmail.com,+62 813-1740-599
3209,141 - DEPOK,002 - WARUGEDE,001800 - RT 018 RW 04 DUSUN 02,ABDUROHMAN,angdur707@gmail.com,+62 853-2111-0707,ARIS RISYANTO,arisrisyanto30@gmail.com,+62 813-1740-599
3209,141 - DEPOK,002 - WARUGEDE,001900 - RT 019 RW 05 DUSUN 02,ABDUROHMAN,angdur707@gmail.com,+62 853-2111-0707,ARIS RISYANTO,arisrisyanto30@gmail.com,+62 813-1740-599
3209,141 - DEPOK,002 - WARUGEDE,002000 - RT 020 RW 05 DUSUN 02,ABDUROHMAN,angdur707@gmail.com,+62 853-2111-0707,ARIS RISYANTO,arisrisyanto30@gmail.com,+62 813-1740-599
3209,141 - DEPOK,002 - WARUGEDE,002200 - RT 022 RW 05 DUSUN 02,ABDUROHMAN,angdur707@gmail.com,+62 853-2111-0707,SRI MIASIH ,srimiasih132@gmail.com,+62 823-1573-0382
3209,141 - DEPOK,002 - WARUGEDE,002300 - RT 023 RW 06 DUSUN 03,ABDUROHMAN,angdur707@gmail.com,+62 853-2111-0707,SRI MIASIH ,srimiasih132@gmail.com,+62 823-1573-0382
3209,141 - DEPOK,002 - WARUGEDE,002400 - RT 024 RW 06 DUSUN 03,ABDUROHMAN,angdur707@gmail.com,+62 853-2111-0707,SRI MIASIH ,srimiasih132@gmail.com,+62 823-1573-0382
3209,141 - DEPOK,002 - WARUGEDE,002500 - RT 025 RW 06 DUSUN 03,ABDUROHMAN,angdur707@gmail.com,+62 853-2111-0707,SRI MIASIH ,srimiasih132@gmail.com,+62 823-1573-0382
3209,141 - DEPOK,002 - WARUGEDE,002700 - RT 027 RW 06 DUSUN 03,ABDUROHMAN,angdur707@gmail.com,+62 853-2111-0707,SRI MIASIH ,srimiasih132@gmail.com,+62 823-1573-0382
3209,141 - DEPOK,002 - WARUGEDE,100100 - SAWAH 002P,ABDUROHMAN,angdur707@gmail.com,+62 853-2111-0707,SRI MIASIH ,srimiasih132@gmail.com,+62 823-1573-0382
3209,141 - DEPOK,003 - KARANGWANGI,000100 - RT 001 RW 001 DUSUN 001,PARSIANAH,eyshaariana@gmail.com,0,VINA,alvinvina951@gmail.com,0
3209,141 - DEPOK,003 - KARANGWANGI,000400 - RT 004 RW 001 DUSUN 001,PARSIANAH,eyshaariana@gmail.com,0,SOFIYAH LIRIYANI,liriyanipiya@gmail.com,0
3209,141 - DEPOK,003 - KARANGWANGI,000500 - RT 005 RW 001 DUSUN 001,MUGENI,mugenp289@gmail.com,+62 812-1418-5790,JAMIL MULYANA,ngalawakyuk@gmail.com,+62 812-8411-7550
3209,141 - DEPOK,003 - KARANGWANGI,000600 - RT 001 RW 002 DUSUN 001,MUGENI,mugenp289@gmail.com,+62 812-1418-5790,JAMIL MULYANA,ngalawakyuk@gmail.com,+62 812-8411-7550
3209,141 - DEPOK,003 - KARANGWANGI,001200 - RT 007 RW 002 DUSUN 001,MUGENI,mugenp289@gmail.com,+62 812-1418-5790,JAMIL MULYANA,ngalawakyuk@gmail.com,+62 812-8411-7550
3209,141 - DEPOK,003 - KARANGWANGI,001300 - RT 008 RW 002 DUSUN 001,MUGENI,mugenp289@gmail.com,+62 812-1418-5790,UBAIDILLAH,bayubaidillah63@gmail.com,0
3209,141 - DEPOK,003 - KARANGWANGI,001400 - RT 009 RW 002 DUSUN 001,MUGENI,mugenp289@gmail.com,+62 812-1418-5790,JAMIL MULYANA,ngalawakyuk@gmail.com,+62 812-8411-7550
3209,141 - DEPOK,003 - KARANGWANGI,001500 - RT 010 RW 002 DUSUN 001,MUGENI,mugenp289@gmail.com,+62 812-1418-5790,UBAIDILLAH,bayubaidillah63@gmail.com,0
3209,141 - DEPOK,003 - KARANGWANGI,001600 - RT 001 RW 003 DUSUN 002,MUGENI,mugenp289@gmail.com,+62 812-1418-5790,UBAIDILLAH,bayubaidillah63@gmail.com,0
3209,141 - DEPOK,003 - KARANGWANGI,001700 - RT 002 RW 003 DUSUN 002,MUGENI,mugenp289@gmail.com,+62 812-1418-5790,UBAIDILLAH,bayubaidillah63@gmail.com,0
3209,141 - DEPOK,003 - KARANGWANGI,001800 - RT 003 RW 003 DUSUN 002,MUGENI,mugenp289@gmail.com,+62 812-1418-5790,UBAIDILLAH,bayubaidillah63@gmail.com,0
3209,141 - DEPOK,003 - KARANGWANGI,002200 - RT 007 RW 003 DUSUN 002,PARSIANAH,eyshaariana@gmail.com,0,SOFIYAH LIRIYANI,liriyanipiya@gmail.com,0
3209,141 - DEPOK,003 - KARANGWANGI,002300 - RT 001 RW 004 DUSUN 002,MUGENI,mugenp289@gmail.com,+62 812-1418-5790,UBAIDILLAH,bayubaidillah63@gmail.com,0
3209,141 - DEPOK,003 - KARANGWANGI,002500 - RT 003 RW 004 DUSUN 002,MUGENI,mugenp289@gmail.com,+62 812-1418-5790,SANTONI,santonist4@gmail.com,+62 817-0954-588
3209,141 - DEPOK,003 - KARANGWANGI,002600 - RT 004 RW 004 DUSUN 002,MUGENI,mugenp289@gmail.com,+62 812-1418-5790,SANTONI,santonist4@gmail.com,+62 817-0954-588
3209,141 - DEPOK,003 - KARANGWANGI,002900 - RT 007 RW 004 DUSUN 002,PARSIANAH,eyshaariana@gmail.com,0,SOFIYAH LIRIYANI,liriyanipiya@gmail.com,0
3209,141 - DEPOK,003 - KARANGWANGI,003000 - RT 008 RW 004 DUSUN 002,PARSIANAH,eyshaariana@gmail.com,0,SOFIYAH LIRIYANI,liriyanipiya@gmail.com,0
3209,141 - DEPOK,003 - KARANGWANGI,003100 - RT 009 RW 004 DUSUN 002,MUGENI,mugenp289@gmail.com,+62 812-1418-5790,JAMIL MULYANA,ngalawakyuk@gmail.com,+62 812-8411-7550
3209,141 - DEPOK,003 - KARANGWANGI,"100100 - SAWAH 007B, 008B, 009B",MUGENI,mugenp289@gmail.com,+62 812-1418-5790,UBAIDILLAH,bayubaidillah63@gmail.com,0
3209,141 - DEPOK,004 - GETASAN,000100 - RT 001 RW 001 DUSUN 001,MUGENI,mugenp289@gmail.com,+62 812-1418-5790,IIN SODIKIN,iinsodikin44@gmail.com,+62 897-7042-933
3209,141 - DEPOK,004 - GETASAN,000200 - RT 002 RW 001 DUSUN 001,MUGENI,mugenp289@gmail.com,+62 812-1418-5790,IIN SODIKIN,iinsodikin44@gmail.com,+62 897-7042-933
3209,141 - DEPOK,004 - GETASAN,000300 - RT 003 RW 001 DUSUN 001,MUGENI,mugenp289@gmail.com,+62 812-1418-5790,IIN SODIKIN,iinsodikin44@gmail.com,+62 897-7042-933
3209,141 - DEPOK,004 - GETASAN,000401 - RT 004 RW 002 DUSUN 001,MUGENI,mugenp289@gmail.com,+62 812-1418-5790,IIN SODIKIN,iinsodikin44@gmail.com,+62 897-7042-933
3209,141 - DEPOK,004 - GETASAN,000702 - RT 007 RW 002 DUSUN 001,MUGENI,mugenp289@gmail.com,+62 812-1418-5790,OSHA FADILA,oshafadila38@gmail.com,+62 083-1442-26240
3209,141 - DEPOK,004 - GETASAN,000800 - RT 008 RW 003 DUSUN 002,MUGENI,mugenp289@gmail.com,+62 812-1418-5790,OSHA FADILA,oshafadila38@gmail.com,+62 083-1442-26240
3209,141 - DEPOK,004 - GETASAN,000900 - RT 009 RW 003 DUSUN 002,MUGENI,mugenp289@gmail.com,+62 812-1418-5790,OSHA FADILA,oshafadila38@gmail.com,+62 083-1442-26240
3209,141 - DEPOK,004 - GETASAN,001000 - RT 010 RW 003 DUSUN 002,MUGENI,mugenp289@gmail.com,+62 812-1418-5790,OSHA FADILA,oshafadila38@gmail.com,+62 083-1442-26240
3209,141 - DEPOK,004 - GETASAN,001100 - RT 011 RW 004 DUSUN 002,MUGENI,mugenp289@gmail.com,+62 812-1418-5790,AKASHILA NAFDHIA,akashilanfd17@gmail.com,+62 857-2191-6162
3209,141 - DEPOK,004 - GETASAN,100100 - SAWAH LEDOK MAJA,MUGENI,mugenp289@gmail.com,+62 812-1418-5790,DALIM,dzalboth007@gmail.com,+62 821-2012-0007
3209,141 - DEPOK,005 - KEJUDEN,000100 - RT 001 RW 001 DUSUN 1,PARSIANAH,eyshaariana@gmail.com,0,MARIAH,mariahcrbb@gmail.com,+62 812-8694-1717
3209,141 - DEPOK,005 - KEJUDEN,000400 - RT 002 RW 002 DUSUN 1,PARSIANAH,eyshaariana@gmail.com,0,HARDIMAN,loviya.deel@gmail.com,+62 877-9305-8432
3209,141 - DEPOK,005 - KEJUDEN,000500 - RT 003 RW 002 DUSUN 1,PARSIANAH,eyshaariana@gmail.com,0,HARDIMAN,loviya.deel@gmail.com,+62 877-9305-8432
3209,141 - DEPOK,005 - KEJUDEN,000600 - RT 001 RW 003 DUSUN 1,PARSIANAH,eyshaariana@gmail.com,0,HARDIMAN,loviya.deel@gmail.com,+62 877-9305-8432
3209,141 - DEPOK,005 - KEJUDEN,000800 - RT 003 RW 003 DUSUN 1,PARSIANAH,eyshaariana@gmail.com,0,MARIAH,mariahcrbb@gmail.com,+62 812-8694-1717
3209,141 - DEPOK,005 - KEJUDEN,001200 - RT 002 RW 004 DUSUN 2,PARSIANAH,eyshaariana@gmail.com,0,MARIAH,mariahcrbb@gmail.com,+62 812-8694-1717
3209,141 - DEPOK,005 - KEJUDEN,001300 - RT 003 RW 004 DUSUN 2,PARSIANAH,eyshaariana@gmail.com,0,AZZA EMILA ,azzaemila9@gmail.com,+62 878-6233-5003
3209,141 - DEPOK,005 - KEJUDEN,001600 - RT 002 RW 005 DUSUN 2,PARSIANAH,eyshaariana@gmail.com,0,AZZA EMILA ,azzaemila9@gmail.com,+62 878-6233-5003
3209,141 - DEPOK,005 - KEJUDEN,001900 - RT 002 RW 006 DUSUN 3,PARSIANAH,eyshaariana@gmail.com,0,MUHAMAD ANGGALARANG,m.anggalarang@gmail.com,+62 838-2478-7241
3209,141 - DEPOK,005 - KEJUDEN,002000 - RT 001 RW 007 DUSUN 3,PARSIANAH,eyshaariana@gmail.com,0,MUHAMAD ANGGALARANG,m.anggalarang@gmail.com,+62 838-2478-7241
3209,141 - DEPOK,005 - KEJUDEN,002100 - RT 002 RW 007 DUSUN 3,PARSIANAH,eyshaariana@gmail.com,0,MUHAMAD ANGGALARANG,m.anggalarang@gmail.com,+62 838-2478-7241
3209,141 - DEPOK,005 - KEJUDEN,002200 - RT 003 RW 007 DUSUN 3,PARSIANAH,eyshaariana@gmail.com,0,MUHAMAD ANGGALARANG,m.anggalarang@gmail.com,+62 838-2478-7241
3209,141 - DEPOK,005 - KEJUDEN,002300 - RT 004 RW 007 DUSUN 03,PARSIANAH,eyshaariana@gmail.com,0,MUHAMAD ANGGALARANG,m.anggalarang@gmail.com,+62 838-2478-7241
3209,141 - DEPOK,005 - KEJUDEN,100200 - SAWAH,PARSIANAH,eyshaariana@gmail.com,0,HARDIMAN,loviya.deel@gmail.com,+62 877-9305-8432
3209,141 - DEPOK,006 - KEDUANAN,000100 - RT 001 RW 001 DUSUN 1,ISA MUNISA WATI,isamunisa7@gmail.com,+62 877-1035-6369,ANISAH,anirons978@gmail.com,+62 852-8471-0400
3209,141 - DEPOK,006 - KEDUANAN,000400 - RT 004 RW 002 DUSUN 1,ISA MUNISA WATI,isamunisa7@gmail.com,+62 877-1035-6369,WULANDARI ,wulandari187304@gmail.com,+62 877-3654-9734
3209,141 - DEPOK,006 - KEDUANAN,000700 - RT 007 RW 003 DUSUN 2,ISA MUNISA WATI,isamunisa7@gmail.com,+62 877-1035-6369,WULANDARI ,wulandari187304@gmail.com,+62 877-3654-9734
3209,141 - DEPOK,006 - KEDUANAN,001100 - RT 011 RW 005 DUSUN 3,ISA MUNISA WATI,isamunisa7@gmail.com,+62 877-1035-6369,GILANG PERMANA,gilangpramana35@gmail.com,+62 838-7256-5347
3209,141 - DEPOK,006 - KEDUANAN,001400 - RT 014 RW 006 DUSUN 3,ISA MUNISA WATI,isamunisa7@gmail.com,+62 877-1035-6369,GILANG PERMANA,gilangpramana35@gmail.com,+62 838-7256-5347
3209,141 - DEPOK,006 - KEDUANAN,001500 - RT 015 RW 007 DUSUN 4,ISA MUNISA WATI,isamunisa7@gmail.com,+62 877-1035-6369,ANISAH,anirons978@gmail.com,+62 852-8471-0400
3209,141 - DEPOK,006 - KEDUANAN,001600 - RT 016 RW 007 DUSUN 4,ISA MUNISA WATI,isamunisa7@gmail.com,+62 877-1035-6369,ANISAH,anirons978@gmail.com,+62 852-8471-0400
3209,141 - DEPOK,006 - KEDUANAN,001700 - RT 017 RW 008 DUSUN 4,ISA MUNISA WATI,isamunisa7@gmail.com,+62 877-1035-6369,ANISAH,anirons978@gmail.com,+62 852-8471-0400
3209,141 - DEPOK,006 - KEDUANAN,001900 - RT 019 RW 008 DUSUN 4,ISA MUNISA WATI,isamunisa7@gmail.com,+62 877-1035-6369,ANISAH,anirons978@gmail.com,+62 852-8471-0400
3209,141 - DEPOK,006 - KEDUANAN,100100 - SAWAH,ISA MUNISA WATI,isamunisa7@gmail.com,+62 877-1035-6369,GILANG PERMANA,gilangpramana35@gmail.com,+62 838-7256-5347
3209,141 - DEPOK,006 - KEDUANAN,100200 - SAWAH,ISA MUNISA WATI,isamunisa7@gmail.com,+62 877-1035-6369,WULANDARI ,wulandari187304@gmail.com,+62 877-3654-9734
3209,141 - DEPOK,007 - WARUROYOM,000100 - RT 01 RW 001 DUSUN 001,NURUL FEBRIANI,agrazembada1@gmail.com,+62 812-2384-4468,MUHAMAD IBNU FAHROZI,muhamadibnufahrozi@gmail.com,+62 881-4557-859
3209,141 - DEPOK,007 - WARUROYOM,000200 - RT 002 RW 001 DUSUN 001,NURUL FEBRIANI,agrazembada1@gmail.com,+62 812-2384-4468,MUHAMAD IBNU FAHROZI,muhamadibnufahrozi@gmail.com,+62 881-4557-859
3209,141 - DEPOK,007 - WARUROYOM,000300 - RT 003 RW 001 DUSUN 001,NURUL FEBRIANI,agrazembada1@gmail.com,+62 812-2384-4468,MUHAMAD IBNU FAHROZI,muhamadibnufahrozi@gmail.com,+62 881-4557-859
3209,141 - DEPOK,007 - WARUROYOM,000400 - RT 004 RW 001 DUSUN 001,NURUL FEBRIANI,agrazembada1@gmail.com,+62 812-2384-4468,MUHAMAD IBNU FAHROZI,muhamadibnufahrozi@gmail.com,+62 881-4557-859
3209,141 - DEPOK,007 - WARUROYOM,000500 - RT 001 RW 002 DUSUN 001,NURUL FEBRIANI,agrazembada1@gmail.com,+62 812-2384-4468,MUHAMAD IBNU FAHROZI,muhamadibnufahrozi@gmail.com,+62 881-4557-859
3209,141 - DEPOK,007 - WARUROYOM,000600 - RT 002 RW 002 DUSUN 001,NURUL FEBRIANI,agrazembada1@gmail.com,+62 812-2384-4468,MUHAMAD IBNU FAHROZI,muhamadibnufahrozi@gmail.com,+62 881-4557-859
3209,141 - DEPOK,007 - WARUROYOM,000700 - RT 003 RW 002 DUSUN 001,NURUL FEBRIANI,agrazembada1@gmail.com,+62 812-2384-4468,MUHAMAD IBNU FAHROZI,muhamadibnufahrozi@gmail.com,+62 881-4557-859
3209,141 - DEPOK,007 - WARUROYOM,000800 - RT 004 RW 002 DUSUN 001,NURUL FEBRIANI,agrazembada1@gmail.com,+62 812-2384-4468,FUADA,adahfuadah118@gmail.com,+62 897-4970-693
3209,141 - DEPOK,007 - WARUROYOM,000900 - RT 001 RW 003 DUSUN 001,NURUL FEBRIANI,agrazembada1@gmail.com,+62 812-2384-4468,MUHAMAD IBNU FAHROZI,muhamadibnufahrozi@gmail.com,+62 881-4557-859
3209,141 - DEPOK,007 - WARUROYOM,001600 - RT 004 RW 004 DUSUN 002,NURUL FEBRIANI,agrazembada1@gmail.com,+62 812-2384-4468,AKHMAD MUZAYIN,ahmadmuzayin077@gmail.com,+62 818-0463-2073
3209,141 - DEPOK,007 - WARUROYOM,001700 - RT 005 RW 004 DUSUN 002,NURUL FEBRIANI,agrazembada1@gmail.com,+62 812-2384-4468,AKHMAD MUZAYIN,ahmadmuzayin077@gmail.com,+62 818-0463-2073
3209,141 - DEPOK,007 - WARUROYOM,001800 - RT 001 RW 005 DUSUN 003,NURUL FEBRIANI,agrazembada1@gmail.com,+62 812-2384-4468,AKHMAD MUZAYIN,ahmadmuzayin077@gmail.com,+62 818-0463-2073
3209,141 - DEPOK,007 - WARUROYOM,001900 - RT 002 RW 005 DUSUN 003,NURUL FEBRIANI,agrazembada1@gmail.com,+62 812-2384-4468,AKHMAD MUZAYIN,ahmadmuzayin077@gmail.com,+62 818-0463-2073
3209,141 - DEPOK,007 - WARUROYOM,002100 - RT 004 RW 005 DUSUN 003,NURUL FEBRIANI,agrazembada1@gmail.com,+62 812-2384-4468,AKHMAD MUZAYIN,ahmadmuzayin077@gmail.com,+62 818-0463-2073
3209,141 - DEPOK,007 - WARUROYOM,002200 - RT 005 RW 005 DUSUN 003,NURUL FEBRIANI,agrazembada1@gmail.com,+62 812-2384-4468,AKHMAD MUZAYIN,ahmadmuzayin077@gmail.com,+62 818-0463-2073
3209,141 - DEPOK,008 - WARUKAWUNG,000100 - RT 01 RW 01 DUSUN 01,NURUL FEBRIANI,agrazembada1@gmail.com,+62 812-2384-4468,ARIEF MAULANA ,ariefmaulana39179@gmail.com,+62 857-2164-7101
3209,141 - DEPOK,008 - WARUKAWUNG,000200 - RT 02 RW 01 DUSUN 01,NURUL FEBRIANI,agrazembada1@gmail.com,+62 812-2384-4468,ARIEF MAULANA ,ariefmaulana39179@gmail.com,+62 857-2164-7101
3209,141 - DEPOK,008 - WARUKAWUNG,000300 - RT 03 RW 01 DUSUN 01,NURUL FEBRIANI,agrazembada1@gmail.com,+62 812-2384-4468,ARIEF MAULANA ,ariefmaulana39179@gmail.com,+62 857-2164-7101
3209,141 - DEPOK,008 - WARUKAWUNG,000500 - RT 05 RW 01 DUSUN 01,NURUL FEBRIANI,agrazembada1@gmail.com,+62 812-2384-4468,ARIEF MAULANA ,ariefmaulana39179@gmail.com,+62 857-2164-7101
3209,141 - DEPOK,008 - WARUKAWUNG,000600 - RT 01 RW 02 DUSUN 03,NURUL FEBRIANI,agrazembada1@gmail.com,+62 812-2384-4468,ARIEF MAULANA ,ariefmaulana39179@gmail.com,+62 857-2164-7101
3209,141 - DEPOK,008 - WARUKAWUNG,000700 - RT 02 RW 02 DUSUN 03,NURUL FEBRIANI,agrazembada1@gmail.com,+62 812-2384-4468,ARIEF MAULANA ,ariefmaulana39179@gmail.com,+62 857-2164-7101
3209,141 - DEPOK,008 - WARUKAWUNG,000800 - RT 03 RW 02 DUSUN 03,NURUL FEBRIANI,agrazembada1@gmail.com,+62 812-2384-4468,ARIEF MAULANA ,ariefmaulana39179@gmail.com,+62 857-2164-7101
3209,141 - DEPOK,008 - WARUKAWUNG,000900 - RT 04 RW 02 DUSUN 03,NURUL FEBRIANI,agrazembada1@gmail.com,+62 812-2384-4468,DIANA,dianadwnnda@gmail.com,+62 838-0341-5900
3209,141 - DEPOK,008 - WARUKAWUNG,001000 - RT 01 RW 03 DUSUN 04,NURUL FEBRIANI,agrazembada1@gmail.com,+62 812-2384-4468,DIANA,dianadwnnda@gmail.com,+62 838-0341-5900
3209,141 - DEPOK,008 - WARUKAWUNG,001200 - RT 03 RW 03 DUSUN 04,NURUL FEBRIANI,agrazembada1@gmail.com,+62 812-2384-4468,DIANA,dianadwnnda@gmail.com,+62 838-0341-5900
3209,141 - DEPOK,008 - WARUKAWUNG,001300 - RT 04 RW 03 DUSUN 04,NURUL FEBRIANI,agrazembada1@gmail.com,+62 812-2384-4468,DIANA,dianadwnnda@gmail.com,+62 838-0341-5900
3209,141 - DEPOK,008 - WARUKAWUNG,001400 - RT 05 RW 03 DUSUN 04,NURUL FEBRIANI,agrazembada1@gmail.com,+62 812-2384-4468,DIANA,dianadwnnda@gmail.com,+62 838-0341-5900
3209,141 - DEPOK,008 - WARUKAWUNG,001800 - RT 02 RW 04 DUSUN 04,NURUL FEBRIANI,agrazembada1@gmail.com,+62 812-2384-4468,ERIKA,irnandakusumawati02@gmail.com,+62 877-4870-0847
3209,141 - DEPOK,008 - WARUKAWUNG,001900 - RT 03 RW 04 DUSUN 04,NURUL FEBRIANI,agrazembada1@gmail.com,+62 812-2384-4468,ERIKA,irnandakusumawati02@gmail.com,+62 877-4870-0847
3209,141 - DEPOK,008 - WARUKAWUNG,002100 - RT 05 RW 04 DUSUN 04,NURUL FEBRIANI,agrazembada1@gmail.com,+62 812-2384-4468,ERIKA,irnandakusumawati02@gmail.com,+62 877-4870-0847
3209,141 - DEPOK,008 - WARUKAWUNG,002200 - RT 06 RW 04 DUSUN 04,NURUL FEBRIANI,agrazembada1@gmail.com,+62 812-2384-4468,ERIKA,irnandakusumawati02@gmail.com,+62 877-4870-0847
3209,141 - DEPOK,008 - WARUKAWUNG,002300 - RT 01 RW 05 DUSUN 02,NURUL FEBRIANI,agrazembada1@gmail.com,+62 812-2384-4468,MAU’IDZOTUL HASANAH ,mayahsh6@gmail.com,+62 895-4240-35755
3209,141 - DEPOK,008 - WARUKAWUNG,002500 - RT 03 RW 05 DUSUN 05,NURUL FEBRIANI,agrazembada1@gmail.com,+62 812-2384-4468,MAU’IDZOTUL HASANAH ,mayahsh6@gmail.com,+62 895-4240-35755
3209,141 - DEPOK,008 - WARUKAWUNG,002600 - RT 04 RW 05 DUSUN 05,NURUL FEBRIANI,agrazembada1@gmail.com,+62 812-2384-4468,MAU’IDZOTUL HASANAH ,mayahsh6@gmail.com,+62 895-4240-35755
3209,141 - DEPOK,008 - WARUKAWUNG,002700 - RT 05 RW 05 DUSUN 05,NURUL FEBRIANI,agrazembada1@gmail.com,+62 812-2384-4468,MAU’IDZOTUL HASANAH ,mayahsh6@gmail.com,+62 895-4240-35755
3209,141 - DEPOK,008 - WARUKAWUNG,002900 - RT 07 RW 05 DUSUN 05,NURUL FEBRIANI,agrazembada1@gmail.com,+62 812-2384-4468,MAU’IDZOTUL HASANAH ,mayahsh6@gmail.com,+62 895-4240-35755
3209,141 - DEPOK,008 - WARUKAWUNG,100100 - SAWAH,NURUL FEBRIANI,agrazembada1@gmail.com,+62 812-2384-4468,MAU’IDZOTUL HASANAH ,mayahsh6@gmail.com,+62 895-4240-35755
3209,141 - DEPOK,009 - WARUJAYA,000200 - RT 002 RW 001 DUSUN 001,ISA MUNISA WATI,isamunisa7@gmail.com,+62 877-1035-6369,AYI ROHAYATI ,rohayatiayi0707@gmail.com,+62 881-0232-41742
3209,141 - DEPOK,009 - WARUJAYA,000300 - RT 003 RW 001 DUSUN 001,ISA MUNISA WATI,isamunisa7@gmail.com,+62 877-1035-6369,DEWI ANDINI,dewiandini1897@gmail.com,+62 853-8998-1878
3209,141 - DEPOK,009 - WARUJAYA,000400 - RT 001 RW 002 DUSUN 002,ISA MUNISA WATI,isamunisa7@gmail.com,+62 877-1035-6369,DEWI ANDINI,dewiandini1897@gmail.com,+62 853-8998-1878
3209,141 - DEPOK,009 - WARUJAYA,000600 - RT 003 RW 002 DUSUN 002,ISA MUNISA WATI,isamunisa7@gmail.com,+62 877-1035-6369,DEWI ANDINI,dewiandini1897@gmail.com,+62 853-8998-1878
3209,141 - DEPOK,009 - WARUJAYA,000800 - RT 002 RW 003 DUSUN 003,ISA MUNISA WATI,isamunisa7@gmail.com,+62 877-1035-6369,AHMAD MUIZUL ABIDIN,muizulabidin13@gmail.com,+62 813-2077-6765
3209,141 - DEPOK,009 - WARUJAYA,000900 - RT 003 RW 003 DUSUN 003,ISA MUNISA WATI,isamunisa7@gmail.com,+62 877-1035-6369,AHMAD MUIZUL ABIDIN,muizulabidin13@gmail.com,+62 813-2077-6765
3209,141 - DEPOK,009 - WARUJAYA,001100 - RT 002 RW 004 DUSUN 004,ISA MUNISA WATI,isamunisa7@gmail.com,+62 877-1035-6369,AHMAD MUIZUL ABIDIN,muizulabidin13@gmail.com,+62 813-2077-6765
3209,141 - DEPOK,009 - WARUJAYA,001300 - RT 004 RW 004 DUSUN 004,ISA MUNISA WATI,isamunisa7@gmail.com,+62 877-1035-6369,AYI ROHAYATI ,rohayatiayi0707@gmail.com,+62 881-0232-41742
3209,141 - DEPOK,009 - WARUJAYA,001400 - RT 005 RW 004 DUSUN 004,ISA MUNISA WATI,isamunisa7@gmail.com,+62 877-1035-6369,AYI ROHAYATI ,rohayatiayi0707@gmail.com,+62 881-0232-41742
3209,141 - DEPOK,009 - WARUJAYA,001500 - RT 001 RW 005 DUSUN 005,ISA MUNISA WATI,isamunisa7@gmail.com,+62 877-1035-6369,LITA DIAN SARI,litadiansari839@gmail.com,+62 896-0421-2078
3209,141 - DEPOK,009 - WARUJAYA,001900 - RT 005 RW 005 DUSUN 005,ISA MUNISA WATI,isamunisa7@gmail.com,+62 877-1035-6369,LITA DIAN SARI,litadiansari839@gmail.com,+62 896-0421-2078
3209,141 - DEPOK,009 - WARUJAYA,002000 - RT 004 RW 003 DUSUN 003,ISA MUNISA WATI,isamunisa7@gmail.com,+62 877-1035-6369,DEWI ANDINI,dewiandini1897@gmail.com,+62 853-8998-1878
3209,141 - DEPOK,009 - WARUJAYA,100100 - SAWAH,ISA MUNISA WATI,isamunisa7@gmail.com,+62 877-1035-6369,DEWI ANDINI,dewiandini1897@gmail.com,+62 853-8998-1878
3209,141 - DEPOK,010 - DEPOK,000100 - RT 001 RW 001 DUSUN 01,UBAY ALI AKBAR,ubay.alkhawarizmi@gmail.com,0,FITRIA DEWI,fitdew1601@gmail.com,+62 895-3301-70361
3209,141 - DEPOK,010 - DEPOK,000200 - RT 002 RW 001 DUSUN 01,UBAY ALI AKBAR,ubay.alkhawarizmi@gmail.com,0,FITRIA DEWI,fitdew1601@gmail.com,+62 895-3301-70361
3209,141 - DEPOK,010 - DEPOK,000300 - RT 003 RW 001 DUSUN 01,UBAY ALI AKBAR,ubay.alkhawarizmi@gmail.com,0,ALIF TIADAM,feilaadzam23@gmail.com,+62 838-7770-3546
3209,141 - DEPOK,010 - DEPOK,000400 - RT 004 RW 002 DUSUN 01,UBAY ALI AKBAR,ubay.alkhawarizmi@gmail.com,0,ALIF TIADAM,feilaadzam23@gmail.com,+62 838-7770-3546
3209,141 - DEPOK,010 - DEPOK,000600 - RT 006 RW 002 DUSUN 01,UBAY ALI AKBAR,ubay.alkhawarizmi@gmail.com,0,FITRIA DEWI,fitdew1601@gmail.com,+62 895-3301-70361
3209,141 - DEPOK,010 - DEPOK,000700 - RT 007 RW 003 DUSUN 02,UBAY ALI AKBAR,ubay.alkhawarizmi@gmail.com,0,FITRIA DEWI,fitdew1601@gmail.com,+62 895-3301-70361
3209,141 - DEPOK,010 - DEPOK,000800 - RT 008 RW 003 DUSUN 02,UBAY ALI AKBAR,ubay.alkhawarizmi@gmail.com,0,ALIF TIADAM,feilaadzam23@gmail.com,+62 838-7770-3546
3209,141 - DEPOK,010 - DEPOK,000900 - RT 009 RW 003 DUSUN 02,UBAY ALI AKBAR,ubay.alkhawarizmi@gmail.com,0,ALIF TIADAM,feilaadzam23@gmail.com,+62 838-7770-3546
3209,141 - DEPOK,010 - DEPOK,001000 - RT 010 RW 004 DUSUN 02,UBAY ALI AKBAR,ubay.alkhawarizmi@gmail.com,0,FITRIA DEWI,fitdew1601@gmail.com,+62 895-3301-70361
3209,141 - DEPOK,010 - DEPOK,001200 - RT 012 RW 004 DUSUN 02,UBAY ALI AKBAR,ubay.alkhawarizmi@gmail.com,0,FITRIA DEWI,fitdew1601@gmail.com,+62 895-3301-70361
3209,141 - DEPOK,010 - DEPOK,100100 - SAWAH 006P DAN 007B,UBAY ALI AKBAR,ubay.alkhawarizmi@gmail.com,0,FITRIA DEWI,fitdew1601@gmail.com,+62 895-3301-70361
3209,141 - DEPOK,011 - KASUGENGAN KIDUL,000100 - RT 001 RW 001 DUSUN 1,UBAY ALI AKBAR,ubay.alkhawarizmi@gmail.com,0,OKI HARI ABRIANSYAH,oqhari1994@gmail.com,+62 895-1607-5966
3209,141 - DEPOK,011 - KASUGENGAN KIDUL,000200 - RT 002 RW 001 DUSUN 1,UBAY ALI AKBAR,ubay.alkhawarizmi@gmail.com,0,TOPAN HADI,topanhadi276@gmail.com,+62 895-4143-77829
3209,141 - DEPOK,011 - KASUGENGAN KIDUL,000500 - RT 005 RW 002 DUSUN 1,UBAY ALI AKBAR,ubay.alkhawarizmi@gmail.com,0,TOPAN HADI,topanhadi276@gmail.com,+62 895-4143-77829
3209,141 - DEPOK,011 - KASUGENGAN KIDUL,000600 - RT 006 RW 002 DUSUN 1,UBAY ALI AKBAR,ubay.alkhawarizmi@gmail.com,0,TOPAN HADI,topanhadi276@gmail.com,+62 895-4143-77829
3209,141 - DEPOK,011 - KASUGENGAN KIDUL,000700 - RT 007 RW 003 DUSUN 2,UBAY ALI AKBAR,ubay.alkhawarizmi@gmail.com,0,SUGIARTI,sugisugiarti915@gmail.com,+62 838-5652-0250
3209,141 - DEPOK,011 - KASUGENGAN KIDUL,000800 - RT 008 RW 003 DUSUN 2,UBAY ALI AKBAR,ubay.alkhawarizmi@gmail.com,0,SUGIARTI,sugisugiarti915@gmail.com,+62 838-5652-0250
3209,141 - DEPOK,011 - KASUGENGAN KIDUL,001000 - RT 010 RW 004 DUSUN 3,UBAY ALI AKBAR,ubay.alkhawarizmi@gmail.com,0,SUGIARTI,sugisugiarti915@gmail.com,+62 838-5652-0250
3209,141 - DEPOK,011 - KASUGENGAN KIDUL,001100 - RT 011 RW 004 DUSUN 3,UBAY ALI AKBAR,ubay.alkhawarizmi@gmail.com,0,OKI HARI ABRIANSYAH,oqhari1994@gmail.com,+62 895-1607-5966
3209,141 - DEPOK,011 - KASUGENGAN KIDUL,001200 - RT 012 RW 004 DUSUN 3,UBAY ALI AKBAR,ubay.alkhawarizmi@gmail.com,0,OKI HARI ABRIANSYAH,oqhari1994@gmail.com,+62 895-1607-5966
3209,141 - DEPOK,011 - KASUGENGAN KIDUL,001300 - RT 013 RW 005 DUSUN 4,UBAY ALI AKBAR,ubay.alkhawarizmi@gmail.com,0,SITI BAENA,ehanevan22@gmail.com,+62 838-2302-5002
3209,141 - DEPOK,011 - KASUGENGAN KIDUL,001500 - RT 015 RW 006 DUSUN 4,UBAY ALI AKBAR,ubay.alkhawarizmi@gmail.com,0,SITI BAENA,ehanevan22@gmail.com,+62 838-2302-5002
3209,141 - DEPOK,011 - KASUGENGAN KIDUL,100100 - SAWAH,UBAY ALI AKBAR,ubay.alkhawarizmi@gmail.com,0,OKI HARI ABRIANSYAH,oqhari1994@gmail.com,+62 895-1607-5966
3209,141 - DEPOK,012 - KASUGENGAN LOR,000101 - RT 001 RW 001 DUSUN 1,OGI SUPRAYOGI,ogisuprayogi7@gmail.com,+62 813-2444-3188,NANA,nanabadrun09@gmail.com,+62 831-4017-0778
3209,141 - DEPOK,012 - KASUGENGAN LOR,000102 - RT 001 RW 001 DUSUN 1,OGI SUPRAYOGI,ogisuprayogi7@gmail.com,+62 813-2444-3188,NANA,nanabadrun09@gmail.com,+62 831-4017-0778
3209,141 - DEPOK,012 - KASUGENGAN LOR,000200 - RT 002 RW 001 DUSUN 1,OGI SUPRAYOGI,ogisuprayogi7@gmail.com,+62 813-2444-3188,NANA,nanabadrun09@gmail.com,+62 831-4017-0778
3209,141 - DEPOK,012 - KASUGENGAN LOR,000300 - RT 003 RW 006 DUSUN 1,OGI SUPRAYOGI,ogisuprayogi7@gmail.com,+62 813-2444-3188,ADE IRMA NURYALA,irma030282@gmail.com,+62 085-1753-11321
3209,141 - DEPOK,012 - KASUGENGAN LOR,000400 - RT 004 RW 006 DUSUN 1,OGI SUPRAYOGI,ogisuprayogi7@gmail.com,+62 813-2444-3188,ADE IRMA NURYALA,irma030282@gmail.com,+62 085-1753-11321
3209,141 - DEPOK,012 - KASUGENGAN LOR,000600 - RT 006 RW 006 DUSUN 1,OGI SUPRAYOGI,ogisuprayogi7@gmail.com,+62 813-2444-3188,ADE IRMA NURYALA,irma030282@gmail.com,+62 085-1753-11321
3209,141 - DEPOK,012 - KASUGENGAN LOR,000702 - RT 007 RW 003 DUSUN 1,OGI SUPRAYOGI,ogisuprayogi7@gmail.com,+62 813-2444-3188,DEVI AMALIA SARI,deviamalia339@gmail.com,+62 838-2405-6923
3209,141 - DEPOK,012 - KASUGENGAN LOR,000901 - RT 009 RW 003 DUSUN 2,OGI SUPRAYOGI,ogisuprayogi7@gmail.com,+62 813-2444-3188,DEVI AMALIA SARI,deviamalia339@gmail.com,+62 838-2405-6923
3209,141 - DEPOK,012 - KASUGENGAN LOR,001000 - RT 010 RW 004 DUSUN 2,OGI SUPRAYOGI,ogisuprayogi7@gmail.com,+62 813-2444-3188,RIZKA AMELIA AZZAHRA,rizkaameliaa702@gmail.com,+62 858-2628-7620
3209,141 - DEPOK,012 - KASUGENGAN LOR,001100 - RT 011 RW 004 DUSUN 2,OGI SUPRAYOGI,ogisuprayogi7@gmail.com,+62 813-2444-3188,RIZKA AMELIA AZZAHRA,rizkaameliaa702@gmail.com,+62 858-2628-7620
3209,141 - DEPOK,012 - KASUGENGAN LOR,001200 - RT 012 RW 004 DUSUN 2,OGI SUPRAYOGI,ogisuprayogi7@gmail.com,+62 813-2444-3188,ADE IRMA NURYALA,irma030282@gmail.com,+62 085-1753-11321
3209,141 - DEPOK,012 - KASUGENGAN LOR,001400 - RT 014 RW 004 DUSUN 2,OGI SUPRAYOGI,ogisuprayogi7@gmail.com,+62 813-2444-3188,ERVINA SUHERIYANTI,ervinashr@gmail.com,+62 822-4934-1802
3209,141 - DEPOK,012 - KASUGENGAN LOR,001600 - RT 016 RW 005 DUSUN 2,OGI SUPRAYOGI,ogisuprayogi7@gmail.com,+62 813-2444-3188,MUHAMMAD ARIEF MAULANA,kenchin665@gmail.com,+62 815-4697-3455
3209,141 - DEPOK,012 - KASUGENGAN LOR,001900 - RT 019 RW 001 DUSUN 1,OGI SUPRAYOGI,ogisuprayogi7@gmail.com,+62 813-2444-3188,NANA,nanabadrun09@gmail.com,+62 831-4017-0778
3209,141 - DEPOK,012 - KASUGENGAN LOR,002100 - RT 021 RW 002 DUSUN 2,OGI SUPRAYOGI,ogisuprayogi7@gmail.com,+62 813-2444-3188,MUHAMMAD FA'IQ NIZAM,muhammadfaiqnizam@gmail.com,+62 882-2913-3741
3209,141 - DEPOK,012 - KASUGENGAN LOR,100100 - SAWAH,OGI SUPRAYOGI,ogisuprayogi7@gmail.com,+62 813-2444-3188,MUHAMMAD ARIEF MAULANA,kenchin665@gmail.com,+62 815-4697-3455
3209,141 - DEPOK,012 - KASUGENGAN LOR,100200 - SAWAH,OGI SUPRAYOGI,ogisuprayogi7@gmail.com,+62 813-2444-3188,DEVI AMALIA SARI,deviamalia339@gmail.com,+62 838-2405-6923
3209,150 - WERU,005 - KARANGSARI,001100 - RT 04 RW 02 DUSUN 01,NANA SUKARNA,nanacjr69@gmail.com,+62 082-5845-5384,YUHANA,finayuhana@gmail.com,+62 878-1177-5585
3209,150 - WERU,005 - KARANGSARI,001900 - RT 04 RW 03 DUSUN 01,NANA SUKARNA,nanacjr69@gmail.com,+62 082-5845-5384,FATONAH,nasywahnadin.03@gmail.com,+62 823-2004-9660
3209,150 - WERU,005 - KARANGSARI,002200 - RT 07 RW 03 DUSUN 01,NANA SUKARNA,nanacjr69@gmail.com,+62 082-5845-5384,ERTIN ,ertinnuriel07@gmail.com,+62 853-2313-4600
3209,150 - WERU,006 - KERTASARI,000100 - RT 01 RW 01 DUSUN 01,ASIH MURNASIH,asihmurnasih426@gmail.com,+62 813-2075-5839,ROHMATUS_SHOIM,rohmatusshoim@gmail.com,+62 812-9719-0976
3209,150 - WERU,006 - KERTASARI,000300 - RT 03 RW 01 DUSUN 01,ASIH MURNASIH,asihmurnasih426@gmail.com,+62 813-2075-5839,ROHMATUS_SHOIM,rohmatusshoim@gmail.com,+62 812-9719-0976
3209,150 - WERU,006 - KERTASARI,000502 - RT 02 RW 02 DUSUN 01,ASIH MURNASIH,asihmurnasih426@gmail.com,+62 813-2075-5839,MAYA NURBAYATI,mayanurbayati397@gmail.com,+62 853-5140-9222
3209,150 - WERU,006 - KERTASARI,000700 - RT 04 RW 02 DUSUN 01,ASIH MURNASIH,asihmurnasih426@gmail.com,+62 813-2075-5839,MAYA NURBAYATI,mayanurbayati397@gmail.com,+62 853-5140-9222
3209,150 - WERU,006 - KERTASARI,000800 - RT 01 RW 03 DUSUN 01,ASIH MURNASIH,asihmurnasih426@gmail.com,+62 813-2075-5839,MUFLIKHAH ,ikamuflikha98@gmail.com,+62 813-1057-6484
3209,150 - WERU,006 - KERTASARI,000900 - RT 02 RW 03 DUSUN 01,ASIH MURNASIH,asihmurnasih426@gmail.com,+62 813-2075-5839,RASMINI ,rasminihawa@gmail.com,+62 823-2082-4910
3209,150 - WERU,006 - KERTASARI,001000 - RT 01 RW 04 DUSUN 02,ASIH MURNASIH,asihmurnasih426@gmail.com,+62 813-2075-5839,YANA SOLPIA,yanasolpia87@gmail.com,+62 813-2077-7634
3209,150 - WERU,006 - KERTASARI,001200 - RT 03 RW 04 DUSUN 02,ASIH MURNASIH,asihmurnasih426@gmail.com,+62 813-2075-5839,MUFLIKHAH ,ikamuflikha98@gmail.com,+62 813-1057-6484
3209,150 - WERU,006 - KERTASARI,001400 - RT 02 RW 05 DUSUN 02,ASIH MURNASIH,asihmurnasih426@gmail.com,+62 813-2075-5839,MUFLIKHAH ,ikamuflikha98@gmail.com,+62 813-1057-6484
3209,150 - WERU,006 - KERTASARI,001600 - RT 04 RW 05 DUSUN 02,ASIH MURNASIH,asihmurnasih426@gmail.com,+62 813-2075-5839,MUFLIKHAH ,ikamuflikha98@gmail.com,+62 813-1057-6484
3209,150 - WERU,006 - KERTASARI,001700 - RT 05 RW 05 DUSUN 02,ASIH MURNASIH,asihmurnasih426@gmail.com,+62 813-2075-5839,MAYA NURBAYATI,mayanurbayati397@gmail.com,+62 853-5140-9222
3209,150 - WERU,006 - KERTASARI,002000 - RT 03 RW 06 DUSUN 02,ASIH MURNASIH,asihmurnasih426@gmail.com,+62 813-2075-5839,RASMINI ,rasminihawa@gmail.com,+62 823-2082-4910
3209,150 - WERU,006 - KERTASARI,002300 - RT 05 RW 06 DUSUN 02,ASIH MURNASIH,asihmurnasih426@gmail.com,+62 813-2075-5839,RASMINI ,rasminihawa@gmail.com,+62 823-2082-4910
3209,150 - WERU,007 - MEGU CILIK,000102 - RT 001 RW 001 DUSUN 01,FAJRIATUS SHOLIHAH,fajriatussholihah98@gmail.com,+62 087-7288-22219,RATIH MARTIKASARI,ratihkeefecraft@gmail.com,+62 852-2272-2741
3209,150 - WERU,007 - MEGU CILIK,000300 - RT 003 RW 001 DUSUN 01,FAJRIATUS SHOLIHAH,fajriatussholihah98@gmail.com,+62 087-7288-22219,RATIH MARTIKASARI,ratihkeefecraft@gmail.com,+62 852-2272-2741
3209,150 - WERU,007 - MEGU CILIK,000400 - RT 004 RW 001 DUSUN 01,FAJRIATUS SHOLIHAH,fajriatussholihah98@gmail.com,+62 087-7288-22219,RATIH MARTIKASARI,ratihkeefecraft@gmail.com,+62 852-2272-2741
3209,150 - WERU,007 - MEGU CILIK,000501 - RT 005 RW 001 DUSUN 01,FAJRIATUS SHOLIHAH,fajriatussholihah98@gmail.com,+62 087-7288-22219,UUT UTIYAH,uututiyah06@gmail.com,0
3209,150 - WERU,007 - MEGU CILIK,000601 - RT 006 RW 001 DUSUN 01,FAJRIATUS SHOLIHAH,fajriatussholihah98@gmail.com,+62 087-7288-22219,A'RIFKY RAMADAN,kyraa983@gmail.com,+62 896-6666-8479
3209,150 - WERU,007 - MEGU CILIK,000602 - RT 006 RW 001 DUSUN 01,FAJRIATUS SHOLIHAH,fajriatussholihah98@gmail.com,+62 087-7288-22219,A'RIFKY RAMADAN,kyraa983@gmail.com,+62 896-6666-8479
3209,150 - WERU,007 - MEGU CILIK,000700 - RT 007 RW 001 DUSUN 01,FAJRIATUS SHOLIHAH,fajriatussholihah98@gmail.com,+62 087-7288-22219,UUT UTIYAH,uututiyah06@gmail.com,0
3209,150 - WERU,007 - MEGU CILIK,001401 - RT 001 RW 002 DUSUN 02,FAJRIATUS SHOLIHAH,fajriatussholihah98@gmail.com,+62 087-7288-22219,TRISONO,rismantoaris81@gmail.com,+62 831-8425-4113
3209,150 - WERU,007 - MEGU CILIK,001900 - RT 006 RW 002 DUSUN 02,FAJRIATUS SHOLIHAH,fajriatussholihah98@gmail.com,+62 087-7288-22219,MUHAMAD ASIM ,ashimmuhamad17@gmail.com,+62 897-3915-654
3209,150 - WERU,007 - MEGU CILIK,002100 - RT 001 RW 003 DUSUN 03,FAJRIATUS SHOLIHAH,fajriatussholihah98@gmail.com,+62 087-7288-22219,MUHAMAD ASIM ,ashimmuhamad17@gmail.com,+62 897-3915-654
3209,150 - WERU,007 - MEGU CILIK,002200 - RT 002 RW 003 DUSUN 03,FAJRIATUS SHOLIHAH,fajriatussholihah98@gmail.com,+62 087-7288-22219,ADI YANUAR,adiynr18@gmail.com,0
3209,150 - WERU,007 - MEGU CILIK,002302 - RT 003 RW 003 DUSUN 03,FAJRIATUS SHOLIHAH,fajriatussholihah98@gmail.com,+62 087-7288-22219,ADI YANUAR,adiynr18@gmail.com,0
3209,150 - WERU,007 - MEGU CILIK,002400 - RT 004 RW 003 DUSUN 03,FAJRIATUS SHOLIHAH,fajriatussholihah98@gmail.com,+62 087-7288-22219,ADI YANUAR,adiynr18@gmail.com,0
3209,150 - WERU,008 - MEGU GEDE,000100 - RT 001 RW 001 DUSUN 01,AVI NOGIFFA,avinogiffa@gmail.com,+62 898-7300-087,MELLIYA ASTUTI,meliyaastuti06@gmail.com,0
3209,150 - WERU,008 - MEGU GEDE,000300 - RT 003 RW 001 DUSUN 01,AVI NOGIFFA,avinogiffa@gmail.com,+62 898-7300-087,MELLIYA ASTUTI,meliyaastuti06@gmail.com,0
3209,150 - WERU,008 - MEGU GEDE,000801 - RT 007 RW 002 DUSUN 01,AVI NOGIFFA,avinogiffa@gmail.com,+62 898-7300-087,UMATUL KHOERIAH,khoeriahumatul@gmail.com,+62 089-9730-4324
3209,150 - WERU,008 - MEGU GEDE,000802 - RT 007 RW 002 DUSUN 01,AVI NOGIFFA,avinogiffa@gmail.com,+62 898-7300-087,UMATUL KHOERIAH,khoeriahumatul@gmail.com,+62 089-9730-4324
3209,150 - WERU,008 - MEGU GEDE,000900 - RT 008 RW 002 DUSUN 01,AVI NOGIFFA,avinogiffa@gmail.com,+62 898-7300-087,UMATUL KHOERIAH,khoeriahumatul@gmail.com,+62 089-9730-4324
3209,150 - WERU,008 - MEGU GEDE,001202 - RT 011 RW 003 DUSUN 02,AVI NOGIFFA,avinogiffa@gmail.com,+62 898-7300-087,RAFI HAIDAR RIZKY ,rafihaidarrizki@gmail.com,+62 083-1209-74010
3209,150 - WERU,008 - MEGU GEDE,001300 - RT 012 RW 003 DUSUN 02,AVI NOGIFFA,avinogiffa@gmail.com,+62 898-7300-087,RAFI HAIDAR RIZKY ,rafihaidarrizki@gmail.com,+62 083-1209-74010
3209,150 - WERU,008 - MEGU GEDE,001401 - RT 013 RW 003 DUSUN 02,AVI NOGIFFA,avinogiffa@gmail.com,+62 898-7300-087,DAISAH,daisahamalia@gmail.com,+62 089-5056-85776
3209,150 - WERU,008 - MEGU GEDE,001402 - RT 013 RW 003 DUSUN 02,AVI NOGIFFA,avinogiffa@gmail.com,+62 898-7300-087,DAISAH,daisahamalia@gmail.com,+62 089-5056-85776
3209,150 - WERU,008 - MEGU GEDE,001900 - RT 018 RW 004 DUSUN 02,AVI NOGIFFA,avinogiffa@gmail.com,+62 898-7300-087,SUCI PURWANTI,purwantisuci96@gmail.com,+62 895-3911-24080
3209,150 - WERU,008 - MEGU GEDE,002002 - RT 019 RW 004 DUSUN 02,AVI NOGIFFA,avinogiffa@gmail.com,+62 898-7300-087,SUCI PURWANTI,purwantisuci96@gmail.com,+62 895-3911-24080
3209,150 - WERU,008 - MEGU GEDE,002200 - RT 021 RW 004 DUSUN 02,AVI NOGIFFA,avinogiffa@gmail.com,+62 898-7300-087,RAFI HAIDAR RIZKY ,rafihaidarrizki@gmail.com,+62 083-1209-74010
3209,150 - WERU,009 - SETU WETAN,000200 - RT 02 RW 01 DUSUN 01,ABDUL MUKTI,muktiabdul139@gmail.com,+62 857-2399-5258,RUDDY RACHMAN,ruddy.rachman@gmail.com,+62 851-6196-9733
3209,150 - WERU,009 - SETU WETAN,000300 - RT 03 RW 02 DUSUN 01,ASIH MURNASIH,asihmurnasih426@gmail.com,+62 813-2075-5839,FALAH RIZKI WAHYUDI,frizkiwahyudi@gmail.com,+62 896-0203-8401
3209,150 - WERU,009 - SETU WETAN,000700 - RT 07 RW 03 DUSUN 02,MAHENDRA,mahendrahadikirana@gmail.com,+62 821-1175-8759,JEVRI PRATOMO,pratomojevri@gmail.com,+62 852-2436-1422
3209,150 - WERU,009 - SETU WETAN,000901 - RT 14 RW 03 DUSUN 02,ASIH MURNASIH,asihmurnasih426@gmail.com,+62 813-2075-5839,VUZNA MARZUQOH,vuznamarzuqoh48@gmail.com,+62 823-1626-1407
3209,150 - WERU,009 - SETU WETAN,000902 - RT 14 RW 03 DUSUN 02,ASIH MURNASIH,asihmurnasih426@gmail.com,+62 813-2075-5839,VUZNA MARZUQOH,vuznamarzuqoh48@gmail.com,+62 823-1626-1407
3209,150 - WERU,009 - SETU WETAN,001200 - RT 11 RW 04 DUSUN 03,MAHENDRA,mahendrahadikirana@gmail.com,+62 821-1175-8759,JEVRI PRATOMO,pratomojevri@gmail.com,+62 852-2436-1422
3209,150 - WERU,010 - WERU KIDUL,000200 - RT 002 RW 001 DUSUN 01,MAHENDRA,mahendrahadikirana@gmail.com,+62 821-1175-8759,WISNU TEGAR PRATAMA,wwisnutegarp@gmail.com,+62 089-6613-33046
3209,150 - WERU,010 - WERU KIDUL,000301 - RT 003 RW 001 DUSUN 01,MAHENDRA,mahendrahadikirana@gmail.com,+62 821-1175-8759,MELAN ISMAIL,melansyafiqtsaqif@gmail.com,+62 087-7831-73556
3209,150 - WERU,010 - WERU KIDUL,000700 - RT 001 RW 003 DUSUN 02,MAHENDRA,mahendrahadikirana@gmail.com,+62 821-1175-8759,KHOLID MAWARDI,werukidul007@gmail.com,+62 895-6347-82040
3209,150 - WERU,010 - WERU KIDUL,000800 - RT 002 RW 003 DUSUN 02,MAHENDRA,mahendrahadikirana@gmail.com,+62 821-1175-8759,MELAN ISMAIL,melansyafiqtsaqif@gmail.com,+62 087-7831-73556
3209,150 - WERU,010 - WERU KIDUL,000900 - RT 001 RW 004 DUSUN 02,MAHENDRA,mahendrahadikirana@gmail.com,+62 821-1175-8759,IMRON ROSADI ,imron9751@gmail.com,+62 819-3088-0410
3209,150 - WERU,010 - WERU KIDUL,001000 - RT 002 RW 004 DUSUN 02,MAHENDRA,mahendrahadikirana@gmail.com,+62 821-1175-8759,IMRON ROSADI ,imron9751@gmail.com,+62 819-3088-0410
3209,150 - WERU,010 - WERU KIDUL,001500 - RT 001 RW 006 DUSUN 03,MAHENDRA,mahendrahadikirana@gmail.com,+62 821-1175-8759,IMRON ROSADI ,imron9751@gmail.com,+62 819-3088-0410
3209,150 - WERU,010 - WERU KIDUL,001601 - RT 002 RW 006 DUSUN 03,MAHENDRA,mahendrahadikirana@gmail.com,+62 821-1175-8759,NOVI NURHAYATI ,novi.nurhayati1011@gmail.com,+62 888-0824-4458
3209,150 - WERU,010 - WERU KIDUL,001603 - RT 002 RW 006 DUSUN 03,MAHENDRA,mahendrahadikirana@gmail.com,+62 821-1175-8759,NOVI NURHAYATI ,novi.nurhayati1011@gmail.com,+62 888-0824-4458
3209,150 - WERU,010 - WERU KIDUL,001700 - RT 001 RW 007 DUSUN 04,MAHENDRA,mahendrahadikirana@gmail.com,+62 821-1175-8759,KHOLID MAWARDI,werukidul007@gmail.com,+62 895-6347-82040
3209,150 - WERU,010 - WERU KIDUL,001900 - RT 003 RW 007 DUSUN 04,MAHENDRA,mahendrahadikirana@gmail.com,+62 821-1175-8759,KHOLID MAWARDI,werukidul007@gmail.com,+62 895-6347-82040
3209,150 - WERU,010 - WERU KIDUL,002001 - RT 004 RW 007 DUSUN 04,MAHENDRA,mahendrahadikirana@gmail.com,+62 821-1175-8759,MUHAMMAD MAHRUS ALI ,mahrusalima1989@gmail.com,+62 812-2440-8289
3209,150 - WERU,010 - WERU KIDUL,002002 - RT 004 RW 007 DUSUN 04,MAHENDRA,mahendrahadikirana@gmail.com,+62 821-1175-8759,MUHAMMAD MAHRUS ALI ,mahrusalima1989@gmail.com,+62 812-2440-8289
3209,150 - WERU,010 - WERU KIDUL,002102 - RT 005 RW 007 DUSUN 04,MAHENDRA,mahendrahadikirana@gmail.com,+62 821-1175-8759,MUHAMMAD MAHRUS ALI ,mahrusalima1989@gmail.com,+62 812-2440-8289
3209,150 - WERU,011 - SETU KULON,000101 - RT 01 RW 01 DUSUN 01,ABDUL MUKTI,muktiabdul139@gmail.com,+62 857-2399-5258,NURHAYATI,nurhayatinusha@gmail.com,+62 838-2737-3962
3209,150 - WERU,011 - SETU KULON,000102 - RT 01 RW 01 DUSUN 01,ABDUL MUKTI,muktiabdul139@gmail.com,+62 857-2399-5258,NURHAYATI,nurhayatinusha@gmail.com,+62 838-2737-3962
3209,150 - WERU,011 - SETU KULON,000601 - RT 05 RW 02 DUSUN 02,ABDUL MUKTI,muktiabdul139@gmail.com,+62 857-2399-5258,NURHAYATI,nurhayatinusha@gmail.com,+62 838-2737-3962
3209,150 - WERU,011 - SETU KULON,000602 - RT 05 RW 02 DUSUN 02,ABDUL MUKTI,muktiabdul139@gmail.com,+62 857-2399-5258,FARKHA AULIA,farkhaaulia4@gmail.com,+62 882-0021-75994
3209,150 - WERU,011 - SETU KULON,001001 - RT 09 RW 04 DUSUN 04,ABDUL MUKTI,muktiabdul139@gmail.com,+62 857-2399-5258,MUHAMMAD ALI FAJRI,saimetalee@gmail.com,+62 081-9470-10777
3209,150 - WERU,011 - SETU KULON,001002 - RT 09 RW 04 DUSUN 04,ABDUL MUKTI,muktiabdul139@gmail.com,+62 857-2399-5258,MUHAMMAD ALI FAJRI,saimetalee@gmail.com,+62 081-9470-10777
3209,150 - WERU,011 - SETU KULON,001102 - RT 10 RW 04 DUSUN 04,ABDUL MUKTI,muktiabdul139@gmail.com,+62 857-2399-5258,GUSTI FAIZ ANANDI ,gustifaizaanandi@gmail.com,+62 896-3007-5013
3209,150 - WERU,012 - TEGALWANGI,000200 - RT 002 RW 001,JAHIDIN,jahidintgw@gmail.com,+62 085-2248-73115,JUFRI HADIANSYAH,ngemilmie@gmail.com,+62 898-5161-022
3209,150 - WERU,012 - TEGALWANGI,000700 - RT 007 RW 002,JAHIDIN,jahidintgw@gmail.com,+62 085-2248-73115,AMIN NUROCHIM,aminnurochim0111@gmail.com,+62 812-9990-0177
3209,150 - WERU,012 - TEGALWANGI,000900 - RT 009 RW 003,JAHIDIN,jahidintgw@gmail.com,+62 085-2248-73115,KHOIRON RAHMAT,iisrahmat35@gmail.com,+62 896-6122-2813
3209,150 - WERU,012 - TEGALWANGI,001000 - RT 010 RW 003,JAHIDIN,jahidintgw@gmail.com,+62 085-2248-73115,AMIN NUROCHIM,aminnurochim0111@gmail.com,+62 812-9990-0177
3209,150 - WERU,012 - TEGALWANGI,001100 - RT 011 RW 003,JAHIDIN,jahidintgw@gmail.com,+62 085-2248-73115,JUFRI HADIANSYAH,ngemilmie@gmail.com,+62 898-5161-022
3209,150 - WERU,012 - TEGALWANGI,002100 - RT 021 RW 006,JAHIDIN,jahidintgw@gmail.com,+62 085-2248-73115,HENI KHASANAH,khasanahheni82@gmail.com,0
3209,150 - WERU,012 - TEGALWANGI,002800 - RT 028 RW 007,JAHIDIN,jahidintgw@gmail.com,+62 085-2248-73115,ANA MARYANA,maryana2662@gmail.com,+62 852-2416-9193
3209,150 - WERU,012 - TEGALWANGI,003000 - RT 030 RW 008,JAHIDIN,jahidintgw@gmail.com,+62 085-2248-73115,MOHAMMAD RIFQI,rifqi.tegalwangi@gmail.com,+62 813-1587-7036
3209,150 - WERU,012 - TEGALWANGI,003200 - RT 032 RW 008,JAHIDIN,jahidintgw@gmail.com,+62 085-2248-73115,MOHAMMAD RIFQI,rifqi.tegalwangi@gmail.com,+62 813-1587-7036
3209,150 - WERU,012 - TEGALWANGI,003300 - RT 033 RW 008,JAHIDIN,jahidintgw@gmail.com,+62 085-2248-73115,MOHAMMAD RIFQI,rifqi.tegalwangi@gmail.com,+62 813-1587-7036
3209,150 - WERU,015 - WERU LOR,000201 - RT 002 RW 001,RUDI HARTONO,hartonocirebonrudi@gmail.com,+62 838-3729-4424,FARRIHATUSSOLIHAH ,farrihatus02@gmail.com,+62 812-2262-6684
3209,150 - WERU,015 - WERU LOR,000600 - RT 008 RW 002,RUDI HARTONO,hartonocirebonrudi@gmail.com,+62 838-3729-4424,FARRIHATUSSOLIHAH ,farrihatus02@gmail.com,+62 812-2262-6684
3209,150 - WERU,015 - WERU LOR,000701 - RT 009 RW 003,RUDI HARTONO,hartonocirebonrudi@gmail.com,+62 838-3729-4424,MUKHAMAD CESAR,muhamadcesar5@gmail.com,+62 881-0231-67706
3209,150 - WERU,015 - WERU LOR,000707 - RT 009 RW 003,RUDI HARTONO,hartonocirebonrudi@gmail.com,+62 838-3729-4424,TARSA SURNADI,sunarditarsa@gmail.com,+62 896-9731-1156
3209,150 - WERU,015 - WERU LOR,000900 - RT 011 RW 003,RUDI HARTONO,hartonocirebonrudi@gmail.com,+62 838-3729-4424,NANDA SILVIA,nda8271@gmail.com,+62 898-4039-430
3209,150 - WERU,015 - WERU LOR,001000 - RT 012 RW 003,RUDI HARTONO,hartonocirebonrudi@gmail.com,+62 838-3729-4424,TARSA SURNADI,sunarditarsa@gmail.com,+62 896-9731-1156
3209,150 - WERU,015 - WERU LOR,001101 - RT 013 RW 003,RUDI HARTONO,hartonocirebonrudi@gmail.com,+62 838-3729-4424,NANDA SILVIA,nda8271@gmail.com,+62 898-4039-430
3209,150 - WERU,015 - WERU LOR,001102 - RT 013 RW 003,RUDI HARTONO,hartonocirebonrudi@gmail.com,+62 838-3729-4424,NANDA SILVIA,nda8271@gmail.com,+62 898-4039-430
3209,150 - WERU,015 - WERU LOR,001200 - RT 004 RW 004,RUDI HARTONO,hartonocirebonrudi@gmail.com,+62 838-3729-4424,TARSA SURNADI,sunarditarsa@gmail.com,+62 896-9731-1156
3209,150 - WERU,015 - WERU LOR,500100 - MALL RAMAYANA,RUDI HARTONO,hartonocirebonrudi@gmail.com,+62 838-3729-4424,SELVIANA NELI,pianeli475@gmail.com,+62 822-2838-7700
3209,151 - PLERED,001 - PANEMBAHAN,000200 - RT 002 RW 01 DUSUN 1,ATATI,atatywadas@gmail.com,+62 896-6203-9087,NUR SAIDAH,nursaidahnew02@gmail.com,+62 877-4554-9366
3209,151 - PLERED,001 - PANEMBAHAN,000500 - RT 005 RW 02 DUSUN 2,MUHAMAD ALFI,muhamadalfi682@gmail.com,+62 812-1472-4344,SITI RUKOYAH,bundaoyan80@gmail.com,+62 852-2107-2071
3209,151 - PLERED,001 - PANEMBAHAN,000600 - RT 006 RW 02 DUSUN 2,MUHAMAD ALFI,muhamadalfi682@gmail.com,+62 812-1472-4344,SITI RUKOYAH,bundaoyan80@gmail.com,+62 852-2107-2071
3209,151 - PLERED,001 - PANEMBAHAN,000700 - RT 015 RW 02 DUSUN 2,ATATI,atatywadas@gmail.com,+62 896-6203-9087,NUR SAIDAH,nursaidahnew02@gmail.com,+62 877-4554-9366
3209,151 - PLERED,001 - PANEMBAHAN,000800 - RT 007 RW 03 DUSUN 3,MUHAMAD ALFI,muhamadalfi682@gmail.com,+62 812-1472-4344,ABDUL ROSAD,rosadabdul545@gmail.com,+62 812-1259-5727
3209,151 - PLERED,001 - PANEMBAHAN,001000 - RT 009 RW 03 DUSUN 3,MUHAMAD ALFI,muhamadalfi682@gmail.com,+62 812-1472-4344,IBROHIM HASAN,ibrohim.hasan94@gmail.com,+62 858-7620-6661
3209,151 - PLERED,001 - PANEMBAHAN,001200 - RT 010 RW 04 DUSUN 4,MUHAMAD ALFI,muhamadalfi682@gmail.com,+62 812-1472-4344,IBROHIM HASAN,ibrohim.hasan94@gmail.com,+62 858-7620-6661
3209,151 - PLERED,001 - PANEMBAHAN,001300 - RT 011 RW 04 DUSUN 4,MUHAMAD ALFI,muhamadalfi682@gmail.com,+62 812-1472-4344,ABDUL ROSAD,rosadabdul545@gmail.com,+62 812-1259-5727
3209,151 - PLERED,001 - PANEMBAHAN,001400 - RT 012 RW 04 DUSUN 4,MUHAMAD ALFI,muhamadalfi682@gmail.com,+62 812-1472-4344,ABDUL ROSAD,rosadabdul545@gmail.com,+62 812-1259-5727
3209,151 - PLERED,001 - PANEMBAHAN,001500 - RT 013 RW 04 DUSUN 4,MUHAMAD ALFI,muhamadalfi682@gmail.com,+62 812-1472-4344,ABDUL ROSAD,rosadabdul545@gmail.com,+62 812-1259-5727
3209,151 - PLERED,001 - PANEMBAHAN,100100 - SAWAH,MUHAMAD ALFI,muhamadalfi682@gmail.com,+62 812-1472-4344,ABDUL ROSAD,rosadabdul545@gmail.com,+62 812-1259-5727
3209,151 - PLERED,002 - TRUSMI WETAN,000300 - RT 003 RW 001 DUSUN 1,MUHAMAD ALFI,muhamadalfi682@gmail.com,+62 812-1472-4344,RIKA SARIKA,rikasarika8585@gmail.com,+62 877-3943-6146
3209,151 - PLERED,002 - TRUSMI WETAN,000500 - RT 005 RW 002 DUSUN 1,MUHAMAD ALFI,muhamadalfi682@gmail.com,+62 812-1472-4344,HARDIMAN,weduscoy66@gmail.com,+62 812-2072-3373
3209,151 - PLERED,002 - TRUSMI WETAN,000700 - RT 007 RW 002 DUSUN 2,MUHAMAD ALFI,muhamadalfi682@gmail.com,+62 812-1472-4344,HARDIMAN,weduscoy66@gmail.com,+62 812-2072-3373
3209,151 - PLERED,002 - TRUSMI WETAN,000800 - RT 008 RW 003 DUSUN 2,MUHAMAD ALFI,muhamadalfi682@gmail.com,+62 812-1472-4344,HARDIMAN,weduscoy66@gmail.com,+62 812-2072-3373
3209,151 - PLERED,002 - TRUSMI WETAN,000900 - RT 009 RW 003 DUSUN 2,MUHAMAD ALFI,muhamadalfi682@gmail.com,+62 812-1472-4344,HARDIMAN,weduscoy66@gmail.com,+62 812-2072-3373
3209,151 - PLERED,002 - TRUSMI WETAN,001000 - RT 010 RW 003 DUSUN 2,MUHAMAD ALFI,muhamadalfi682@gmail.com,+62 812-1472-4344,HARDIMAN,weduscoy66@gmail.com,+62 812-2072-3373
3209,151 - PLERED,002 - TRUSMI WETAN,001200 - RT 012 RW 004 DUSUN 3,MUHAMAD ALFI,muhamadalfi682@gmail.com,+62 812-1472-4344,RIKA SARIKA,rikasarika8585@gmail.com,+62 877-3943-6146
3209,151 - PLERED,002 - TRUSMI WETAN,100100 - PERSAWAHAN,MUHAMAD ALFI,muhamadalfi682@gmail.com,+62 812-1472-4344,RIKA SARIKA,rikasarika8585@gmail.com,+62 877-3943-6146
3209,151 - PLERED,003 - TRUSMI KULON,000100 - RT 001 RW 001 DUSUN 1,MUHAMAD ALFI,muhamadalfi682@gmail.com,+62 812-1472-4344,NANI WAHYUNINGSIH,naniwahyuningsih1978@gmail.com,+62 838-7770-3725
3209,151 - PLERED,003 - TRUSMI KULON,000200 - RT 002 RW 001 DUSUN 1,MUHAMAD ALFI,muhamadalfi682@gmail.com,+62 812-1472-4344,NANI WAHYUNINGSIH,naniwahyuningsih1978@gmail.com,+62 838-7770-3725
3209,151 - PLERED,003 - TRUSMI KULON,000300 - RT 003 RW 001 DUSUN 1,MUHAMAD ALFI,muhamadalfi682@gmail.com,+62 812-1472-4344,NANI WAHYUNINGSIH,naniwahyuningsih1978@gmail.com,+62 838-7770-3725
3209,151 - PLERED,003 - TRUSMI KULON,000400 - RT 004 RW 001 DUSUN 1,MUHAMAD ALFI,muhamadalfi682@gmail.com,+62 812-1472-4344,NANI WAHYUNINGSIH,naniwahyuningsih1978@gmail.com,+62 838-7770-3725
3209,151 - PLERED,003 - TRUSMI KULON,000700 - RT 007 RW 002 DUSUN 2,MUHAMAD ALFI,muhamadalfi682@gmail.com,+62 812-1472-4344,NUR TRISNAWATI,nurtrisnawati27@gmail.com,+62 822-1616-5989
3209,151 - PLERED,003 - TRUSMI KULON,000800 - RT 008 RW 002 DUSUN 2,MUHAMAD ALFI,muhamadalfi682@gmail.com,+62 812-1472-4344,NUR TRISNAWATI,nurtrisnawati27@gmail.com,+62 822-1616-5989
3209,151 - PLERED,003 - TRUSMI KULON,000900 - RT 009 RW 003 DUSUN 3,SAEPUL PUAD,sherrinnoviana@gmail.com,+62 896-6428-3444_,NUR ANISYAH,annisanrr1507@gmail.com,+62 896-6560-4417
3209,151 - PLERED,003 - TRUSMI KULON,001000 - RT 010 RW 003 DUSUN 3,SAEPUL PUAD,sherrinnoviana@gmail.com,+62 896-6428-3444_,NUR ANISYAH,annisanrr1507@gmail.com,+62 896-6560-4417
3209,151 - PLERED,003 - TRUSMI KULON,001100 - RT 011 RW 003 DUSUN 3,SAEPUL PUAD,sherrinnoviana@gmail.com,+62 896-6428-3444_,NUR ANISYAH,annisanrr1507@gmail.com,+62 896-6560-4417
3209,151 - PLERED,003 - TRUSMI KULON,001200 - RT 012 RW 003 DUSUN 3,SAEPUL PUAD,sherrinnoviana@gmail.com,+62 896-6428-3444_,NUR ANISYAH,annisanrr1507@gmail.com,+62 896-6560-4417
3209,151 - PLERED,003 - TRUSMI KULON,001300 - RT 013 RW 004 DUSUN 1,MARIA OKTAVIANA,mariamaria20q@gmail.com,+62 852-1072-6563,MINARNI SETYANINGSIH,minarni731@gmail.com,+62 823-2088-8641
3209,151 - PLERED,003 - TRUSMI KULON,001400 - RT 014 RW 004 DUSUN 1,MARIA OKTAVIANA,mariamaria20q@gmail.com,+62 852-1072-6563,MINARNI SETYANINGSIH,minarni731@gmail.com,+62 823-2088-8641
3209,151 - PLERED,003 - TRUSMI KULON,001500 - RT 015 RW 004 DUSUN 3,MARIA OKTAVIANA,mariamaria20q@gmail.com,+62 852-1072-6563,MINARNI SETYANINGSIH,minarni731@gmail.com,+62 823-2088-8641
3209,151 - PLERED,003 - TRUSMI KULON,001600 - RT 016 RW 004 DUSUN 3,MARIA OKTAVIANA,mariamaria20q@gmail.com,+62 852-1072-6563,MINARNI SETYANINGSIH,minarni731@gmail.com,+62 823-2088-8641
3209,151 - PLERED,003 - TRUSMI KULON,100100 - PERSAWAHAN,MARIA OKTAVIANA,mariamaria20q@gmail.com,+62 852-1072-6563,MINARNI SETYANINGSIH,minarni731@gmail.com,+62 823-2088-8641
3209,151 - PLERED,004 - SARABAU,000300 - RT 003 RW 001 DUSUN 1,ACHMAD ROSIDIN,rosidinachmad74@gmail.com,+62 823-2088-8400,OPIPAH,opipahopipah91@gmail.com,0
3209,151 - PLERED,004 - SARABAU,000400 - RT 004 RW 001 DUSUN 1,MUHAMAD ALFI,muhamadalfi682@gmail.com,+62 812-1472-4344,IBNU RUDIWAN,ibnur02019@gmail.com,+62 085-3536-35343
3209,151 - PLERED,004 - SARABAU,000700 - RT 007 RW 002 DUSUN 2,ACHMAD ROSIDIN,rosidinachmad74@gmail.com,+62 823-2088-8400,HUSNUL KHOTIMAH,hk0411795@gmail.com,+62 895-3723-02018
3209,151 - PLERED,004 - SARABAU,000900 - RT 008 RW 003 DUSUN 3,MUHAMAD ALFI,muhamadalfi682@gmail.com,+62 812-1472-4344,IBNU RUDIWAN,ibnur02019@gmail.com,+62 085-3536-35343
3209,151 - PLERED,004 - SARABAU,001000 - RT 009 RW 003 DUSUN 3,MUHAMAD ALFI,muhamadalfi682@gmail.com,+62 812-1472-4344,IBNU RUDIWAN,ibnur02019@gmail.com,+62 085-3536-35343
3209,151 - PLERED,004 - SARABAU,001100 - RT 010 RW 003 DUSUN 3,MUHAMAD ALFI,muhamadalfi682@gmail.com,+62 812-1472-4344,IBNU RUDIWAN,ibnur02019@gmail.com,+62 085-3536-35343
3209,151 - PLERED,004 - SARABAU,001400 - RT 013 RW 005 DUSUN 5,MARIA OKTAVIANA,mariamaria20q@gmail.com,+62 852-1072-6563,ERAWATI,erawati2309@gmail.com,+62 821-1912-6337
3209,151 - PLERED,004 - SARABAU,100100 - PERSAWAHAN,MARIA OKTAVIANA,mariamaria20q@gmail.com,+62 852-1072-6563,ERAWATI,erawati2309@gmail.com,+62 821-1912-6337
3209,151 - PLERED,005 - GAMEL,000100 - RT 001 RW 001 DUSUN 001,MARIA OKTAVIANA,mariamaria20q@gmail.com,+62 852-1072-6563,FERDY JULIANSYAH,ferdycirebon020@gmail.com,+62 838-4864-7237
3209,151 - PLERED,005 - GAMEL,000200 - RT 002 RW 001 DUSUN 001,MARIA OKTAVIANA,mariamaria20q@gmail.com,+62 852-1072-6563,TIN TACI,feriweringin@gmail.com,+62 896-3775-4254
3209,151 - PLERED,005 - GAMEL,000600 - RT 001 RW 002 DUSUN 002,MARIA OKTAVIANA,mariamaria20q@gmail.com,+62 852-1072-6563,TIN TACI,feriweringin@gmail.com,+62 896-3775-4254
3209,151 - PLERED,005 - GAMEL,000700 - RT 002 RW 002 DUSUN 002,MARIA OKTAVIANA,mariamaria20q@gmail.com,+62 852-1072-6563,TIN TACI,feriweringin@gmail.com,+62 896-3775-4254
3209,151 - PLERED,005 - GAMEL,000800 - RT 003 RW 002 DUSUN 002,MARIA OKTAVIANA,mariamaria20q@gmail.com,+62 852-1072-6563,TIN TACI,feriweringin@gmail.com,+62 896-3775-4254
3209,151 - PLERED,005 - GAMEL,000900 - RT 004 RW 002 DUSUN 002,MARIA OKTAVIANA,mariamaria20q@gmail.com,+62 852-1072-6563,TIN TACI,feriweringin@gmail.com,+62 896-3775-4254
3209,151 - PLERED,005 - GAMEL,001000 - RT 001 RW 003 DUSUN 003,ACHMAD ROSIDIN,rosidinachmad74@gmail.com,+62 823-2088-8400,ADILLAH BILABAGI NURWAHID,nurlaelimk17@gmail.com,+62 881-0232-82629
3209,151 - PLERED,005 - GAMEL,001100 - RT 002 RW 003 DUSUN 003,ACHMAD ROSIDIN,rosidinachmad74@gmail.com,+62 823-2088-8400,ADILLAH BILABAGI NURWAHID,nurlaelimk17@gmail.com,+62 881-0232-82629
3209,151 - PLERED,005 - GAMEL,001200 - RT 003 RW 003 DUSUN 003,ACHMAD ROSIDIN,rosidinachmad74@gmail.com,+62 823-2088-8400,ADILLAH BILABAGI NURWAHID,nurlaelimk17@gmail.com,+62 881-0232-82629
3209,151 - PLERED,005 - GAMEL,001300 - RT 004 RW 003 DUSUN 003,ACHMAD ROSIDIN,rosidinachmad74@gmail.com,+62 823-2088-8400,ADILLAH BILABAGI NURWAHID,nurlaelimk17@gmail.com,+62 881-0232-82629
3209,151 - PLERED,005 - GAMEL,001400 - RT 005 RW 003 DUSUN 003,ACHMAD ROSIDIN,rosidinachmad74@gmail.com,+62 823-2088-8400,ADILLAH BILABAGI NURWAHID,nurlaelimk17@gmail.com,+62 881-0232-82629
3209,151 - PLERED,005 - GAMEL,100100 - SAWAH,MARIA OKTAVIANA,mariamaria20q@gmail.com,+62 852-1072-6563,DIAN INDRIANTI,dianindrianti87@gmail.com,+62 899-9286-650
3209,151 - PLERED,005 - GAMEL,100200 - SAWAH,MARIA OKTAVIANA,mariamaria20q@gmail.com,+62 852-1072-6563,DIAN INDRIANTI,dianindrianti87@gmail.com,+62 899-9286-650
3209,151 - PLERED,006 - WOTGALI,000200 - RT 002 RW 001 DUSUN 1,MARIA OKTAVIANA,mariamaria20q@gmail.com,+62 852-1072-6563,MISA SALAM,misasalam7@gmail.com,+62 821-1611-1969
3209,151 - PLERED,006 - WOTGALI,000300 - RT 003 RW 001 DUSUN 1,MARIA OKTAVIANA,mariamaria20q@gmail.com,+62 852-1072-6563,MISA SALAM,misasalam7@gmail.com,+62 821-1611-1969
3209,151 - PLERED,006 - WOTGALI,000400 - RT 004 RW 002 DUSUN 1,MARIA OKTAVIANA,mariamaria20q@gmail.com,+62 852-1072-6563,DIMAS TRIANDIKI,dimasgg036@gmail.com,+62 822-2694-6812
3209,151 - PLERED,006 - WOTGALI,000500 - RT 005 RW 002 DUSUN 1,MARIA OKTAVIANA,mariamaria20q@gmail.com,+62 852-1072-6563,DIMAS TRIANDIKI,dimasgg036@gmail.com,+62 822-2694-6812
3209,151 - PLERED,006 - WOTGALI,000600 - RT 006 RW 002 DUSUN 2,MARIA OKTAVIANA,mariamaria20q@gmail.com,+62 852-1072-6563,DIMAS TRIANDIKI,dimasgg036@gmail.com,+62 822-2694-6812
3209,151 - PLERED,006 - WOTGALI,000800 - RT 008 RW 003 DUSUN 2,MARIA OKTAVIANA,mariamaria20q@gmail.com,+62 852-1072-6563,FATIMATUZZAHRA,fatimatuzzahraa251@gmail.com,+62 896-7072-6328
3209,151 - PLERED,006 - WOTGALI,000900 - RT 009 RW 003 DUSUN 2,MARIA OKTAVIANA,mariamaria20q@gmail.com,+62 852-1072-6563,FATIMATUZZAHRA,fatimatuzzahraa251@gmail.com,+62 896-7072-6328
3209,151 - PLERED,006 - WOTGALI,001000 - RT 010 RW 004 DUSUN 2,MARIA OKTAVIANA,mariamaria20q@gmail.com,+62 852-1072-6563,FATIMATUZZAHRA,fatimatuzzahraa251@gmail.com,+62 896-7072-6328
3209,151 - PLERED,006 - WOTGALI,001300 - RT 013 RW 005 DUSUN 3,MARIA OKTAVIANA,mariamaria20q@gmail.com,+62 852-1072-6563,DIMAS TRIANDIKI,dimasgg036@gmail.com,+62 822-2694-6812
3209,151 - PLERED,006 - WOTGALI,001500 - RT 015 RW 005 DUSUN 3,SAEPUL PUAD,sherrinnoviana@gmail.com,+62 896-6428-3444_,NUR ANISYAH,annisanrr1507@gmail.com,+62 896-6560-4417
3209,151 - PLERED,007 - KALIWULU,000300 - RT 003 RW 001,SAEPUL PUAD,sherrinnoviana@gmail.com,+62 896-6428-3444_,UMI KULSUM,umiekulsum477@gmail.com,+62 813-2402-0227
3209,151 - PLERED,007 - KALIWULU,000400 - RT 004 RW 001,SAEPUL PUAD,sherrinnoviana@gmail.com,+62 896-6428-3444_,UMI KULSUM,umiekulsum477@gmail.com,+62 813-2402-0227
3209,151 - PLERED,007 - KALIWULU,000700 - RT 005 RW 002,SAEPUL PUAD,sherrinnoviana@gmail.com,+62 896-6428-3444_,DINDA LESTARININGSIH,52lestariningsih@gmail.com,+62 851-8974-5503
3209,151 - PLERED,007 - KALIWULU,000800 - RT 006 RW 002,SAEPUL PUAD,sherrinnoviana@gmail.com,+62 896-6428-3444_,DIMAS PRAMUDYA,pramudyad08@gmail.com,0
3209,151 - PLERED,007 - KALIWULU,000900 - RT 007 RW 002,SAEPUL PUAD,sherrinnoviana@gmail.com,+62 896-6428-3444_,DIMAS PRAMUDYA,pramudyad08@gmail.com,0
3209,151 - PLERED,007 - KALIWULU,001100 - RT 009 RW 002,SAEPUL PUAD,sherrinnoviana@gmail.com,+62 896-6428-3444_,DIMAS PRAMUDYA,pramudyad08@gmail.com,0
3209,151 - PLERED,007 - KALIWULU,001200 - RT 010 RW 003,SAEPUL PUAD,sherrinnoviana@gmail.com,+62 896-6428-3444_,DINDA LESTARININGSIH,52lestariningsih@gmail.com,+62 851-8974-5503
3209,151 - PLERED,007 - KALIWULU,001300 - RT 011 RW 003,SAEPUL PUAD,sherrinnoviana@gmail.com,+62 896-6428-3444_,YUHANIDZ,anidz.cirebon82@gmail.com,+62 812-2122-8234
3209,151 - PLERED,007 - KALIWULU,001800 - RT 018 RW 004,SAEPUL PUAD,sherrinnoviana@gmail.com,+62 896-6428-3444_,DINDA LESTARININGSIH,52lestariningsih@gmail.com,+62 851-8974-5503
3209,151 - PLERED,007 - KALIWULU,001900 - RT 019 RW 004,SAEPUL PUAD,sherrinnoviana@gmail.com,+62 896-6428-3444_,DINDA LESTARININGSIH,52lestariningsih@gmail.com,+62 851-8974-5503
3209,151 - PLERED,007 - KALIWULU,002200 - RT 028 RW 004,SAEPUL PUAD,sherrinnoviana@gmail.com,+62 896-6428-3444_,REZA PAHLEVI RAMDHANI,ramdhani89reza@gmail.com,0
3209,151 - PLERED,007 - KALIWULU,002400 - RT 023 RW 005,SAEPUL PUAD,sherrinnoviana@gmail.com,+62 896-6428-3444_,DIMAS PRAMUDYA,pramudyad08@gmail.com,0
3209,151 - PLERED,007 - KALIWULU,002500 - RT 024 RW 005,SAEPUL PUAD,sherrinnoviana@gmail.com,+62 896-6428-3444_,SRI RATNA PRIHATIN ,ridwanakbar90@gmail.com,+62 085-1066-17764
3209,151 - PLERED,007 - KALIWULU,002600 - RT 025 RW 005,SAEPUL PUAD,sherrinnoviana@gmail.com,+62 896-6428-3444_,SRI RATNA PRIHATIN ,ridwanakbar90@gmail.com,+62 085-1066-17764
3209,151 - PLERED,007 - KALIWULU,003002 - RT 030 RW 006,SAEPUL PUAD,sherrinnoviana@gmail.com,+62 896-6428-3444_,REZA PAHLEVI RAMDHANI,ramdhani89reza@gmail.com,0
3209,151 - PLERED,008 - TEGALSARI,000100 - RT 001 RW 001,ATATI,atatywadas@gmail.com,+62 896-6203-9087,NURO SAEFUDIN,noerfasyifa@gmail.com,+62 851-6374-0106
3209,151 - PLERED,008 - TEGALSARI,000300 - RT 003 RW 001,ATATI,atatywadas@gmail.com,+62 896-6203-9087,NURO SAEFUDIN,noerfasyifa@gmail.com,+62 851-6374-0106
3209,151 - PLERED,008 - TEGALSARI,000500 - RT 004 B RW 002,ATATI,atatywadas@gmail.com,+62 896-6203-9087,VANNY,vannyarsyila@gmail.com,+62 859-6251-1755
3209,151 - PLERED,008 - TEGALSARI,000601 - RT 005 RW 003,ATATI,atatywadas@gmail.com,+62 896-6203-9087,VANNY,vannyarsyila@gmail.com,+62 859-6251-1755
3209,151 - PLERED,008 - TEGALSARI,000701 - RT 006 RW 003,ATATI,atatywadas@gmail.com,+62 896-6203-9087,SURANO,bocoplengus@gmail.com,+62 822-1823-2891
3209,151 - PLERED,008 - TEGALSARI,000702 - RT 006 RW 003,ATATI,atatywadas@gmail.com,+62 896-6203-9087,NURO SAEFUDIN,noerfasyifa@gmail.com,+62 851-6374-0106
3209,151 - PLERED,008 - TEGALSARI,000900 - RT 008 RW 004,ATATI,atatywadas@gmail.com,+62 896-6203-9087,DINAR MARDIANA,dinarmardiana78@gmail.com,+62 821-2644-7134
3209,151 - PLERED,008 - TEGALSARI,001000 - RT 009 RW 004,ATATI,atatywadas@gmail.com,+62 896-6203-9087,DINAR MARDIANA,dinarmardiana78@gmail.com,+62 821-2644-7134
3209,151 - PLERED,008 - TEGALSARI,001400 - RT 013 RW 005,ATATI,atatywadas@gmail.com,+62 896-6203-9087,MONIKA ANDIYANI,cacaandian13@gmail.com,0
3209,151 - PLERED,008 - TEGALSARI,001500 - RT 014 RW 005,ATATI,atatywadas@gmail.com,+62 896-6203-9087,SURANO,bocoplengus@gmail.com,+62 822-1823-2891
3209,151 - PLERED,008 - TEGALSARI,002000 - RT 019 RW 007,ATATI,atatywadas@gmail.com,+62 896-6203-9087,SURANO,bocoplengus@gmail.com,+62 822-1823-2891
3209,151 - PLERED,009 - CANGKRING,000100 - RT 001 RW 001,ACHMAD ROSIDIN,rosidinachmad74@gmail.com,+62 823-2088-8400,KHAERUL EFANSYAH,markevandz@gmail.com,0
3209,151 - PLERED,009 - CANGKRING,000300 - RT 003 RW 001,ACHMAD ROSIDIN,rosidinachmad74@gmail.com,+62 823-2088-8400,KHAERUL EFANSYAH,markevandz@gmail.com,0
3209,151 - PLERED,009 - CANGKRING,000500 - RT 005 RW 002,MARIA OKTAVIANA,mariamaria20q@gmail.com,+62 852-1072-6563,MINARNI SETYANINGSIH,minarni731@gmail.com,+62 823-2088-8641
3209,151 - PLERED,009 - CANGKRING,000600 - RT 006 RW 002,MARIA OKTAVIANA,mariamaria20q@gmail.com,+62 852-1072-6563,MINARNI SETYANINGSIH,minarni731@gmail.com,+62 823-2088-8641
3209,151 - PLERED,009 - CANGKRING,000801 - RT 008 RW 003,ACHMAD ROSIDIN,rosidinachmad74@gmail.com,+62 823-2088-8400,KHAERUL EFANSYAH,markevandz@gmail.com,0
3209,151 - PLERED,009 - CANGKRING,000802 - RT 008 RW 003,ACHMAD ROSIDIN,rosidinachmad74@gmail.com,+62 823-2088-8400,ABDUL ROHMAN,abdulrokman275@gmail.com,+62 896-6523-9806
3209,151 - PLERED,009 - CANGKRING,001000 - RT 010 RW 004,ACHMAD ROSIDIN,rosidinachmad74@gmail.com,+62 823-2088-8400,NADILA RIFATUL KARIMAH,nadilakarimah11@gmail.com,+62 821-2867-7774
3209,151 - PLERED,009 - CANGKRING,001102 - RT 011 RW 004,ACHMAD ROSIDIN,rosidinachmad74@gmail.com,+62 823-2088-8400,NADILA RIFATUL KARIMAH,nadilakarimah11@gmail.com,+62 821-2867-7774
3209,151 - PLERED,009 - CANGKRING,100400 - PERSAWAHAN,ACHMAD ROSIDIN,rosidinachmad74@gmail.com,+62 823-2088-8400,UNI'A,uununia0@gmail.com,+62 813-1231-4221
3209,151 - PLERED,010 - PANGKALAN,000500 - RT 005 RW 002 DUSUN 2,ACHMAD ROSIDIN,rosidinachmad74@gmail.com,+62 823-2088-8400,ABDUL ROHMAN,abdulrokman275@gmail.com,+62 896-6523-9806
3209,151 - PLERED,010 - PANGKALAN,000600 - RT 006 RW 002 DUSUN 2,ACHMAD ROSIDIN,rosidinachmad74@gmail.com,+62 823-2088-8400,ABDUL ROHMAN,abdulrokman275@gmail.com,+62 896-6523-9806
3209,151 - PLERED,010 - PANGKALAN,000700 - RT 007 RW 002 DUSUN 2,ACHMAD ROSIDIN,rosidinachmad74@gmail.com,+62 823-2088-8400,ABDUL ROHMAN,abdulrokman275@gmail.com,+62 896-6523-9806
3209,151 - PLERED,010 - PANGKALAN,000800 - RT 008 RW 002 DUSUN 2,ACHMAD ROSIDIN,rosidinachmad74@gmail.com,+62 823-2088-8400,ABDUL ROHMAN,abdulrokman275@gmail.com,+62 896-6523-9806
3209,151 - PLERED,010 - PANGKALAN,001400 - RT 014 RW 004 DUSUN 4,ATATI,atatywadas@gmail.com,+62 896-6203-9087,MARNO,marno7035@gmail.com,+62 853-2149-5677
3209,161 - TENGAH TANI,001 - PALIR,000100 - RT 001 RW 001,NURAELI ,nuraeli866@gmail.com,+62 858-4666-8880,SRI JUWATI ,falisahwati@gmail.com,+62 856-2436-7473
3209,161 - TENGAH TANI,001 - PALIR,000200 - RT 002 RW 001,NURAELI ,nuraeli866@gmail.com,+62 858-4666-8880,SRI JUWATI ,falisahwati@gmail.com,+62 856-2436-7473
3209,161 - TENGAH TANI,001 - PALIR,000300 - RT 003 RW 001,NURAELI ,nuraeli866@gmail.com,+62 858-4666-8880,SRI JUWATI ,falisahwati@gmail.com,+62 856-2436-7473
3209,161 - TENGAH TANI,001 - PALIR,000400 - RT 004 RW 001,NURAELI ,nuraeli866@gmail.com,+62 858-4666-8880,SRI JUWATI ,falisahwati@gmail.com,+62 856-2436-7473
3209,161 - TENGAH TANI,001 - PALIR,001100 - RT 011 RW 003,NURAELI ,nuraeli866@gmail.com,+62 858-4666-8880,KANISAH,nisahkanisah56@gmail.com,+62 831-0490-0465
3209,161 - TENGAH TANI,001 - PALIR,001200 - RT 012 RW 003,NURAELI ,nuraeli866@gmail.com,+62 858-4666-8880,KANISAH,nisahkanisah56@gmail.com,+62 831-0490-0465
3209,161 - TENGAH TANI,002 - ASTAPADA,000100 - RT 001 RW 001,NURAELI ,nuraeli866@gmail.com,+62 858-4666-8880,SULISTIAWATI ,bpsinternsquad@gmail.com,+62 083-8391-46937
3209,161 - TENGAH TANI,002 - ASTAPADA,000200 - RT 002 RW 001,NURAELI ,nuraeli866@gmail.com,+62 858-4666-8880,SULISTIAWATI ,bpsinternsquad@gmail.com,+62 083-8391-46937
3209,161 - TENGAH TANI,002 - ASTAPADA,000300 - RT 003 RW 001,NURAELI ,nuraeli866@gmail.com,+62 858-4666-8880,SUNARTO ,astapadapuskesosastapada@gmail.com,+62 819-5852-7852
3209,161 - TENGAH TANI,002 - ASTAPADA,000400 - RT 004 RW 001,NURAELI ,nuraeli866@gmail.com,+62 858-4666-8880,FADHILAH MAWADDAH,fadhilahmawaddah20@gmail.com,+62 082-1349-48962
3209,161 - TENGAH TANI,002 - ASTAPADA,000500 - RT 005 RW 001,NURAELI ,nuraeli866@gmail.com,+62 858-4666-8880,FADHILAH MAWADDAH,fadhilahmawaddah20@gmail.com,+62 082-1349-48962
3209,161 - TENGAH TANI,002 - ASTAPADA,000600 - RT 001 RW 002,NURAELI ,nuraeli866@gmail.com,+62 858-4666-8880,SULISTIAWATI ,bpsinternsquad@gmail.com,+62 083-8391-46937
3209,161 - TENGAH TANI,002 - ASTAPADA,000700 - RT 002 RW 002,NURAELI ,nuraeli866@gmail.com,+62 858-4666-8880,IMA,iimayyuliana85@gmail.com,+62 852-1491-8277
3209,161 - TENGAH TANI,002 - ASTAPADA,000801 - RT 003 RW 002,NURAELI ,nuraeli866@gmail.com,+62 858-4666-8880,IMA,iimayyuliana85@gmail.com,+62 852-1491-8277
3209,161 - TENGAH TANI,002 - ASTAPADA,000802 - RT 003 RW 002,NURAELI ,nuraeli866@gmail.com,+62 858-4666-8880,IMA,iimayyuliana85@gmail.com,+62 852-1491-8277
3209,161 - TENGAH TANI,002 - ASTAPADA,000900 - RT 004 RW 002,NURAELI ,nuraeli866@gmail.com,+62 858-4666-8880,IMA,iimayyuliana85@gmail.com,+62 852-1491-8277
3209,161 - TENGAH TANI,002 - ASTAPADA,001000 - RT 001 RW 003,NURAELI ,nuraeli866@gmail.com,+62 858-4666-8880,FADHILAH MAWADDAH,fadhilahmawaddah20@gmail.com,+62 082-1349-48962
3209,161 - TENGAH TANI,002 - ASTAPADA,001100 - RT 002 RW 003,NURAELI ,nuraeli866@gmail.com,+62 858-4666-8880,AKMADI,madetsuadja01@gmail.com,+62 853-6141-4116
3209,161 - TENGAH TANI,002 - ASTAPADA,001200 - RT 003 RW 003,NURAELI ,nuraeli866@gmail.com,+62 858-4666-8880,AKMADI,madetsuadja01@gmail.com,+62 853-6141-4116
3209,161 - TENGAH TANI,002 - ASTAPADA,001501 - RT 006 RW 003,NURAELI ,nuraeli866@gmail.com,+62 858-4666-8880,SUNARTO ,astapadapuskesosastapada@gmail.com,+62 819-5852-7852
3209,161 - TENGAH TANI,002 - ASTAPADA,001502 - RT 006 RW 003,NURAELI ,nuraeli866@gmail.com,+62 858-4666-8880,SUNARTO ,astapadapuskesosastapada@gmail.com,+62 819-5852-7852
3209,161 - TENGAH TANI,002 - ASTAPADA,001600 - RT 001 RW 004,NURAELI ,nuraeli866@gmail.com,+62 858-4666-8880,SUNARTO ,astapadapuskesosastapada@gmail.com,+62 819-5852-7852
3209,161 - TENGAH TANI,002 - ASTAPADA,001700 - RT 002 RW 004,NURAELI ,nuraeli866@gmail.com,+62 858-4666-8880,SUNARTO ,astapadapuskesosastapada@gmail.com,+62 819-5852-7852
3209,161 - TENGAH TANI,002 - ASTAPADA,001800 - RT 001 RW 005,NURAELI ,nuraeli866@gmail.com,+62 858-4666-8880,AKMADI,madetsuadja01@gmail.com,+62 853-6141-4116
3209,161 - TENGAH TANI,002 - ASTAPADA,001900 - RT 002 RW 005,NURAELI ,nuraeli866@gmail.com,+62 858-4666-8880,FADHILAH MAWADDAH,fadhilahmawaddah20@gmail.com,+62 082-1349-48962
3209,161 - TENGAH TANI,002 - ASTAPADA,002000 - RT 003 RW 005,NURAELI ,nuraeli866@gmail.com,+62 858-4666-8880,FADHILAH MAWADDAH,fadhilahmawaddah20@gmail.com,+62 082-1349-48962
3209,161 - TENGAH TANI,002 - ASTAPADA,002100 - RT 004 RW 005,NURAELI ,nuraeli866@gmail.com,+62 858-4666-8880,SULISTIAWATI ,bpsinternsquad@gmail.com,+62 083-8391-46937
3209,161 - TENGAH TANI,002 - ASTAPADA,002300 - RT 005 RW 002,NURAELI ,nuraeli866@gmail.com,+62 858-4666-8880,IMA,iimayyuliana85@gmail.com,+62 852-1491-8277
3209,161 - TENGAH TANI,003 - GESIK,000200 - RT 002 RW 001,IRAWAN SANTOSO,irawansantoso96@gmail.com,+62 813-1230-1034,LILIS SURYANI,lilissuryani100780@gmail.com,+62 878-6473-1629
3209,161 - TENGAH TANI,003 - GESIK,000400 - RT 002 RW 002,IRAWAN SANTOSO,irawansantoso96@gmail.com,+62 813-1230-1034,FUAD FADHOLI,dholyfals01@gmail.com,+62 896-3941-1030
3209,161 - TENGAH TANI,003 - GESIK,000500 - RT 001 RW 003,IRAWAN SANTOSO,irawansantoso96@gmail.com,+62 813-1230-1034,FUAD FADHOLI,dholyfals01@gmail.com,+62 896-3941-1030
3209,161 - TENGAH TANI,003 - GESIK,000600 - RT 002 RW 003,IRAWAN SANTOSO,irawansantoso96@gmail.com,+62 813-1230-1034,FUAD FADHOLI,dholyfals01@gmail.com,+62 896-3941-1030
3209,161 - TENGAH TANI,003 - GESIK,000700 - RT 003 RW 003,IRAWAN SANTOSO,irawansantoso96@gmail.com,+62 813-1230-1034,FUAD FADHOLI,dholyfals01@gmail.com,+62 896-3941-1030
3209,161 - TENGAH TANI,003 - GESIK,001300 - RT 003 RW 005,IRAWAN SANTOSO,irawansantoso96@gmail.com,+62 813-1230-1034,NOVI ELAWATI,novielawati19@gmail.com,0
3209,161 - TENGAH TANI,003 - GESIK,001400 - RT 001 RW 006,IRAWAN SANTOSO,irawansantoso96@gmail.com,+62 813-1230-1034,NOVI ELAWATI,novielawati19@gmail.com,0
3209,161 - TENGAH TANI,003 - GESIK,001500 - RT 002 RW 006,IRAWAN SANTOSO,irawansantoso96@gmail.com,+62 813-1230-1034,NOVI ELAWATI,novielawati19@gmail.com,0
3209,161 - TENGAH TANI,003 - GESIK,001600 - RT 003 RW 006,IRAWAN SANTOSO,irawansantoso96@gmail.com,+62 813-1230-1034,NOVI ELAWATI,novielawati19@gmail.com,0
3209,161 - TENGAH TANI,003 - GESIK,100100 - PESAWAHAN,IRAWAN SANTOSO,irawansantoso96@gmail.com,+62 813-1230-1034,LILIS SURYANI,lilissuryani100780@gmail.com,+62 878-6473-1629
3209,161 - TENGAH TANI,004 - KEMLAKAGEDE,000500 - RT 002 RW 002,IRAWAN SANTOSO,irawansantoso96@gmail.com,+62 813-1230-1034,ALIFAH WIDYASITI FADHILAH,alifahwf12@gmail.com,+62 896-3768-8508
3209,161 - TENGAH TANI,004 - KEMLAKAGEDE,001300 - RT 004 RW 004,IRAWAN SANTOSO,irawansantoso96@gmail.com,+62 813-1230-1034,AGUS PRIYADI,priyadiagus445@gmail.com,+62 821-2112-2956
3209,161 - TENGAH TANI,004 - KEMLAKAGEDE,001500 - RT 001 RW 005,IRAWAN SANTOSO,irawansantoso96@gmail.com,+62 813-1230-1034,M. ZAIDAN ILMI,kakemzi31@gmail.com,+62 858-9065-4237
3209,161 - TENGAH TANI,004 - KEMLAKAGEDE,001600 - RT 002 RW 005,IRAWAN SANTOSO,irawansantoso96@gmail.com,+62 813-1230-1034,M. ZAIDAN ILMI,kakemzi31@gmail.com,+62 858-9065-4237
3209,161 - TENGAH TANI,004 - KEMLAKAGEDE,001700 - RT 003 RW 005,IRAWAN SANTOSO,irawansantoso96@gmail.com,+62 813-1230-1034,M. ZAIDAN ILMI,kakemzi31@gmail.com,+62 858-9065-4237
3209,161 - TENGAH TANI,004 - KEMLAKAGEDE,001900 - RT 005 RW 005,IRAWAN SANTOSO,irawansantoso96@gmail.com,+62 813-1230-1034,ADYA ALINGGIH,adya.adya123@gmail.com,+62 853-2206-0442
3209,161 - TENGAH TANI,004 - KEMLAKAGEDE,100100 - SAWAH BLOK SIJABO,IRAWAN SANTOSO,irawansantoso96@gmail.com,+62 813-1230-1034,ADYA ALINGGIH,adya.adya123@gmail.com,+62 853-2206-0442
3209,161 - TENGAH TANI,005 - DAWUAN,000200 - RT 002 RW 001,SOLIKHIN,solikhini731@gmail.com,+62 895-1929-1258,ANA RUSLIANAH,vikryiky4@gmail.com,+62 898-1897-930
3209,161 - TENGAH TANI,005 - DAWUAN,000300 - RT 003 RW 001,SOLIKHIN,solikhini731@gmail.com,+62 895-1929-1258,ANA RUSLIANAH,vikryiky4@gmail.com,+62 898-1897-930
3209,161 - TENGAH TANI,005 - DAWUAN,000400 - RT 004 RW 001,SOLIKHIN,solikhini731@gmail.com,+62 895-1929-1258,ANA RUSLIANAH,vikryiky4@gmail.com,+62 898-1897-930
3209,161 - TENGAH TANI,005 - DAWUAN,000600 - RT 002 RW 002,SOLIKHIN,solikhini731@gmail.com,+62 895-1929-1258,SRI MAENI,srimaeni6@gmail.com,+62 896-0704-0408
3209,161 - TENGAH TANI,005 - DAWUAN,000900 - RT 001 RW 003,SOLIKHIN,solikhini731@gmail.com,+62 895-1929-1258,NUR KOMARIAH,nurkomariaah04@gmail.com,0
3209,161 - TENGAH TANI,005 - DAWUAN,001000 - RT 002 RW 003,SOLIKHIN,solikhini731@gmail.com,+62 895-1929-1258,NUR KOMARIAH,nurkomariaah04@gmail.com,0
3209,161 - TENGAH TANI,005 - DAWUAN,001300 - RT 005 RW 003,SOLIKHIN,solikhini731@gmail.com,+62 895-1929-1258,MOHAMMAD RIZKY ALFIYAN,ralf.rizkyalfiyan@gmail.com,+62 812-8644-4837
3209,161 - TENGAH TANI,005 - DAWUAN,001500 - RT 002 RW 004,SOLIKHIN,solikhini731@gmail.com,+62 895-1929-1258,HENDRI KUSUMA,leo20kusuma@gmail.com,+62 823-2139-3837
3209,161 - TENGAH TANI,005 - DAWUAN,001600 - RT 003 RW 004,SOLIKHIN,solikhini731@gmail.com,+62 895-1929-1258,HENDRI KUSUMA,leo20kusuma@gmail.com,+62 823-2139-3837
3209,161 - TENGAH TANI,005 - DAWUAN,001900 - RT 006 RW 004,SOLIKHIN,solikhini731@gmail.com,+62 895-1929-1258,ANA RUSLIANAH,vikryiky4@gmail.com,+62 898-1897-930
3209,161 - TENGAH TANI,005 - DAWUAN,002000 - RT 007 RW 004,SOLIKHIN,solikhini731@gmail.com,+62 895-1929-1258,HENDRI KUSUMA,leo20kusuma@gmail.com,+62 823-2139-3837
3209,161 - TENGAH TANI,005 - DAWUAN,002100 - RT 001 RW 005,SOLIKHIN,solikhini731@gmail.com,+62 895-1929-1258,MOHAMMAD RIZKY ALFIYAN,ralf.rizkyalfiyan@gmail.com,+62 812-8644-4837
3209,161 - TENGAH TANI,005 - DAWUAN,002201 - RT 002 RW 005,SOLIKHIN,solikhini731@gmail.com,+62 895-1929-1258,MOHAMMAD RIZKY ALFIYAN,ralf.rizkyalfiyan@gmail.com,+62 812-8644-4837
3209,161 - TENGAH TANI,005 - DAWUAN,002700 - RT 003 RW 006,SOLIKHIN,solikhini731@gmail.com,+62 895-1929-1258,SRI MAENI,srimaeni6@gmail.com,+62 896-0704-0408
3209,161 - TENGAH TANI,006 - BATEMBAT,000100 - RT 001 RW 001,SOLIKHIN,solikhini731@gmail.com,+62 895-1929-1258,MAS NAAN,naangrab630@gmail.com,+62 877-9639-6862
3209,161 - TENGAH TANI,006 - BATEMBAT,000300 - RT 003 RW 001,SOLIKHIN,solikhini731@gmail.com,+62 895-1929-1258,MAS NAAN,naangrab630@gmail.com,+62 877-9639-6862
3209,161 - TENGAH TANI,006 - BATEMBAT,000400 - RT 004 RW 001,SOLIKHIN,solikhini731@gmail.com,+62 895-1929-1258,MAS NAAN,naangrab630@gmail.com,+62 877-9639-6862
3209,161 - TENGAH TANI,006 - BATEMBAT,000500 - RT 005 RW 001,SOLIKHIN,solikhini731@gmail.com,+62 895-1929-1258,MAS NAAN,naangrab630@gmail.com,+62 877-9639-6862
3209,161 - TENGAH TANI,006 - BATEMBAT,000600 - RT 006 RW 001,SOLIKHIN,solikhini731@gmail.com,+62 895-1929-1258,MAS NAAN,naangrab630@gmail.com,+62 877-9639-6862
3209,161 - TENGAH TANI,006 - BATEMBAT,000800 - RT 002 RW 002,SOLIKHIN,solikhini731@gmail.com,+62 895-1929-1258,MAS NAAN,naangrab630@gmail.com,+62 877-9639-6862
3209,161 - TENGAH TANI,006 - BATEMBAT,002100 - RT 003 RW 004,NURAELI ,nuraeli866@gmail.com,+62 858-4666-8880,NURVIANI,nurvianivivi21@gmail.com,0
3209,161 - TENGAH TANI,006 - BATEMBAT,100200 - PESAWAHAN 2,NURAELI ,nuraeli866@gmail.com,+62 858-4666-8880,TARGONO,targono935@gmail.com,+62 085-2241-86587
3209,161 - TENGAH TANI,007 - KALIBARU,000100 - RT 001 RW 001,ANDRI SINGAMORA,asingamora@gmail.com,+62 813-2129-7845,ACHMAD ZIYAD AL CHALABY,achmadzeeyad@gmail.com,+62 859-1065-46687
3209,161 - TENGAH TANI,007 - KALIBARU,000300 - RT 003 RW 001,ANDRI SINGAMORA,asingamora@gmail.com,+62 813-2129-7845,MUHAMMAD NAJWAN NIZAR,najwannizar912@gmail.com,+62 895-0831-4846
3209,161 - TENGAH TANI,007 - KALIBARU,000400 - RT 001 RW 002,ANDRI SINGAMORA,asingamora@gmail.com,+62 813-2129-7845,MUHAMMAD NAJWAN NIZAR,najwannizar912@gmail.com,+62 895-0831-4846
3209,161 - TENGAH TANI,007 - KALIBARU,000500 - RT 002 RW 002,ANDRI SINGAMORA,asingamora@gmail.com,+62 813-2129-7845,MUHAMMAD NAJWAN NIZAR,najwannizar912@gmail.com,+62 895-0831-4846
3209,161 - TENGAH TANI,007 - KALIBARU,000600 - RT 003 RW 002,ANDRI SINGAMORA,asingamora@gmail.com,+62 813-2129-7845,MUHAMMAD NAJWAN NIZAR,najwannizar912@gmail.com,+62 895-0831-4846
3209,161 - TENGAH TANI,007 - KALIBARU,000800 - RT 001 RW 003,ANDRI SINGAMORA,asingamora@gmail.com,+62 813-2129-7845,MOCH HAIKAL RIJALDI,muhammadhaikal26052005@gmail.com,+62 878-4313-2152
3209,161 - TENGAH TANI,007 - KALIBARU,000900 - RT 002 RW 003,ANDRI SINGAMORA,asingamora@gmail.com,+62 813-2129-7845,MUHAMMAD NAJWAN NIZAR,najwannizar912@gmail.com,+62 895-0831-4846
3209,161 - TENGAH TANI,007 - KALIBARU,001200 - RT 001 RW 004,ANDRI SINGAMORA,asingamora@gmail.com,+62 813-2129-7845,SUSI NURYANTI,nuryantisusi608@gmail.com,+62 812-2210-9919
3209,161 - TENGAH TANI,007 - KALIBARU,001400 - RT 003 RW 004,ANDRI SINGAMORA,asingamora@gmail.com,+62 813-2129-7845,SUSI NURYANTI,nuryantisusi608@gmail.com,+62 812-2210-9919
3209,161 - TENGAH TANI,007 - KALIBARU,001500 - RT 001 RW 005,ANDRI SINGAMORA,asingamora@gmail.com,+62 813-2129-7845,SUSI NURYANTI,nuryantisusi608@gmail.com,+62 812-2210-9919
3209,161 - TENGAH TANI,008 - KALITENGAH,000600 - RT 006 RW 003,ANDRI SINGAMORA,asingamora@gmail.com,+62 813-2129-7845,AZKA AL AZKIYAA,azkaaa1212@gmail.com,+62 896-9493-8207
3209,161 - TENGAH TANI,008 - KALITENGAH,000700 - RT 007 RW 003,ANDRI SINGAMORA,asingamora@gmail.com,+62 813-2129-7845,AZKA AL AZKIYAA,azkaaa1212@gmail.com,+62 896-9493-8207
3209,161 - TENGAH TANI,008 - KALITENGAH,000900 - RT 009 RW 004,ANDRI SINGAMORA,asingamora@gmail.com,+62 813-2129-7845,YUNI YULIANTI,yuniyulianti825@gmail.com,+62 852-9555-5450
3209,161 - TENGAH TANI,008 - KALITENGAH,100100 - PERSAWAHAN,ANDRI SINGAMORA,asingamora@gmail.com,+62 813-2129-7845,AZKA AL AZKIYAA,azkaaa1212@gmail.com,+62 896-9493-8207
3209,162 - KEDAWUNG,001 - KALIKOA,000101 - RT 01 RW 01,NURUL AROFAH,arofahnurul579@gmail.com,+62 895-3991-67197,RUMINA SARI,ruminamina180879@gmail.com,+62 895-3292-20593
3209,162 - KEDAWUNG,001 - KALIKOA,000300 - RT 03 RW 01,NURUL AROFAH,arofahnurul579@gmail.com,+62 895-3991-67197,RUMINA SARI,ruminamina180879@gmail.com,+62 895-3292-20593
3209,162 - KEDAWUNG,001 - KALIKOA,000400 - RT 01 RW 02,NURUL AROFAH,arofahnurul579@gmail.com,+62 895-3991-67197,BAKRONI,angbak74@gmail.com,0
3209,162 - KEDAWUNG,001 - KALIKOA,000500 - RT 02 RW 02,NURUL AROFAH,arofahnurul579@gmail.com,+62 895-3991-67197,BAKRONI,angbak74@gmail.com,0
3209,162 - KEDAWUNG,001 - KALIKOA,000600 - RT 03 RW 02,NURUL AROFAH,arofahnurul579@gmail.com,+62 895-3991-67197,RUMINA SARI,ruminamina180879@gmail.com,+62 895-3292-20593
3209,162 - KEDAWUNG,001 - KALIKOA,000700 - RT 01 RW 03,NURUL AROFAH,arofahnurul579@gmail.com,+62 895-3991-67197,RUSLAN,abiruslan2@gmail.com,+62 895-6061-70457
3209,162 - KEDAWUNG,001 - KALIKOA,001101 - RT 02 RW 04,NURUL AROFAH,arofahnurul579@gmail.com,+62 895-3991-67197,YULIANINGRUM,yulianingrum280@gmail.com,+62 813-1722-9337
3209,162 - KEDAWUNG,001 - KALIKOA,001102 - RT 02 RW 04,NURUL AROFAH,arofahnurul579@gmail.com,+62 895-3991-67197,YULIANINGRUM,yulianingrum280@gmail.com,+62 813-1722-9337
3209,162 - KEDAWUNG,001 - KALIKOA,002300 - RT 01 RW 07,NURUL AROFAH,arofahnurul579@gmail.com,+62 895-3991-67197,YUDIT NUR MARDIYAT,yuditnur0501@gmail.com,+62 838-2317-3997
3209,162 - KEDAWUNG,001 - KALIKOA,003000 - RT 02 RW 08,NURUL AROFAH,arofahnurul579@gmail.com,+62 895-3991-67197,YUDIT NUR MARDIYAT,yuditnur0501@gmail.com,+62 838-2317-3997
3209,162 - KEDAWUNG,002 - KEDUNGDAWA,000400 - RT 004 RW 001 DUSUN 1,RIAN RAMADHAN,rian99930@gmail.com,+62 831-0195-3101,KIKI ADZKIAH ,armadzkiah02@gmail.com,+62 882-1876-6584_
3209,162 - KEDAWUNG,002 - KEDUNGDAWA,001400 - RT 006 RW 002 DUSUN 1,RIAN RAMADHAN,rian99930@gmail.com,+62 831-0195-3101,WAODE HURUSIA,wdhurusia@gmail.com,+62 813-2074-6528
3209,162 - KEDAWUNG,002 - KEDUNGDAWA,001500 - RT 001 RW 003 DUSUN 2,RIAN RAMADHAN,rian99930@gmail.com,+62 831-0195-3101,ABDUL GHONI,ghoni3865@gmail.com,+62 889-7118-7968
3209,162 - KEDAWUNG,002 - KEDUNGDAWA,001900 - RT 005 RW 003 DUSUN 2,RIAN RAMADHAN,rian99930@gmail.com,+62 831-0195-3101,ABDUL GHONI,ghoni3865@gmail.com,+62 889-7118-7968
3209,162 - KEDAWUNG,002 - KEDUNGDAWA,002000 - RT 006 RW 003 DUSUN 2,RIAN RAMADHAN,rian99930@gmail.com,+62 831-0195-3101,ABDUL GHONI,ghoni3865@gmail.com,+62 889-7118-7968
3209,162 - KEDAWUNG,002 - KEDUNGDAWA,002200 - RT 001 RW 004 DUSUN 2,RIAN RAMADHAN,rian99930@gmail.com,+62 831-0195-3101,SITI ULWIYAH,ulwiyahsiti93@gmail.com,+62 895-3577-84236
3209,162 - KEDAWUNG,002 - KEDUNGDAWA,002400 - RT 003 RW 004 DUSUN 2,RIAN RAMADHAN,rian99930@gmail.com,+62 831-0195-3101,SITI ULWIYAH,ulwiyahsiti93@gmail.com,+62 895-3577-84236
3209,162 - KEDAWUNG,002 - KEDUNGDAWA,002500 - RT 004 RW 004 DUSUN 2,RIAN RAMADHAN,rian99930@gmail.com,+62 831-0195-3101,SITI ULWIYAH,ulwiyahsiti93@gmail.com,+62 895-3577-84236
3209,162 - KEDAWUNG,002 - KEDUNGDAWA,002700 - RT 001 RW 005 DUSUN 2,RIAN RAMADHAN,rian99930@gmail.com,+62 831-0195-3101,WAODE HURUSIA,wdhurusia@gmail.com,+62 813-2074-6528
3209,162 - KEDAWUNG,002 - KEDUNGDAWA,002800 - RT 002 RW 005 DUSUN 2,RIAN RAMADHAN,rian99930@gmail.com,+62 831-0195-3101,WAODE HURUSIA,wdhurusia@gmail.com,+62 813-2074-6528
3209,162 - KEDAWUNG,002 - KEDUNGDAWA,002900 - RT 003 RW 005 DUSUN 2,RIAN RAMADHAN,rian99930@gmail.com,+62 831-0195-3101,WAODE HURUSIA,wdhurusia@gmail.com,+62 813-2074-6528
3209,162 - KEDAWUNG,002 - KEDUNGDAWA,003000 - RT 004 RW 005 DUSUN 2,RIAN RAMADHAN,rian99930@gmail.com,+62 831-0195-3101,WAODE HURUSIA,wdhurusia@gmail.com,+62 813-2074-6528
3209,162 - KEDAWUNG,003 - TUK,000100 - RT 001 RW 001,KRISWIN WIDYANTI,kriswinwidyanti013@gmail.com,+62 852-2419-9904,MULUS ABDURROHMAN HARIS,mulusabdurrohmanharis@gmail.com,+62 882-2093-9509
3209,162 - KEDAWUNG,003 - TUK,000200 - RT 002 RW 001,KRISWIN WIDYANTI,kriswinwidyanti013@gmail.com,+62 852-2419-9904,MULUS ABDURROHMAN HARIS,mulusabdurrohmanharis@gmail.com,+62 882-2093-9509
3209,162 - KEDAWUNG,003 - TUK,000300 - RT 003 RW 001,KRISWIN WIDYANTI,kriswinwidyanti013@gmail.com,+62 852-2419-9904,MULUS ABDURROHMAN HARIS,mulusabdurrohmanharis@gmail.com,+62 882-2093-9509
3209,162 - KEDAWUNG,003 - TUK,000600 - RT 002 RW 002,KRISWIN WIDYANTI,kriswinwidyanti013@gmail.com,+62 852-2419-9904,ABDUSH SHOBUR,abdushshobur99@gmail.com,+62 812-2118-8403
3209,162 - KEDAWUNG,003 - TUK,000900 - RT 001 RW 003,KRISWIN WIDYANTI,kriswinwidyanti013@gmail.com,+62 852-2419-9904,SALAMAH,bundasalama539@gmail.com,+62 851-4772-7265
3209,162 - KEDAWUNG,003 - TUK,001100 - RT 003 RW 003,KRISWIN WIDYANTI,kriswinwidyanti013@gmail.com,+62 852-2419-9904,SALAMAH,bundasalama539@gmail.com,+62 851-4772-7265
3209,162 - KEDAWUNG,003 - TUK,001200 - RT 004 RW 003,KRISWIN WIDYANTI,kriswinwidyanti013@gmail.com,+62 852-2419-9904,SALAMAH,bundasalama539@gmail.com,+62 851-4772-7265
3209,162 - KEDAWUNG,003 - TUK,001500 - RT 003 RW 004,KRISWIN WIDYANTI,kriswinwidyanti013@gmail.com,+62 852-2419-9904,MULUS ABDURROHMAN HARIS,mulusabdurrohmanharis@gmail.com,+62 882-2093-9509
3209,162 - KEDAWUNG,003 - TUK,001600 - RT 004 RW 004,KRISWIN WIDYANTI,kriswinwidyanti013@gmail.com,+62 852-2419-9904,SUPARDI,supardisarah871@gmail.com,0
3209,162 - KEDAWUNG,003 - TUK,002300 - RT 002 RW 007,KRISWIN WIDYANTI,kriswinwidyanti013@gmail.com,+62 852-2419-9904,LINA HERLINA,linaherlina7643@gmail.com,+62 858-8388-8604
3209,162 - KEDAWUNG,003 - TUK,002500 - RT 004 RW 007,KRISWIN WIDYANTI,kriswinwidyanti013@gmail.com,+62 852-2419-9904,MUHAMMAD LUDFI,ludfi6657@gmail.com,+62 852-1098-0525
3209,162 - KEDAWUNG,003 - TUK,002800 - RT 001 RW 009,KRISWIN WIDYANTI,kriswinwidyanti013@gmail.com,+62 852-2419-9904,LINA HERLINA,linaherlina7643@gmail.com,+62 858-8388-8604
3209,162 - KEDAWUNG,003 - TUK,002900 - RT 002 RW 009,KRISWIN WIDYANTI,kriswinwidyanti013@gmail.com,+62 852-2419-9904,LINA HERLINA,linaherlina7643@gmail.com,+62 858-8388-8604
3209,162 - KEDAWUNG,003 - TUK,003000 - RT 003 RW 009,KRISWIN WIDYANTI,kriswinwidyanti013@gmail.com,+62 852-2419-9904,LINA HERLINA,linaherlina7643@gmail.com,+62 858-8388-8604
3209,162 - KEDAWUNG,003 - TUK,003100 - RT 004 RW 009,KRISWIN WIDYANTI,kriswinwidyanti013@gmail.com,+62 852-2419-9904,LINA HERLINA,linaherlina7643@gmail.com,+62 858-8388-8604
3209,162 - KEDAWUNG,003 - TUK,003200 - RT 001 RW 010,KRISWIN WIDYANTI,kriswinwidyanti013@gmail.com,+62 852-2419-9904,SUPARDI,supardisarah871@gmail.com,0
3209,162 - KEDAWUNG,003 - TUK,003300 - RT 002 RW 010,KRISWIN WIDYANTI,kriswinwidyanti013@gmail.com,+62 852-2419-9904,SUPARDI,supardisarah871@gmail.com,0
3209,162 - KEDAWUNG,003 - TUK,003400 - RT 003 RW 010,KRISWIN WIDYANTI,kriswinwidyanti013@gmail.com,+62 852-2419-9904,SUPARDI,supardisarah871@gmail.com,0
3209,162 - KEDAWUNG,004 - KEDUNGJAYA,000100 - RT 001 RW 001 DUSUN 001,ARIES HAMZAH,alamandakatantika@gmail.com,+62 877-7529-3444,NICKY ANZISFAN SALIO ,nickyanzisfansalio@gmail.com,+62 853-1737-8787
3209,162 - KEDAWUNG,004 - KEDUNGJAYA,000301 - RT 003 RW 001 DUSUN 001,ARIES HAMZAH,alamandakatantika@gmail.com,+62 877-7529-3444,NICKY ANZISFAN SALIO ,nickyanzisfansalio@gmail.com,+62 853-1737-8787
3209,162 - KEDAWUNG,004 - KEDUNGJAYA,000302 - RT 003 RW 001 DUSUN 001,ARIES HAMZAH,alamandakatantika@gmail.com,+62 877-7529-3444,NICKY ANZISFAN SALIO ,nickyanzisfansalio@gmail.com,+62 853-1737-8787
3209,162 - KEDAWUNG,004 - KEDUNGJAYA,000402 - RT 004 RW 001 DUSUN 001,ARIES HAMZAH,alamandakatantika@gmail.com,+62 877-7529-3444,NICKY ANZISFAN SALIO ,nickyanzisfansalio@gmail.com,+62 853-1737-8787
3209,162 - KEDAWUNG,004 - KEDUNGJAYA,000500 - RT 001 RW 002 DUSUN 001,ARIES HAMZAH,alamandakatantika@gmail.com,+62 877-7529-3444,YULIANA,yana88735@gmail.com,+62 853-1320-2312
3209,162 - KEDAWUNG,004 - KEDUNGJAYA,000700 - RT 003 RW 002 DUSUN 001,INDANG SUPRIYATI,indangsuprianti20@gmail.com,+62 895-3761-30575,FAKHRI MUHAMMAD AFIF,fahrimafif15@gmail.com,+62 858-6025-3976
3209,162 - KEDAWUNG,004 - KEDUNGJAYA,001000 - RT 006 RW 002 DUSUN 001,INDANG SUPRIYATI,indangsuprianti20@gmail.com,+62 895-3761-30575,DADANG PRIYATNA,dangpriyatna@gmail.com,+62 821-2822-0093
3209,162 - KEDAWUNG,004 - KEDUNGJAYA,001200 - RT 001 RW 003 DUSUN 002,ARIES HAMZAH,alamandakatantika@gmail.com,+62 877-7529-3444,YULIPAH ISMAWATI,yulipahismawati5@gmail.com,+62 821-1980-4042
3209,162 - KEDAWUNG,004 - KEDUNGJAYA,001400 - RT 003 RW 003 DUSUN 002,ARIES HAMZAH,alamandakatantika@gmail.com,+62 877-7529-3444,YULIANA,yana88735@gmail.com,+62 853-1320-2312
3209,162 - KEDAWUNG,004 - KEDUNGJAYA,001500 - RT 004 RW 003 DUSUN 002,ARIES HAMZAH,alamandakatantika@gmail.com,+62 877-7529-3444,YULIANA,yana88735@gmail.com,+62 853-1320-2312
3209,162 - KEDAWUNG,004 - KEDUNGJAYA,001700 - RT 002 RW 004 DUSUN 002,ARIES HAMZAH,alamandakatantika@gmail.com,+62 877-7529-3444,YULIPAH ISMAWATI,yulipahismawati5@gmail.com,+62 821-1980-4042
3209,162 - KEDAWUNG,004 - KEDUNGJAYA,001800 - RT 003 RW 004 DUSUN 002,ARIES HAMZAH,alamandakatantika@gmail.com,+62 877-7529-3444,YULIPAH ISMAWATI,yulipahismawati5@gmail.com,+62 821-1980-4042
3209,162 - KEDAWUNG,004 - KEDUNGJAYA,001900 - RT 004 RW 004 DUSUN 002,ARIES HAMZAH,alamandakatantika@gmail.com,+62 877-7529-3444,YULIPAH ISMAWATI,yulipahismawati5@gmail.com,+62 821-1980-4042
3209,162 - KEDAWUNG,004 - KEDUNGJAYA,002000 - RT 001 RW 005 DUSUN 001,ARIES HAMZAH,alamandakatantika@gmail.com,+62 877-7529-3444,GITA NOVA MARIANI,marianagitanova@gmail.com,+62 083-8795-41657
3209,162 - KEDAWUNG,004 - KEDUNGJAYA,002100 - RT 002 RW 005 DUSUN 001,ARIES HAMZAH,alamandakatantika@gmail.com,+62 877-7529-3444,GITA NOVA MARIANI,marianagitanova@gmail.com,+62 083-8795-41657
3209,162 - KEDAWUNG,004 - KEDUNGJAYA,002500 - RT 002 RW 006 DUSUN 003,ARIES HAMZAH,alamandakatantika@gmail.com,+62 877-7529-3444,YULIANA,yana88735@gmail.com,+62 853-1320-2312
3209,162 - KEDAWUNG,004 - KEDUNGJAYA,002800 - RT 001 RW 007 DUSUN 002,INDANG SUPRIYATI,indangsuprianti20@gmail.com,+62 895-3761-30575,DADANG PRIYATNA,dangpriyatna@gmail.com,+62 821-2822-0093
3209,162 - KEDAWUNG,004 - KEDUNGJAYA,002900 - RT 002 RW 007 DUSUN 002,INDANG SUPRIYATI,indangsuprianti20@gmail.com,+62 895-3761-30575,FAKHRI MUHAMMAD AFIF,fahrimafif15@gmail.com,+62 858-6025-3976
3209,162 - KEDAWUNG,004 - KEDUNGJAYA,003000 - RT 003 RW 007 DUSUN 002,INDANG SUPRIYATI,indangsuprianti20@gmail.com,+62 895-3761-30575,FAKHRI MUHAMMAD AFIF,fahrimafif15@gmail.com,+62 858-6025-3976
3209,162 - KEDAWUNG,004 - KEDUNGJAYA,003100 - RT 004 RW 007 DUSUN 002,INDANG SUPRIYATI,indangsuprianti20@gmail.com,+62 895-3761-30575,FAKHRI MUHAMMAD AFIF,fahrimafif15@gmail.com,+62 858-6025-3976
3209,162 - KEDAWUNG,004 - KEDUNGJAYA,003200 - RT 001 RW 008 DUSUN 002,INDANG SUPRIYATI,indangsuprianti20@gmail.com,+62 895-3761-30575,FAKHRI MUHAMMAD AFIF,fahrimafif15@gmail.com,+62 858-6025-3976
3209,162 - KEDAWUNG,004 - KEDUNGJAYA,003300 - RT 002 RW 008 DUSUN 002,INDANG SUPRIYATI,indangsuprianti20@gmail.com,+62 895-3761-30575,FAKHRI MUHAMMAD AFIF,fahrimafif15@gmail.com,+62 858-6025-3976
3209,162 - KEDAWUNG,004 - KEDUNGJAYA,003400 - RT 003 RW 008 DUSUN 002,INDANG SUPRIYATI,indangsuprianti20@gmail.com,+62 895-3761-30575,FAKHRI MUHAMMAD AFIF,fahrimafif15@gmail.com,+62 858-6025-3976
3209,162 - KEDAWUNG,004 - KEDUNGJAYA,003500 - RT 004 RW 008 DUSUN 002,INDANG SUPRIYATI,indangsuprianti20@gmail.com,+62 895-3761-30575,FAKHRI MUHAMMAD AFIF,fahrimafif15@gmail.com,+62 858-6025-3976
3209,162 - KEDAWUNG,004 - KEDUNGJAYA,003600 - RT 001 RW 009 DUSUN 003,INDANG SUPRIYATI,indangsuprianti20@gmail.com,+62 895-3761-30575,DESI AYUNDA PUTRI ,desyayundaputri.1504@gmail.com,+62 852-2213-6210
3209,162 - KEDAWUNG,004 - KEDUNGJAYA,003700 - RT 002 RW 009 DUSUN 003,INDANG SUPRIYATI,indangsuprianti20@gmail.com,+62 895-3761-30575,DESI AYUNDA PUTRI ,desyayundaputri.1504@gmail.com,+62 852-2213-6210
3209,162 - KEDAWUNG,004 - KEDUNGJAYA,003900 - RT 004 RW 009 DUSUN 003,INDANG SUPRIYATI,indangsuprianti20@gmail.com,+62 895-3761-30575,DESI AYUNDA PUTRI ,desyayundaputri.1504@gmail.com,+62 852-2213-6210
3209,162 - KEDAWUNG,004 - KEDUNGJAYA,004200 - RT 003 RW 010 DUSUN 003,INDANG SUPRIYATI,indangsuprianti20@gmail.com,+62 895-3761-30575,DADANG PRIYATNA,dangpriyatna@gmail.com,+62 821-2822-0093
3209,162 - KEDAWUNG,004 - KEDUNGJAYA,004300 - RT 004 RW 010 DUSUN 003,INDANG SUPRIYATI,indangsuprianti20@gmail.com,+62 895-3761-30575,DADANG PRIYATNA,dangpriyatna@gmail.com,+62 821-2822-0093
3209,162 - KEDAWUNG,004 - KEDUNGJAYA,004800 - RT 003 RW 011 DUSUN 001,ARIES HAMZAH,alamandakatantika@gmail.com,+62 877-7529-3444,GITA NOVA MARIANI,marianagitanova@gmail.com,+62 083-8795-41657
3209,162 - KEDAWUNG,004 - KEDUNGJAYA,004900 - RT 004 RW 011 DUSUN 001,ARIES HAMZAH,alamandakatantika@gmail.com,+62 877-7529-3444,GITA NOVA MARIANI,marianagitanova@gmail.com,+62 083-8795-41657
3209,162 - KEDAWUNG,005 - KEDAWUNG,000100 - RT 001 RW 001 DUSUN 001,DARYONO,angoyong76@gmail.com,+62 813-2188-9876,SUMINTA,ssuminta29@gmail.com,0
3209,162 - KEDAWUNG,005 - KEDAWUNG,000200 - RT 002 RW 001 DUSUN 001,DARYONO,angoyong76@gmail.com,+62 813-2188-9876,SUMINTA,ssuminta29@gmail.com,0
3209,162 - KEDAWUNG,005 - KEDAWUNG,000400 - RT 004 RW 001 DUSUN 001,DARYONO,angoyong76@gmail.com,+62 813-2188-9876,SUMINTA,ssuminta29@gmail.com,0
3209,162 - KEDAWUNG,005 - KEDAWUNG,000500 - RT 005 RW 001 DUSUN 001,DARYONO,angoyong76@gmail.com,+62 813-2188-9876,SUMINTA,ssuminta29@gmail.com,0
3209,162 - KEDAWUNG,005 - KEDAWUNG,000600 - RT 006 RW 001 DUSUN 001,DARYONO,angoyong76@gmail.com,+62 813-2188-9876,SUMINTA,ssuminta29@gmail.com,0
3209,162 - KEDAWUNG,005 - KEDAWUNG,000700 - RT 007 RW 001 DUSUN 001,DARYONO,angoyong76@gmail.com,+62 813-2188-9876,SUMINTA,ssuminta29@gmail.com,0
3209,162 - KEDAWUNG,005 - KEDAWUNG,000800 - RT 001 RW 002 DUSUN 001,NURUL AROFAH,arofahnurul579@gmail.com,+62 895-3991-67197,SITI SALINA,sitisalinacrb@gmail.com,+62 889-7169-9598
3209,162 - KEDAWUNG,005 - KEDAWUNG,000900 - RT 002 RW 002 DUSUN 001,NURUL AROFAH,arofahnurul579@gmail.com,+62 895-3991-67197,SITI SALINA,sitisalinacrb@gmail.com,+62 889-7169-9598
3209,162 - KEDAWUNG,005 - KEDAWUNG,001000 - RT 003 RW 002 DUSUN 001,NURUL AROFAH,arofahnurul579@gmail.com,+62 895-3991-67197,SITI SALINA,sitisalinacrb@gmail.com,+62 889-7169-9598
3209,162 - KEDAWUNG,005 - KEDAWUNG,001100 - RT 004 RW 002 DUSUN 001,DARYONO,angoyong76@gmail.com,+62 813-2188-9876,DYLAN PAZARROVIQI,dylanpazarroviqibjbs@gmail.com,+62 853-2184-9277
3209,162 - KEDAWUNG,005 - KEDAWUNG,001201 - RT 001 RW 003 DUSUN 002,INDANG SUPRIYATI,indangsuprianti20@gmail.com,+62 895-3761-30575,DESI AYUNDA PUTRI ,desyayundaputri.1504@gmail.com,+62 852-2213-6210
3209,162 - KEDAWUNG,005 - KEDAWUNG,001400 - RT 003 RW 003 DUSUN 002,DARYONO,angoyong76@gmail.com,+62 813-2188-9876,SUMINTA,ssuminta29@gmail.com,0
3209,162 - KEDAWUNG,005 - KEDAWUNG,001500 - RT 004 RW 003 DUSUN 002,DARYONO,angoyong76@gmail.com,+62 813-2188-9876,LAELA RACHMAT,laelarachmat85@gmail.com,+62 821-1769-9609
3209,162 - KEDAWUNG,005 - KEDAWUNG,001600 - RT 001 RW 004 DUSUN 002,NURUL AROFAH,arofahnurul579@gmail.com,+62 895-3991-67197,SITI SALINA,sitisalinacrb@gmail.com,+62 889-7169-9598
3209,162 - KEDAWUNG,005 - KEDAWUNG,001700 - RT 002 RW 004 DUSUN 002,ARIES HAMZAH,alamandakatantika@gmail.com,+62 877-7529-3444,ASEP GUNARA,asepgunara6@gmail.com,+62 813-2430-2545
3209,162 - KEDAWUNG,005 - KEDAWUNG,001800 - RT 003 RW 004 DUSUN 002,NURUL AROFAH,arofahnurul579@gmail.com,+62 895-3991-67197,SITI SALINA,sitisalinacrb@gmail.com,+62 889-7169-9598
3209,162 - KEDAWUNG,005 - KEDAWUNG,001900 - RT 004 RW 004 DUSUN 002,KRISWIN WIDYANTI,kriswinwidyanti013@gmail.com,+62 852-2419-9904,KOKOM KOMARIAH,ko2mtea57@gmail.com,+62 821-1668-1436
3209,162 - KEDAWUNG,005 - KEDAWUNG,002000 - RT 005 RW 004 DUSUN 002,KRISWIN WIDYANTI,kriswinwidyanti013@gmail.com,+62 852-2419-9904,KOKOM KOMARIAH,ko2mtea57@gmail.com,+62 821-1668-1436
3209,162 - KEDAWUNG,005 - KEDAWUNG,002300 - RT 008 RW 004 DUSUN 002,KRISWIN WIDYANTI,kriswinwidyanti013@gmail.com,+62 852-2419-9904,KOKOM KOMARIAH,ko2mtea57@gmail.com,+62 821-1668-1436
3209,162 - KEDAWUNG,005 - KEDAWUNG,002600 - RT 002 RW 005 DUSUN 003,ARIES HAMZAH,alamandakatantika@gmail.com,+62 877-7529-3444,ASEP GUNARA,asepgunara6@gmail.com,+62 813-2430-2545
3209,162 - KEDAWUNG,005 - KEDAWUNG,002700 - RT 003 RW 005 DUSUN 003,ARIES HAMZAH,alamandakatantika@gmail.com,+62 877-7529-3444,ASEP GUNARA,asepgunara6@gmail.com,+62 813-2430-2545
3209,162 - KEDAWUNG,005 - KEDAWUNG,002900 - RT 005 RW 005 DUSUN 003,ARIES HAMZAH,alamandakatantika@gmail.com,+62 877-7529-3444,ASEP GUNARA,asepgunara6@gmail.com,+62 813-2430-2545
3209,162 - KEDAWUNG,005 - KEDAWUNG,003000 - RT 006 RW 005 DUSUN 003,ARIES HAMZAH,alamandakatantika@gmail.com,+62 877-7529-3444,ASEP GUNARA,asepgunara6@gmail.com,+62 813-2430-2545
3209,162 - KEDAWUNG,005 - KEDAWUNG,003100 - RT 001 RW 006 DUSUN 003,NURUL AROFAH,arofahnurul579@gmail.com,+62 895-3991-67197,SITI SALINA,sitisalinacrb@gmail.com,+62 889-7169-9598
3209,162 - KEDAWUNG,005 - KEDAWUNG,003200 - RT 002 RW 006 DUSUN 003,NURUL AROFAH,arofahnurul579@gmail.com,+62 895-3991-67197,SITI SALINA,sitisalinacrb@gmail.com,+62 889-7169-9598
3209,162 - KEDAWUNG,006 - KERTAWINANGUN,000100 - RT 01 RW 01,DARYONO,angoyong76@gmail.com,+62 813-2188-9876,IDUP INDRIYANI,idupindriyani@gmail.com,0
3209,162 - KEDAWUNG,006 - KERTAWINANGUN,000300 - RT 03 RW 01,DARYONO,angoyong76@gmail.com,+62 813-2188-9876,IDUP INDRIYANI,idupindriyani@gmail.com,0
3209,162 - KEDAWUNG,006 - KERTAWINANGUN,000400 - RT 04 RW 01,DARYONO,angoyong76@gmail.com,+62 813-2188-9876,IDUP INDRIYANI,idupindriyani@gmail.com,0
3209,162 - KEDAWUNG,006 - KERTAWINANGUN,000500 - RT 05 RW 02,DARYONO,angoyong76@gmail.com,+62 813-2188-9876,IDUP INDRIYANI,idupindriyani@gmail.com,0
3209,162 - KEDAWUNG,006 - KERTAWINANGUN,000600 - RT 06 RW 02,DARYONO,angoyong76@gmail.com,+62 813-2188-9876,DYLAN PAZARROVIQI,dylanpazarroviqibjbs@gmail.com,+62 853-2184-9277
3209,162 - KEDAWUNG,006 - KERTAWINANGUN,000700 - RT 07 RW 02,DARYONO,angoyong76@gmail.com,+62 813-2188-9876,DYLAN PAZARROVIQI,dylanpazarroviqibjbs@gmail.com,+62 853-2184-9277
3209,162 - KEDAWUNG,006 - KERTAWINANGUN,000800 - RT 08 RW 02,DARYONO,angoyong76@gmail.com,+62 813-2188-9876,DYLAN PAZARROVIQI,dylanpazarroviqibjbs@gmail.com,+62 853-2184-9277
3209,162 - KEDAWUNG,006 - KERTAWINANGUN,000900 - RT 09 RW 02,DARYONO,angoyong76@gmail.com,+62 813-2188-9876,DYLAN PAZARROVIQI,dylanpazarroviqibjbs@gmail.com,+62 853-2184-9277
3209,162 - KEDAWUNG,006 - KERTAWINANGUN,001202 - RT 12 RW 03,DARYONO,angoyong76@gmail.com,+62 813-2188-9876,ROFIFAH VANIA KHOIRUNNISA,rovivahopi@gmail.com,+62 896-5564-0519
3209,162 - KEDAWUNG,006 - KERTAWINANGUN,001300 - RT 13 RW 03,DARYONO,angoyong76@gmail.com,+62 813-2188-9876,ROFIFAH VANIA KHOIRUNNISA,rovivahopi@gmail.com,+62 896-5564-0519
3209,162 - KEDAWUNG,006 - KERTAWINANGUN,001400 - RT 14 RW 04,DARYONO,angoyong76@gmail.com,+62 813-2188-9876,LIMUSTOPA,limustopa@gmail.com,+62 838-7718-5003
3209,162 - KEDAWUNG,006 - KERTAWINANGUN,001500 - RT 15 RW 04,DARYONO,angoyong76@gmail.com,+62 813-2188-9876,LIMUSTOPA,limustopa@gmail.com,+62 838-7718-5003
3209,162 - KEDAWUNG,006 - KERTAWINANGUN,001601 - RT 16 RW 04,DARYONO,angoyong76@gmail.com,+62 813-2188-9876,DINI FAUJIAH PUTRI,dinifp87@gmail.com,+62 896-6424-3998
3209,162 - KEDAWUNG,006 - KERTAWINANGUN,001602 - RT 16 RW 04,DARYONO,angoyong76@gmail.com,+62 813-2188-9876,DINI FAUJIAH PUTRI,dinifp87@gmail.com,+62 896-6424-3998
3209,162 - KEDAWUNG,006 - KERTAWINANGUN,001700 - RT 17 RW 04,DARYONO,angoyong76@gmail.com,+62 813-2188-9876,LIMUSTOPA,limustopa@gmail.com,+62 838-7718-5003
3209,162 - KEDAWUNG,006 - KERTAWINANGUN,001800 - RT 18 RW 04,DARYONO,angoyong76@gmail.com,+62 813-2188-9876,LIMUSTOPA,limustopa@gmail.com,+62 838-7718-5003
3209,162 - KEDAWUNG,006 - KERTAWINANGUN,002000 - RT 20 RW 04,DARYONO,angoyong76@gmail.com,+62 813-2188-9876,DINI FAUJIAH PUTRI,dinifp87@gmail.com,+62 896-6424-3998
3209,162 - KEDAWUNG,006 - KERTAWINANGUN,002100 - RT 21 RW 05,DARYONO,angoyong76@gmail.com,+62 813-2188-9876,LAELA RACHMAT,laelarachmat85@gmail.com,+62 821-1769-9609
3209,162 - KEDAWUNG,006 - KERTAWINANGUN,002200 - RT 22 RW 05,DARYONO,angoyong76@gmail.com,+62 813-2188-9876,LAELA RACHMAT,laelarachmat85@gmail.com,+62 821-1769-9609
3209,162 - KEDAWUNG,006 - KERTAWINANGUN,002400 - RT 24 RW 05,DARYONO,angoyong76@gmail.com,+62 813-2188-9876,LAELA RACHMAT,laelarachmat85@gmail.com,+62 821-1769-9609
3209,162 - KEDAWUNG,006 - KERTAWINANGUN,002501 - RT 25 RW 06,DARYONO,angoyong76@gmail.com,+62 813-2188-9876,ELIS SURYANI,dwisans961@gmail.com,+62 831-3916-4511
3209,162 - KEDAWUNG,006 - KERTAWINANGUN,002502 - RT 25 RW 06,DARYONO,angoyong76@gmail.com,+62 813-2188-9876,ELIS SURYANI,dwisans961@gmail.com,+62 831-3916-4511
3209,162 - KEDAWUNG,006 - KERTAWINANGUN,002503 - RT 25 RW 06,DARYONO,angoyong76@gmail.com,+62 813-2188-9876,ELIS SURYANI,dwisans961@gmail.com,+62 831-3916-4511
3209,162 - KEDAWUNG,006 - KERTAWINANGUN,002600 - RT 26 RW 06,DARYONO,angoyong76@gmail.com,+62 813-2188-9876,ELIS SURYANI,dwisans961@gmail.com,+62 831-3916-4511
3209,162 - KEDAWUNG,006 - KERTAWINANGUN,002700 - RT 27 RW 06,DARYONO,angoyong76@gmail.com,+62 813-2188-9876,IDUP INDRIYANI,idupindriyani@gmail.com,0
3209,162 - KEDAWUNG,007 - SUTAWINANGUN,000300 - RT 003 RW 001,ASRI DWI LESTARI,asridwilestari2888@gmail.com,+62 897-8441-313,JURITA,jurita962@gmail.com,+62 898-9853-944
3209,162 - KEDAWUNG,007 - SUTAWINANGUN,000400 - RT 004 RW 001,ASRI DWI LESTARI,asridwilestari2888@gmail.com,+62 897-8441-313,RINI DANI ARTI,rinidani572@gmail.com,+62 895-0951-9726
3209,162 - KEDAWUNG,007 - SUTAWINANGUN,000600 - RT 001 RW 002,ARIES HAMZAH,alamandakatantika@gmail.com,+62 877-7529-3444,SRI HANJANI,hanjaniputri2@gmail.com,+62 817-7637-5551
3209,162 - KEDAWUNG,007 - SUTAWINANGUN,000700 - RT 002 RW 002,ASRI DWI LESTARI,asridwilestari2888@gmail.com,+62 897-8441-313,SUHARTI,atysuharty03@gmail.com,+62 896-2727-1794
3209,162 - KEDAWUNG,007 - SUTAWINANGUN,000800 - RT 003 RW 002,ASRI DWI LESTARI,asridwilestari2888@gmail.com,+62 897-8441-313,SUHARTI,atysuharty03@gmail.com,+62 896-2727-1794
3209,162 - KEDAWUNG,007 - SUTAWINANGUN,000900 - RT 004 RW 002,ASRI DWI LESTARI,asridwilestari2888@gmail.com,+62 897-8441-313,SUHARTI,atysuharty03@gmail.com,+62 896-2727-1794
3209,162 - KEDAWUNG,007 - SUTAWINANGUN,001000 - RT 005 RW 002,ASRI DWI LESTARI,asridwilestari2888@gmail.com,+62 897-8441-313,SUHARTI,atysuharty03@gmail.com,+62 896-2727-1794
3209,162 - KEDAWUNG,007 - SUTAWINANGUN,001300 - RT 002 RW 003,ASRI DWI LESTARI,asridwilestari2888@gmail.com,+62 897-8441-313,INDAH NURSEPTIANI,indah.nurseptiani98@gmail.com,+62 812-2414-8210
3209,162 - KEDAWUNG,007 - SUTAWINANGUN,001600 - RT 005 RW 003,ASRI DWI LESTARI,asridwilestari2888@gmail.com,+62 897-8441-313,INDAH NURSEPTIANI,indah.nurseptiani98@gmail.com,+62 812-2414-8210
3209,162 - KEDAWUNG,007 - SUTAWINANGUN,001700 - RT 006 RW 003,ARIES HAMZAH,alamandakatantika@gmail.com,+62 877-7529-3444,GUNGGUN GUNARDI ,gugungunardi1988@gmail.com,+62 899-4253-864
3209,162 - KEDAWUNG,007 - SUTAWINANGUN,001800 - RT 007 RW 003,ARIES HAMZAH,alamandakatantika@gmail.com,+62 877-7529-3444,GUNGGUN GUNARDI ,gugungunardi1988@gmail.com,+62 899-4253-864
3209,162 - KEDAWUNG,007 - SUTAWINANGUN,002000 - RT 002 RW 004,ASRI DWI LESTARI,asridwilestari2888@gmail.com,+62 897-8441-313,RINI DANI ARTI,rinidani572@gmail.com,+62 895-0951-9726
3209,162 - KEDAWUNG,007 - SUTAWINANGUN,002200 - RT 004 RW 004,ASRI DWI LESTARI,asridwilestari2888@gmail.com,+62 897-8441-313,ANAH,anah170886@gmail.com,+62 896-7013-8485
3209,162 - KEDAWUNG,007 - SUTAWINANGUN,002300 - RT 005 RW 004,ASRI DWI LESTARI,asridwilestari2888@gmail.com,+62 897-8441-313,ANAH,anah170886@gmail.com,+62 896-7013-8485
3209,162 - KEDAWUNG,007 - SUTAWINANGUN,002600 - RT 003 RW 005,ARIES HAMZAH,alamandakatantika@gmail.com,+62 877-7529-3444,AI ROSLIAWATI,airosliawati20@gmail.com,+62 852-2250-2154
3209,162 - KEDAWUNG,007 - SUTAWINANGUN,002700 - RT 004 RW 005,ARIES HAMZAH,alamandakatantika@gmail.com,+62 877-7529-3444,AI ROSLIAWATI,airosliawati20@gmail.com,+62 852-2250-2154
3209,162 - KEDAWUNG,007 - SUTAWINANGUN,002800 - RT 005 RW 005,ARIES HAMZAH,alamandakatantika@gmail.com,+62 877-7529-3444,AI ROSLIAWATI,airosliawati20@gmail.com,+62 852-2250-2154
3209,162 - KEDAWUNG,007 - SUTAWINANGUN,002901 - RT 001 RW 006,ASRI DWI LESTARI,asridwilestari2888@gmail.com,+62 897-8441-313,NUR RAHMAWATI,nurr110679@gmail.com,+62 857-2205-1583
3209,162 - KEDAWUNG,007 - SUTAWINANGUN,002902 - RT 001 RW 006,ASRI DWI LESTARI,asridwilestari2888@gmail.com,+62 897-8441-313,NUR RAHMAWATI,nurr110679@gmail.com,+62 857-2205-1583
3209,162 - KEDAWUNG,007 - SUTAWINANGUN,003200 - RT 004 RW 006,ASRI DWI LESTARI,asridwilestari2888@gmail.com,+62 897-8441-313,INDAH NURSEPTIANI,indah.nurseptiani98@gmail.com,+62 812-2414-8210
3209,162 - KEDAWUNG,007 - SUTAWINANGUN,003300 - RT 005 RW 006,ASRI DWI LESTARI,asridwilestari2888@gmail.com,+62 897-8441-313,INDAH NURSEPTIANI,indah.nurseptiani98@gmail.com,+62 812-2414-8210
3209,162 - KEDAWUNG,007 - SUTAWINANGUN,003601 - RT 003 RW 007,ASRI DWI LESTARI,asridwilestari2888@gmail.com,+62 897-8441-313,LINA HERLINA ,linaher1811@gmail.com,+62 896-5760-4281
3209,162 - KEDAWUNG,007 - SUTAWINANGUN,003602 - RT 003 RW 007,ASRI DWI LESTARI,asridwilestari2888@gmail.com,+62 897-8441-313,LINA HERLINA ,linaher1811@gmail.com,+62 896-5760-4281
3209,162 - KEDAWUNG,007 - SUTAWINANGUN,003701 - RT 004 RW 007,ASRI DWI LESTARI,asridwilestari2888@gmail.com,+62 897-8441-313,RINI DANI ARTI,rinidani572@gmail.com,+62 895-0951-9726
3209,162 - KEDAWUNG,007 - SUTAWINANGUN,003800 - RT 005 RW 007,ASRI DWI LESTARI,asridwilestari2888@gmail.com,+62 897-8441-313,RINI DANI ARTI,rinidani572@gmail.com,+62 895-0951-9726
3209,162 - KEDAWUNG,007 - SUTAWINANGUN,004200 - RT 003 RW 008,ARIES HAMZAH,alamandakatantika@gmail.com,+62 877-7529-3444,SRI HANJANI,hanjaniputri2@gmail.com,+62 817-7637-5551
3209,162 - KEDAWUNG,008 - PILANGSARI,000100 - RT 001 RW 001 DUSUN 001,INDANG SUPRIYATI,indangsuprianti20@gmail.com,+62 895-3761-30575,TIKA ROSITA,tikaaarst96@gmail.com,+62 851-8688-2396
3209,162 - KEDAWUNG,008 - PILANGSARI,000500 - RT 001 RW 002 DUSUN 002,INDANG SUPRIYATI,indangsuprianti20@gmail.com,+62 895-3761-30575,ERLIYA,liyarisma5@gmail.com,+62 896-3553-1127
3209,162 - KEDAWUNG,008 - PILANGSARI,000600 - RT 002 RW 002 DUSUN 002,INDANG SUPRIYATI,indangsuprianti20@gmail.com,+62 895-3761-30575,ERLIYA,liyarisma5@gmail.com,+62 896-3553-1127
3209,162 - KEDAWUNG,008 - PILANGSARI,000700 - RT 003 RW 002 DUSUN 002,INDANG SUPRIYATI,indangsuprianti20@gmail.com,+62 895-3761-30575,ERLIYA,liyarisma5@gmail.com,+62 896-3553-1127
3209,162 - KEDAWUNG,008 - PILANGSARI,001001 - RT 001 RW 003 DUSUN 002,INDANG SUPRIYATI,indangsuprianti20@gmail.com,+62 895-3761-30575,TIKA ROSITA,tikaaarst96@gmail.com,+62 851-8688-2396
3209,162 - KEDAWUNG,008 - PILANGSARI,001100 - RT 002 RW 003 DUSUN 002,INDANG SUPRIYATI,indangsuprianti20@gmail.com,+62 895-3761-30575,TIKA ROSITA,tikaaarst96@gmail.com,+62 851-8688-2396
3209,162 - KEDAWUNG,008 - PILANGSARI,001300 - RT 004 RW 003 DUSUN 002,INDANG SUPRIYATI,indangsuprianti20@gmail.com,+62 895-3761-30575,ERLIYA,liyarisma5@gmail.com,+62 896-3553-1127
3209,162 - KEDAWUNG,008 - PILANGSARI,001500 - RT 006 RW 003 DUSUN 002,INDANG SUPRIYATI,indangsuprianti20@gmail.com,+62 895-3761-30575,LINDA,ratminiratmina@gmail.com,+62 896-9179-8987
3209,162 - KEDAWUNG,008 - PILANGSARI,001701 - RT 002 RW 004 DUSUN 002,INDANG SUPRIYATI,indangsuprianti20@gmail.com,+62 895-3761-30575,LINDA,ratminiratmina@gmail.com,+62 896-9179-8987
3209,162 - KEDAWUNG,008 - PILANGSARI,001800 - RT 003 RW 004 DUSUN 002,INDANG SUPRIYATI,indangsuprianti20@gmail.com,+62 895-3761-30575,LINDA,ratminiratmina@gmail.com,+62 896-9179-8987
3209,162 - KEDAWUNG,008 - PILANGSARI,001900 - RT 004 RW 004 DUSUN 002,INDANG SUPRIYATI,indangsuprianti20@gmail.com,+62 895-3761-30575,LINDA,ratminiratmina@gmail.com,+62 896-9179-8987
3209,162 - KEDAWUNG,008 - PILANGSARI,100100 - SAWAH,INDANG SUPRIYATI,indangsuprianti20@gmail.com,+62 895-3761-30575,LINDA,ratminiratmina@gmail.com,+62 896-9179-8987
3209,171 - GUNUNGJATI,001 - ADIDHARMA,000200 - RT 002 RW 001,NUNUNG YETI,nyeti707@gmail.com,0,NINING RIANINGRUM,cirebonjabar40@gmail.com,+62 896-1041-1186
3209,171 - GUNUNGJATI,001 - ADIDHARMA,000300 - RT 003 RW 001,NUNUNG YETI,nyeti707@gmail.com,0,NINING RIANINGRUM,cirebonjabar40@gmail.com,+62 896-1041-1186
3209,171 - GUNUNGJATI,001 - ADIDHARMA,000400 - RT 001 RW 002,NUNUNG YETI,nyeti707@gmail.com,0,GINNA FIRDA WIDHYANTI,widhykrsnaa@gmail.com,+62 896-2876-5988
3209,171 - GUNUNGJATI,001 - ADIDHARMA,000600 - RT 001 RW 003,NUNUNG YETI,nyeti707@gmail.com,0,GINNA FIRDA WIDHYANTI,widhykrsnaa@gmail.com,+62 896-2876-5988
3209,171 - GUNUNGJATI,001 - ADIDHARMA,000700 - RT 002 RW 003,NUNUNG YETI,nyeti707@gmail.com,0,GINNA FIRDA WIDHYANTI,widhykrsnaa@gmail.com,+62 896-2876-5988
3209,171 - GUNUNGJATI,001 - ADIDHARMA,000900 - RT 001 RW 004,SURANTO,surantoatta1@gmail.com,+62 852-2937-2888,MAULANA FATHURIZQI,maulanafathurizqi14@gmail.com,+62 856-2456-4459_
3209,171 - GUNUNGJATI,001 - ADIDHARMA,001100 - RT 003 RW 004,SURANTO,surantoatta1@gmail.com,+62 852-2937-2888,MAULANA FATHURIZQI,maulanafathurizqi14@gmail.com,+62 856-2456-4459_
3209,171 - GUNUNGJATI,001 - ADIDHARMA,001200 - RT 004 RW 004,SURANTO,surantoatta1@gmail.com,+62 852-2937-2888,MAULANA FATHURIZQI,maulanafathurizqi14@gmail.com,+62 856-2456-4459_
3209,171 - GUNUNGJATI,001 - ADIDHARMA,001500 - RT 003 RW 005,NUNUNG YETI,nyeti707@gmail.com,0,AYU HARUM SARI,ayuharumsari320@gmail.com,+62 858-4676-1459
3209,171 - GUNUNGJATI,001 - ADIDHARMA,001600 - RT 001 RW 006,NUNUNG YETI,nyeti707@gmail.com,0,NINING RIANINGRUM,cirebonjabar40@gmail.com,+62 896-1041-1186
3209,171 - GUNUNGJATI,001 - ADIDHARMA,002100 - RT 006 RW 006,NUNUNG YETI,nyeti707@gmail.com,0,NINING RIANINGRUM,cirebonjabar40@gmail.com,+62 896-1041-1186
3209,171 - GUNUNGJATI,002 - PASINDANGAN,000100 - RT 001 RW 001 DUSUN 001,RANA,ranaboy619@gmail.com,+62 823-2067-5533,HAERUL KOMARIAH,adekomariah503@gmail.com,+62 852-2101-1295
3209,171 - GUNUNGJATI,002 - PASINDANGAN,000200 - RT 002 RW 001 DUSUN 001,RANA,ranaboy619@gmail.com,+62 823-2067-5533,TITIN MARTIANI,martianititin@gmail.com,+62 819-0999-4485
3209,171 - GUNUNGJATI,002 - PASINDANGAN,000300 - RT 003 RW 001 DUSUN 001,RANA,ranaboy619@gmail.com,+62 823-2067-5533,ASTI KUSFAYANTI,asthiesantoso86@gmail.com,+62 821-1827-1939
3209,171 - GUNUNGJATI,002 - PASINDANGAN,000500 - RT 001 RW 002 DUSUN 002,RANA,ranaboy619@gmail.com,+62 823-2067-5533,HAERUL KOMARIAH,adekomariah503@gmail.com,+62 852-2101-1295
3209,171 - GUNUNGJATI,002 - PASINDANGAN,000800 - RT 001 RW 003 DUSUN 002,RANA,ranaboy619@gmail.com,+62 823-2067-5533,TITIN MARTIANI,martianititin@gmail.com,+62 819-0999-4485
3209,171 - GUNUNGJATI,002 - PASINDANGAN,000900 - RT 002 RW 003 DUSUN 002,RANA,ranaboy619@gmail.com,+62 823-2067-5533,HAERUL KOMARIAH,adekomariah503@gmail.com,+62 852-2101-1295
3209,171 - GUNUNGJATI,002 - PASINDANGAN,001200 - RT 002 RW 004 DUSUN 003,RANA,ranaboy619@gmail.com,+62 823-2067-5533,HAERUL KOMARIAH,adekomariah503@gmail.com,+62 852-2101-1295
3209,171 - GUNUNGJATI,002 - PASINDANGAN,001300 - RT 003 RW 004 DUSUN 003,RANA,ranaboy619@gmail.com,+62 823-2067-5533,ASTI KUSFAYANTI,asthiesantoso86@gmail.com,+62 821-1827-1939
3209,171 - GUNUNGJATI,002 - PASINDANGAN,001400 - RT 001 RW 005 DUSUN 003,RANA,ranaboy619@gmail.com,+62 823-2067-5533,TITIN MARTIANI,martianititin@gmail.com,+62 819-0999-4485
3209,171 - GUNUNGJATI,002 - PASINDANGAN,001500 - RT 002 RW 005 DUSUN 003,RANA,ranaboy619@gmail.com,+62 823-2067-5533,TITIN MARTIANI,martianititin@gmail.com,+62 819-0999-4485
3209,171 - GUNUNGJATI,002 - PASINDANGAN,001600 - RT 003 RW 005 DUSUN 003,RANA,ranaboy619@gmail.com,+62 823-2067-5533,ASTI KUSFAYANTI,asthiesantoso86@gmail.com,+62 821-1827-1939
3209,171 - GUNUNGJATI,002 - PASINDANGAN,001700 - RT 004 RW 005 DUSUN 003,RANA,ranaboy619@gmail.com,+62 823-2067-5533,HAERUL KOMARIAH,adekomariah503@gmail.com,+62 852-2101-1295
3209,171 - GUNUNGJATI,002 - PASINDANGAN,600100 - TAMBAK,RANA,ranaboy619@gmail.com,+62 823-2067-5533,TITIN MARTIANI,martianititin@gmail.com,+62 819-0999-4485
3209,171 - GUNUNGJATI,003 - JADIMULYA,000400 - RT 004 RW 001,IRFAN HERMANTO,irfan_anugerah@yahoo.com,+62 081-9099-20544,MOH RAFLY MAULANA,rafly.pesek1@gmail.com,+62 896-5650-9262
3209,171 - GUNUNGJATI,003 - JADIMULYA,000600 - RT 002 RW 002,IRFAN HERMANTO,irfan_anugerah@yahoo.com,+62 081-9099-20544,SILVI FEBRIYANTI,vivisilvy781@gmail.com,+62 899-9511-403
3209,171 - GUNUNGJATI,003 - JADIMULYA,000900 - RT 001 RW 003,IRFAN HERMANTO,irfan_anugerah@yahoo.com,+62 081-9099-20544,MOH RAFLY MAULANA,rafly.pesek1@gmail.com,+62 896-5650-9262
3209,171 - GUNUNGJATI,003 - JADIMULYA,001200 - RT 004 RW 003,IRFAN HERMANTO,irfan_anugerah@yahoo.com,+62 081-9099-20544,MOH RAFLY MAULANA,rafly.pesek1@gmail.com,+62 896-5650-9262
3209,171 - GUNUNGJATI,003 - JADIMULYA,001600 - RT 004 RW 004,IRFAN HERMANTO,irfan_anugerah@yahoo.com,+62 081-9099-20544,SILVI FEBRIYANTI,vivisilvy781@gmail.com,+62 899-9511-403
3209,171 - GUNUNGJATI,003 - JADIMULYA,002200 - RT 001 RW 006,IRFAN HERMANTO,irfan_anugerah@yahoo.com,+62 081-9099-20544,FARAH NUR FAUZIAH,farahfauziah73737@gmail.com,+62 881-8377-464
3209,171 - GUNUNGJATI,003 - JADIMULYA,002300 - RT 002 RW 006,IRFAN HERMANTO,irfan_anugerah@yahoo.com,+62 081-9099-20544,FARAH NUR FAUZIAH,farahfauziah73737@gmail.com,+62 881-8377-464
3209,171 - GUNUNGJATI,003 - JADIMULYA,600100 - TAMBAK,IRFAN HERMANTO,irfan_anugerah@yahoo.com,+62 081-9099-20544,SALZA NUR BANDIYAH,salzabizines@gmail.com,+62 895-0486-3396
3209,171 - GUNUNGJATI,004 - KLAYAN,001300 - RT 013 RW 004 DUSUN 004,MARTIN RAMDHAN ANDANU,martinrandanu@gmail.com,+62 881-0226-55300,ATQIYA NOOR AZZA AZRILAH,atqiyaazza@gmail.com,+62 821-1702-7771
3209,171 - GUNUNGJATI,004 - KLAYAN,100100 - SAWAH,MARTIN RAMDHAN ANDANU,martinrandanu@gmail.com,+62 881-0226-55300,EVI AYU ANI,anieviayu2@gmail.com,+62 822-6283-6569
3209,171 - GUNUNGJATI,004 - KLAYAN,200200 - EMPANG,MARTIN RAMDHAN ANDANU,martinrandanu@gmail.com,+62 881-0226-55300,EVI AYU ANI,anieviayu2@gmail.com,+62 822-6283-6569
3209,171 - GUNUNGJATI,005 - JATIMERTA,000300 - RT 003 RW 001 DUSUN I,RANA,ranaboy619@gmail.com,+62 823-2067-5533,IRKHAM MUAMAR,irkhammuamar1996@gmail.com,0
3209,171 - GUNUNGJATI,005 - JATIMERTA,000600 - RT 003 RW 002 DUSUN II,RANA,ranaboy619@gmail.com,+62 823-2067-5533,IRKHAM MUAMAR,irkhammuamar1996@gmail.com,0
3209,171 - GUNUNGJATI,005 - JATIMERTA,000802 - RT 005 RW 002 DUSUN II,RANA,ranaboy619@gmail.com,+62 823-2067-5533,RACHMATUNNAZILAH,rnazilah5@gmail.com,+62 896-9572-7140
3209,171 - GUNUNGJATI,005 - JATIMERTA,001300 - RT 005 RW 003 DUSUN III,RANA,ranaboy619@gmail.com,+62 823-2067-5533,IRKHAM MUAMAR,irkhammuamar1996@gmail.com,0
3209,171 - GUNUNGJATI,005 - JATIMERTA,600100 - EMPANG,RANA,ranaboy619@gmail.com,+62 823-2067-5533,IRKHAM MUAMAR,irkhammuamar1996@gmail.com,0
3209,171 - GUNUNGJATI,006 - ASTANA,000102 - RT 001 RW 001 DUSUN 1,SURANTO,surantoatta1@gmail.com,+62 852-2937-2888,GOPARUDIN,gilla12x@gmail.com,+62 819-1002-2002
3209,171 - GUNUNGJATI,006 - ASTANA,000103 - RT 001 RW 001 DUSUN 1,SURANTO,surantoatta1@gmail.com,+62 852-2937-2888,GOPARUDIN,gilla12x@gmail.com,+62 819-1002-2002
3209,171 - GUNUNGJATI,006 - ASTANA,000104 - RT 001 RW 001 DUSUN 1,SURANTO,surantoatta1@gmail.com,+62 852-2937-2888,GOPARUDIN,gilla12x@gmail.com,+62 819-1002-2002
3209,171 - GUNUNGJATI,006 - ASTANA,000300 - RT 003 RW 001 DUSUN 1,ACHYAD MR,salmancell01@gmail.com,+62 085-2957-88840,SITI ROBIIATUL ADAWIYYAH,sitirobiiatuladawiyyah@gmail.com,+62 831-4803-6250
3209,171 - GUNUNGJATI,006 - ASTANA,000500 - RT 005 RW 002 DUSUN 2,SURANTO,surantoatta1@gmail.com,+62 852-2937-2888,GOPARUDIN,gilla12x@gmail.com,+62 819-1002-2002
3209,171 - GUNUNGJATI,006 - ASTANA,000600 - RT 006 RW 002 DUSUN 2,SURANTO,surantoatta1@gmail.com,+62 852-2937-2888,GOPARUDIN,gilla12x@gmail.com,+62 819-1002-2002
3209,171 - GUNUNGJATI,006 - ASTANA,000900 - RT 009 RW 003 DUSUN 3,ACHYAD MR,salmancell01@gmail.com,+62 085-2957-88840,SITI ROBIIATUL ADAWIYYAH,sitirobiiatuladawiyyah@gmail.com,+62 831-4803-6250
3209,171 - GUNUNGJATI,006 - ASTANA,001400 - RT 014 RW 004 DUSUN 5,ACHYAD MR,salmancell01@gmail.com,+62 085-2957-88840,UMI MARYUMI ,adedede3891@gmail.com,+62 895-0836-3390
3209,171 - GUNUNGJATI,007 - KALISAPU,000100 - RT 001 RW 001 DUSUN 3,IRFAN HERMANTO,irfan_anugerah@yahoo.com,+62 081-9099-20544,ROID AKHMAD AZMI,roidazmi677@gmail.com,+62 856-0369-1460
3209,171 - GUNUNGJATI,007 - KALISAPU,000300 - RT 001 RW 002 DUSUN 3,IRFAN HERMANTO,irfan_anugerah@yahoo.com,+62 081-9099-20544,ROID AKHMAD AZMI,roidazmi677@gmail.com,+62 856-0369-1460
3209,171 - GUNUNGJATI,007 - KALISAPU,000401 - RT 002 RW 002 DUSUN 3,IRFAN HERMANTO,irfan_anugerah@yahoo.com,+62 081-9099-20544,ROID AKHMAD AZMI,roidazmi677@gmail.com,+62 856-0369-1460
3209,171 - GUNUNGJATI,007 - KALISAPU,000402 - RT 002 RW 002 DUSUN 3,IRFAN HERMANTO,irfan_anugerah@yahoo.com,+62 081-9099-20544,ROID AKHMAD AZMI,roidazmi677@gmail.com,+62 856-0369-1460
3209,171 - GUNUNGJATI,007 - KALISAPU,000500 - RT 001 RW 003 DUSUN 4,IRFAN HERMANTO,irfan_anugerah@yahoo.com,+62 081-9099-20544,ENI SUPRIYATI,esupriyati04@gmail.com,+62 877-8573-4936
3209,171 - GUNUNGJATI,007 - KALISAPU,000600 - RT 002 RW 003 DUSUN 4,IRFAN HERMANTO,irfan_anugerah@yahoo.com,+62 081-9099-20544,ENI SUPRIYATI,esupriyati04@gmail.com,+62 877-8573-4936
3209,171 - GUNUNGJATI,007 - KALISAPU,000700 - RT 001 RW 004 DUSUN 1,IRFAN HERMANTO,irfan_anugerah@yahoo.com,+62 081-9099-20544,ENI SUPRIYATI,esupriyati04@gmail.com,+62 877-8573-4936
3209,171 - GUNUNGJATI,007 - KALISAPU,000801 - RT 002 RW 004 DUSUN 1,IRFAN HERMANTO,irfan_anugerah@yahoo.com,+62 081-9099-20544,ENI SUPRIYATI,esupriyati04@gmail.com,+62 877-8573-4936
3209,171 - GUNUNGJATI,007 - KALISAPU,000900 - RT 001 RW 005 DUSUN 2,IRFAN HERMANTO,irfan_anugerah@yahoo.com,+62 081-9099-20544,ROKIMAN,rokimarquez@gmail.com,+62 089-8880-0822_
3209,171 - GUNUNGJATI,007 - KALISAPU,001200 - RT 002 RW 006 DUSUN 2,IRFAN HERMANTO,irfan_anugerah@yahoo.com,+62 081-9099-20544,ROKIMAN,rokimarquez@gmail.com,+62 089-8880-0822_
3209,171 - GUNUNGJATI,007 - KALISAPU,001400 - RT 001 RW 007 DUSUN 2,IRFAN HERMANTO,irfan_anugerah@yahoo.com,+62 081-9099-20544,ROKIMAN,rokimarquez@gmail.com,+62 089-8880-0822_
3209,171 - GUNUNGJATI,007 - KALISAPU,100100 - PESAWAHAN,IRFAN HERMANTO,irfan_anugerah@yahoo.com,+62 081-9099-20544,ROKIMAN,rokimarquez@gmail.com,+62 089-8880-0822_
3209,171 - GUNUNGJATI,008 - WANAKAYA,000500 - RT 001 RW 002 DUSUN II,NUNUNG YETI,nyeti707@gmail.com,0,INDRIAWATI,awatiindri09@gmail.com,+62 831-0758-4497_
3209,171 - GUNUNGJATI,008 - WANAKAYA,000700 - RT 003 RW 002 DUSUN II,NUNUNG YETI,nyeti707@gmail.com,0,KAREN DEVA SYIFANI,karendeva2004@gmail.com,+62 857-2299-3500
3209,171 - GUNUNGJATI,008 - WANAKAYA,001000 - RT 003 RW 003 DUSUN III,NUNUNG YETI,nyeti707@gmail.com,0,KAREN DEVA SYIFANI,karendeva2004@gmail.com,+62 857-2299-3500
3209,171 - GUNUNGJATI,008 - WANAKAYA,100100 - PERSAWAHAN,NUNUNG YETI,nyeti707@gmail.com,0,INDRIAWATI,awatiindri09@gmail.com,+62 831-0758-4497_
3209,171 - GUNUNGJATI,008 - WANAKAYA,100200 - PERSAWAHAN BLOK TENGGERAN,NUNUNG YETI,nyeti707@gmail.com,0,INDRIAWATI,awatiindri09@gmail.com,+62 831-0758-4497_
3209,171 - GUNUNGJATI,009 - GROGOL,001300 - RT 001 RW 004 BLOK KIBONANG,RANA,ranaboy619@gmail.com,+62 823-2067-5533,DARUL SUGIANTO,daroelsoegianto@gmail.com,+62 085-7595-06341
3209,171 - GUNUNGJATI,009 - GROGOL,001900 - RT 007 RW 004 BLOK KIBONANG,RANA,ranaboy619@gmail.com,+62 823-2067-5533,DARUL SUGIANTO,daroelsoegianto@gmail.com,+62 085-7595-06341
3209,171 - GUNUNGJATI,009 - GROGOL,100100 - SAWAH DESA GROGOL,RANA,ranaboy619@gmail.com,+62 823-2067-5533,DARUL SUGIANTO,daroelsoegianto@gmail.com,+62 085-7595-06341
3209,171 - GUNUNGJATI,010 - BABADAN,000200 - RT 002 RW 001 DUSUN I,ACHYAD MR,salmancell01@gmail.com,+62 085-2957-88840,IIN NURHAYATI,nurhayatiiin63@gmail.com,+62 082-1209-44605
3209,171 - GUNUNGJATI,010 - BABADAN,000600 - RT 002 RW 002 DUSUN I,ACHYAD MR,salmancell01@gmail.com,+62 085-2957-88840,IIN NURHAYATI,nurhayatiiin63@gmail.com,+62 082-1209-44605
3209,171 - GUNUNGJATI,010 - BABADAN,000700 - RT 003 RW 002 DUSUN I,ACHYAD MR,salmancell01@gmail.com,+62 085-2957-88840,NIA KARNIA,nkarnia304@gmail.com,+62 888-0827-8699
3209,171 - GUNUNGJATI,010 - BABADAN,100100 - SAWAH DESA 1,ACHYAD MR,salmancell01@gmail.com,+62 085-2957-88840,IIN NURHAYATI,nurhayatiiin63@gmail.com,+62 082-1209-44605
3209,171 - GUNUNGJATI,010 - BABADAN,100200 - SAWAH DESA 2,ACHYAD MR,salmancell01@gmail.com,+62 085-2957-88840,NIA KARNIA,nkarnia304@gmail.com,+62 888-0827-8699
3209,171 - GUNUNGJATI,011 - BUYUT,000300 - RT 003 RW 001 DUSUN 001,SURANTO,surantoatta1@gmail.com,+62 852-2937-2888,SANDY FEBRIANSYAH,sfebriansyah06@gmail.com,+62 896-8760-5621
3209,171 - GUNUNGJATI,011 - BUYUT,000600 - RT 003 RW 002 DUSUN 002,SURANTO,surantoatta1@gmail.com,+62 852-2937-2888,SANDY FEBRIANSYAH,sfebriansyah06@gmail.com,+62 896-8760-5621
3209,171 - GUNUNGJATI,011 - BUYUT,001300 - RT 001 RW 005 DUSUN 005,SURANTO,surantoatta1@gmail.com,+62 852-2937-2888,NUROCHMANSYAH,nurochmansyah20@gmail.com,+62 817-6106-65
3209,171 - GUNUNGJATI,011 - BUYUT,001400 - RT 002 RW 005 DUSUN 005,SURANTO,surantoatta1@gmail.com,+62 852-2937-2888,NUROCHMANSYAH,nurochmansyah20@gmail.com,+62 817-6106-65
3209,171 - GUNUNGJATI,011 - BUYUT,001500 - RT 001 RW 006 DUSUN 006,SURANTO,surantoatta1@gmail.com,+62 852-2937-2888,NUROCHMANSYAH,nurochmansyah20@gmail.com,+62 817-6106-65
3209,171 - GUNUNGJATI,011 - BUYUT,001900 - RT 002 RW 007 DUSUN 007,ACHYAD MR,salmancell01@gmail.com,+62 085-2957-88840,NUFKAH IYRODIYAH,nfkhiyrdyh@gmail.com,+62 831-3819-0497
3209,171 - GUNUNGJATI,011 - BUYUT,002000 - RT 003 RW 007 DUSUN 007,ACHYAD MR,salmancell01@gmail.com,+62 085-2957-88840,NUFKAH IYRODIYAH,nfkhiyrdyh@gmail.com,+62 831-3819-0497
3209,171 - GUNUNGJATI,011 - BUYUT,002200 - RT 001 RW 008 DUSUN 008,ACHYAD MR,salmancell01@gmail.com,+62 085-2957-88840,NUFKAH IYRODIYAH,nfkhiyrdyh@gmail.com,+62 831-3819-0497
3209,171 - GUNUNGJATI,011 - BUYUT,002300 - RT 002 RW 008 DUSUN 008,ACHYAD MR,salmancell01@gmail.com,+62 085-2957-88840,NUFKAH IYRODIYAH,nfkhiyrdyh@gmail.com,+62 831-3819-0497
3209,171 - GUNUNGJATI,011 - BUYUT,100200 - SAWAH (BLOK SADU),ACHYAD MR,salmancell01@gmail.com,+62 085-2957-88840,TRI WULANDARI,3wullandari0101@gmail.com,+62 895-6194-79013
3209,171 - GUNUNGJATI,012 - MAYUNG,000900 - RT 001 RW 003 DUSUN 003,TANDY RULLY ANDIKA,ulismayung@gmail.com,+62 081-9114-44789,ROSSILIANA PUTRI,rossilianap311@gmail.com,+62 857-2239-6407
3209,171 - GUNUNGJATI,012 - MAYUNG,100100 - BLOK TEMBAGA,TANDY RULLY ANDIKA,ulismayung@gmail.com,+62 081-9114-44789,AI SRI MULYANI ,aididasri17@gmail.com,+62 852-2070-2011
3209,171 - GUNUNGJATI,012 - MAYUNG,100200 - SAWAH,TANDY RULLY ANDIKA,ulismayung@gmail.com,+62 081-9114-44789,ROSSILIANA PUTRI,rossilianap311@gmail.com,+62 857-2239-6407
3209,171 - GUNUNGJATI,013 - SAMBENG,000100 - RT 001 RW 001,TANDY RULLY ANDIKA,ulismayung@gmail.com,+62 081-9114-44789,NUDZA AINANDEKA DE FATIH,nudzadefatih@gmail.com,+62 851-7541-8091
3209,171 - GUNUNGJATI,013 - SAMBENG,000300 - RT 003 RW 001,TANDY RULLY ANDIKA,ulismayung@gmail.com,+62 081-9114-44789,NUDZA AINANDEKA DE FATIH,nudzadefatih@gmail.com,+62 851-7541-8091
3209,171 - GUNUNGJATI,013 - SAMBENG,001300 - RT 013 RW 005,TANDY RULLY ANDIKA,ulismayung@gmail.com,+62 081-9114-44789,SYAUQIYAH WALIDAIN,syauqiyahwalidain01@gmail.com,+62 851-6883-4369
3209,171 - GUNUNGJATI,013 - SAMBENG,001600 - RT 016 RW 006,TANDY RULLY ANDIKA,ulismayung@gmail.com,+62 081-9114-44789,SYAUQIYAH WALIDAIN,syauqiyahwalidain01@gmail.com,+62 851-6883-4369
3209,171 - GUNUNGJATI,013 - SAMBENG,001700 - RT 017 RW 006,TANDY RULLY ANDIKA,ulismayung@gmail.com,+62 081-9114-44789,SYAUQIYAH WALIDAIN,syauqiyahwalidain01@gmail.com,+62 851-6883-4369
3209,171 - GUNUNGJATI,013 - SAMBENG,001800 - RT 018 RW 006,TANDY RULLY ANDIKA,ulismayung@gmail.com,+62 081-9114-44789,SYAUQIYAH WALIDAIN,syauqiyahwalidain01@gmail.com,+62 851-6883-4369
3209,171 - GUNUNGJATI,013 - SAMBENG,100200 - SAWAH,TANDY RULLY ANDIKA,ulismayung@gmail.com,+62 081-9114-44789,SYAUQIYAH WALIDAIN,syauqiyahwalidain01@gmail.com,+62 851-6883-4369
3209,171 - GUNUNGJATI,014 - SIRNABAYA,000600 - RT 002 RW 02 BLOK SINGAPURA,ACHYAD MR,salmancell01@gmail.com,+62 085-2957-88840,DIDI HARSO,didiharso1986@gmail.com,+62 823-1986-7595
3209,171 - GUNUNGJATI,014 - SIRNABAYA,100200 - SAWAH DESA 2,ACHYAD MR,salmancell01@gmail.com,+62 085-2957-88840,DIDI HARSO,didiharso1986@gmail.com,+62 823-1986-7595
3209,171 - GUNUNGJATI,015 - MERTASINGA,000100 - RT 001 RW 001 DUSUN 001,SURANTO,surantoatta1@gmail.com,+62 852-2937-2888,AGUNG SUHENDI ,suhendiagung001@gmail.com,+62 895-3148-9871
3209,171 - GUNUNGJATI,015 - MERTASINGA,000300 - RT 003 RW 001 DUSUN 001,SURANTO,surantoatta1@gmail.com,+62 852-2937-2888,AGUNG SUHENDI ,suhendiagung001@gmail.com,+62 895-3148-9871
3209,171 - GUNUNGJATI,015 - MERTASINGA,000600 - RT 003 RW 002 DUSUN 002,SURANTO,surantoatta1@gmail.com,+62 852-2937-2888,AGUS SUBAGJA,agusbaim555@gmail.com,+62 813-2070-9203
3209,171 - GUNUNGJATI,015 - MERTASINGA,001300 - RT 001 RW 005 DUSUN 004,SURANTO,surantoatta1@gmail.com,+62 852-2937-2888,SUKAWATI ,sukawati716@gmail.com,+62 089-6075-37058
3209,171 - GUNUNGJATI,015 - MERTASINGA,001400 - RT 002 RW 005 DUSUN 004,SURANTO,surantoatta1@gmail.com,+62 852-2937-2888,SITI SUHAENI,heny110789@gmail.com,+62 823-2038-3484
3209,180 - KAPETAKAN,010 - BUNGKO,000300 - RT 003 RW 01,MOH ADE SUTRISNO,sutrisnoade12@gmail.com,+62 082-1267-50599,NIYA KAFSANAH,niyakafsanah@gmail.com,+62 857-9526-0144
3209,180 - KAPETAKAN,010 - BUNGKO,000800 - RT 001 RW 02,MOH ADE SUTRISNO,sutrisnoade12@gmail.com,+62 082-1267-50599,NIYA KAFSANAH,niyakafsanah@gmail.com,+62 857-9526-0144
3209,180 - KAPETAKAN,010 - BUNGKO,001000 - RT 003 RW 02,MOH ADE SUTRISNO,sutrisnoade12@gmail.com,+62 082-1267-50599,SUDARMONO,shoedharmono@gmail.com,0
3209,180 - KAPETAKAN,010 - BUNGKO,001300 - RT 001 RW 03,MOH ADE SUTRISNO,sutrisnoade12@gmail.com,+62 082-1267-50599,SUDARMONO,shoedharmono@gmail.com,0
3209,180 - KAPETAKAN,010 - BUNGKO,001500 - RT 003 RW 03,MOH ADE SUTRISNO,sutrisnoade12@gmail.com,+62 082-1267-50599,SUDARMONO,shoedharmono@gmail.com,0
3209,180 - KAPETAKAN,010 - BUNGKO,001700 - RT 005 RW 03,MOH ADE SUTRISNO,sutrisnoade12@gmail.com,+62 082-1267-50599,SUDARMONO,shoedharmono@gmail.com,0
3209,180 - KAPETAKAN,010 - BUNGKO,001800 - RT 006 RW 03,MOH ADE SUTRISNO,sutrisnoade12@gmail.com,+62 082-1267-50599,SUDARMONO,shoedharmono@gmail.com,0
3209,180 - KAPETAKAN,010 - BUNGKO,600100 - AREA TAMBAK,MOH ADE SUTRISNO,sutrisnoade12@gmail.com,+62 082-1267-50599,TOPAENAH,topaenah91@gmail.com,+62 838-2448-0028
3209,180 - KAPETAKAN,011 - KERTASURA,000100 - RT 001 RW 001 DUSUN 1,MOH.USTADZI,stadzmohammad@gmail.com,0,SUMARTO,refalinoaldan18@gmail.com,+62 813-2002-0484
3209,180 - KAPETAKAN,011 - KERTASURA,000200 - RT 002 RW 001 DUSUN 1,MOH.USTADZI,stadzmohammad@gmail.com,0,SUMARTO,refalinoaldan18@gmail.com,+62 813-2002-0484
3209,180 - KAPETAKAN,011 - KERTASURA,000400 - RT 001 RW 002 DUSUN 1,MOH.USTADZI,stadzmohammad@gmail.com,0,FERI RAMADAN,feriramadhan1712@gmail.com,+62 857-2119-6572
3209,180 - KAPETAKAN,011 - KERTASURA,000500 - RT 002 RW 002 DUSUN 1,MOH.USTADZI,stadzmohammad@gmail.com,0,FERI RAMADAN,feriramadhan1712@gmail.com,+62 857-2119-6572
3209,180 - KAPETAKAN,011 - KERTASURA,000600 - RT 003 RW 002 DUSUN 1,MOH.USTADZI,stadzmohammad@gmail.com,0,FERI RAMADAN,feriramadhan1712@gmail.com,+62 857-2119-6572
3209,180 - KAPETAKAN,011 - KERTASURA,000700 - RT 001 RW 003 DUSUN 1,MOH.USTADZI,stadzmohammad@gmail.com,0,SUMARTO,refalinoaldan18@gmail.com,+62 813-2002-0484
3209,180 - KAPETAKAN,011 - KERTASURA,000900 - RT 001 RW 004 DUSUN 1,MOH.USTADZI,stadzmohammad@gmail.com,0,SUMARTO,refalinoaldan18@gmail.com,+62 813-2002-0484
3209,180 - KAPETAKAN,011 - KERTASURA,001200 - RT 001 RW 005 DUSUN 2,MOH.USTADZI,stadzmohammad@gmail.com,0,FERI RAMADAN,feriramadhan1712@gmail.com,+62 857-2119-6572
3209,180 - KAPETAKAN,011 - KERTASURA,001400 - RT 003 RW 005 DUSUN 2,MOH.USTADZI,stadzmohammad@gmail.com,0,FERI RAMADAN,feriramadhan1712@gmail.com,+62 857-2119-6572
3209,180 - KAPETAKAN,011 - KERTASURA,001500 - RT 001 RW 006 DUSUN 2,MOH.USTADZI,stadzmohammad@gmail.com,0,RAHMATULLAH NASAI,rahmatullahnasai19@gmail.com,+62 085-7229-94553
3209,180 - KAPETAKAN,011 - KERTASURA,001700 - RT 001 RW 007 DUSUN 2,MOH.USTADZI,stadzmohammad@gmail.com,0,RAHMATULLAH NASAI,rahmatullahnasai19@gmail.com,+62 085-7229-94553
3209,180 - KAPETAKAN,011 - KERTASURA,001800 - RT 002 RW 007 DUSUN 2,MOH.USTADZI,stadzmohammad@gmail.com,0,RAHMATULLAH NASAI,rahmatullahnasai19@gmail.com,+62 085-7229-94553
3209,180 - KAPETAKAN,011 - KERTASURA,002300 - RT 003 RW 009 DUSUN 3,MOH.USTADZI,stadzmohammad@gmail.com,0,FERI RAMADAN,feriramadhan1712@gmail.com,+62 857-2119-6572
3209,180 - KAPETAKAN,011 - KERTASURA,002400 - RT 001 RW 010 DUSUN 3,MOH.USTADZI,stadzmohammad@gmail.com,0,PUTRI AWALIYAH ,putriawal100@gmail.com,+62 081-6468-36398
3209,180 - KAPETAKAN,011 - KERTASURA,002700 - RT 002 RW 011 DUSUN 3,MOH.USTADZI,stadzmohammad@gmail.com,0,PUTRI AWALIYAH ,putriawal100@gmail.com,+62 081-6468-36398
3209,180 - KAPETAKAN,011 - KERTASURA,002800 - RT 001 RW 012 DUSUN 3,MOH.USTADZI,stadzmohammad@gmail.com,0,PUTRI AWALIYAH ,putriawal100@gmail.com,+62 081-6468-36398
3209,180 - KAPETAKAN,011 - KERTASURA,002900 - RT 002 RW 012 DUSUN 3,MOH.USTADZI,stadzmohammad@gmail.com,0,PUTRI AWALIYAH ,putriawal100@gmail.com,+62 081-6468-36398
3209,180 - KAPETAKAN,011 - KERTASURA,003000 - RT 003 RW 012 DUSUN 3,MOH.USTADZI,stadzmohammad@gmail.com,0,PUTRI AWALIYAH ,putriawal100@gmail.com,+62 081-6468-36398
3209,180 - KAPETAKAN,011 - KERTASURA,100100 - SAWAH 1,MOH.USTADZI,stadzmohammad@gmail.com,0,SUMARTO,refalinoaldan18@gmail.com,+62 813-2002-0484
3209,180 - KAPETAKAN,012 - PEGAGAN KIDUL,000400 - RT 004 RW 001,NANANG SUHASNAN,nanangsuhasnan@gmail.com,+62 852-2462-0400,PUTRI FAUZIA,ptrfauzia17@gmail.com,+62 858-7257-4573
3209,180 - KAPETAKAN,012 - PEGAGAN KIDUL,000500 - RT 005 RW 001,NANANG SUHASNAN,nanangsuhasnan@gmail.com,+62 852-2462-0400,JENURI,jenuri888@gmail.com,+62 822-1777-7829
3209,180 - KAPETAKAN,012 - PEGAGAN KIDUL,000600 - RT 006 RW 001,NANANG SUHASNAN,nanangsuhasnan@gmail.com,+62 852-2462-0400,JENURI,jenuri888@gmail.com,+62 822-1777-7829
3209,180 - KAPETAKAN,012 - PEGAGAN KIDUL,000700 - RT 001 RW 002,NANANG SUHASNAN,nanangsuhasnan@gmail.com,+62 852-2462-0400,SHALSA HERICHA NITATASYA,shalsahericha46@gmail.com,+62 858-6180-8451
3209,180 - KAPETAKAN,012 - PEGAGAN KIDUL,000800 - RT 002 RW 002,NANANG SUHASNAN,nanangsuhasnan@gmail.com,+62 852-2462-0400,SHALSA HERICHA NITATASYA,shalsahericha46@gmail.com,+62 858-6180-8451
3209,180 - KAPETAKAN,012 - PEGAGAN KIDUL,000900 - RT 003 RW 002,NANANG SUHASNAN,nanangsuhasnan@gmail.com,+62 852-2462-0400,SHALSA HERICHA NITATASYA,shalsahericha46@gmail.com,+62 858-6180-8451
3209,180 - KAPETAKAN,012 - PEGAGAN KIDUL,001000 - RT 004 RW 002,NANANG SUHASNAN,nanangsuhasnan@gmail.com,+62 852-2462-0400,SHALSA HERICHA NITATASYA,shalsahericha46@gmail.com,+62 858-6180-8451
3209,180 - KAPETAKAN,012 - PEGAGAN KIDUL,001200 - RT 001 RW 003,NANANG SUHASNAN,nanangsuhasnan@gmail.com,+62 852-2462-0400,NAFA MELIAYANA,nafa69970@gmail.com,0
3209,180 - KAPETAKAN,012 - PEGAGAN KIDUL,100100 - SAWAH,NANANG SUHASNAN,nanangsuhasnan@gmail.com,+62 852-2462-0400,JENURI,jenuri888@gmail.com,+62 822-1777-7829
3209,180 - KAPETAKAN,015 - PEGAGAN LOR,000100 - RT 001 RW 001 DUSUN 001,MOH.USTADZI,stadzmohammad@gmail.com,0,MOHAMAD IMAN,imanvolly1807@gmail.com,+62 895-1811-2630
3209,180 - KAPETAKAN,015 - PEGAGAN LOR,000200 - RT 002 RW 001 DUSUN 001,MOH.USTADZI,stadzmohammad@gmail.com,0,IBNU ABI AUFA,ibnuabi64@gmail.com,+62 895-3228-6697
3209,180 - KAPETAKAN,015 - PEGAGAN LOR,000600 - RT 003 RW 002 DUSUN 001,BUDI LAKSANA SF,budilaksanasf@gmail.com,+62 856-5984-2220,MARINI WULAN AZHARI,mariniwulan531@gmail.com,+62 878-6965-9638
3209,180 - KAPETAKAN,015 - PEGAGAN LOR,000902 - RT 003 RW 003 DUSUN 002,MOH.USTADZI,stadzmohammad@gmail.com,0,IBNU ABI AUFA,ibnuabi64@gmail.com,+62 895-3228-6697
3209,180 - KAPETAKAN,015 - PEGAGAN LOR,001000 - RT 001 RW 004 DUSUN 002,MOH.USTADZI,stadzmohammad@gmail.com,0,DEPI SRIYANTI,deppisri7@gmail.com,+62 831-5322-9836
3209,180 - KAPETAKAN,015 - PEGAGAN LOR,001100 - RT 002 RW 004 DUSUN 002,MOH.USTADZI,stadzmohammad@gmail.com,0,DEPI SRIYANTI,deppisri7@gmail.com,+62 831-5322-9836
3209,180 - KAPETAKAN,015 - PEGAGAN LOR,001200 - RT 001 RW 005 DUSUN 003,MOH.USTADZI,stadzmohammad@gmail.com,0,BAYU PAMUNGKAS,22.bayupamungkas@gmail.com,+62 838-5328-3853
3209,180 - KAPETAKAN,015 - PEGAGAN LOR,001300 - RT 002 RW 005 DUSUN 003,MOH.USTADZI,stadzmohammad@gmail.com,0,BAYU PAMUNGKAS,22.bayupamungkas@gmail.com,+62 838-5328-3853
3209,180 - KAPETAKAN,015 - PEGAGAN LOR,001400 - RT 003 RW 005 DUSUN 003,MOH.USTADZI,stadzmohammad@gmail.com,0,BAYU PAMUNGKAS,22.bayupamungkas@gmail.com,+62 838-5328-3853
3209,180 - KAPETAKAN,015 - PEGAGAN LOR,001700 - RT 002 RW 006 DUSUN 003,MOH.USTADZI,stadzmohammad@gmail.com,0,MOHAMAD IMAN,imanvolly1807@gmail.com,+62 895-1811-2630
3209,180 - KAPETAKAN,015 - PEGAGAN LOR,001800 - RT 003 RW 006 DUSUN 003,BUDI LAKSANA SF,budilaksanasf@gmail.com,+62 856-5984-2220,SULISTINA JULIYANTI,sulistinajuliyanti1@gmail.com,+62 899-5847-992
3209,180 - KAPETAKAN,015 - PEGAGAN LOR,002000 - RT 002 RW 007 DUSUN 004,MOH.USTADZI,stadzmohammad@gmail.com,0,IBNU ABI AUFA,ibnuabi64@gmail.com,+62 895-3228-6697
3209,180 - KAPETAKAN,015 - PEGAGAN LOR,002100 - RT 003 RW 007 DUSUN 004,MOH.USTADZI,stadzmohammad@gmail.com,0,DEPI SRIYANTI,deppisri7@gmail.com,+62 831-5322-9836
3209,180 - KAPETAKAN,015 - PEGAGAN LOR,002300 - RT 002 RW 008 DUSUN 004,BUDI LAKSANA SF,budilaksanasf@gmail.com,+62 856-5984-2220,SULISTINA JULIYANTI,sulistinajuliyanti1@gmail.com,+62 899-5847-992
3209,180 - KAPETAKAN,015 - PEGAGAN LOR,002400 - RT 003 RW 008 DUSUN 004,BUDI LAKSANA SF,budilaksanasf@gmail.com,+62 856-5984-2220,SULISTINA JULIYANTI,sulistinajuliyanti1@gmail.com,+62 899-5847-992
3209,180 - KAPETAKAN,015 - PEGAGAN LOR,002500 - RT 004 RW 002 DUSUN 001,BUDI LAKSANA SF,budilaksanasf@gmail.com,+62 856-5984-2220,MARINI WULAN AZHARI,mariniwulan531@gmail.com,+62 878-6965-9638
3209,180 - KAPETAKAN,015 - PEGAGAN LOR,100100 - SAWAH 1,MOH.USTADZI,stadzmohammad@gmail.com,0,IBNU ABI AUFA,ibnuabi64@gmail.com,+62 895-3228-6697
3209,180 - KAPETAKAN,015 - PEGAGAN LOR,100200 - SAWAH 2,MOH.USTADZI,stadzmohammad@gmail.com,0,BAYU PAMUNGKAS,22.bayupamungkas@gmail.com,+62 838-5328-3853
3209,180 - KAPETAKAN,016 - DUKUH,000100 - RT 001 RW 001 DUSUN 001,IKHYA ULUMUDDIN,denihya12@gmail.com,0,ADINDA JULIANTI,adindajulianti288@gmail.com,+62 813-2201-7789
3209,180 - KAPETAKAN,016 - DUKUH,000200 - RT 002 RW 001 DUSUN 001,IKHYA ULUMUDDIN,denihya12@gmail.com,0,ADINDA JULIANTI,adindajulianti288@gmail.com,+62 813-2201-7789
3209,180 - KAPETAKAN,016 - DUKUH,000300 - RT 001 RW 002 DUSUN 001,IKHYA ULUMUDDIN,denihya12@gmail.com,0,ADINDA JULIANTI,adindajulianti288@gmail.com,+62 813-2201-7789
3209,180 - KAPETAKAN,016 - DUKUH,000400 - RT 002 RW 002 DUSUN 001,IKHYA ULUMUDDIN,denihya12@gmail.com,0,ADINDA JULIANTI,adindajulianti288@gmail.com,+62 813-2201-7789
3209,180 - KAPETAKAN,016 - DUKUH,000500 - RT 003 RW 002 DUSUN 001,IKHYA ULUMUDDIN,denihya12@gmail.com,0,ADINDA JULIANTI,adindajulianti288@gmail.com,+62 813-2201-7789
3209,180 - KAPETAKAN,016 - DUKUH,000600 - RT 001 RW 003 DUSUN 002,IKHYA ULUMUDDIN,denihya12@gmail.com,0,NUR HIDAYAT,yayat131078@gmail.com,+62 897-7776-347
3209,180 - KAPETAKAN,016 - DUKUH,000900 - RT 001 RW 004 DUSUN 002,IKHYA ULUMUDDIN,denihya12@gmail.com,0,IMAS SUGIARTI,deevania1717@gmail.com,+62 821-1985-6320
3209,180 - KAPETAKAN,016 - DUKUH,001200 - RT 002 RW 005 DUSUN 003,IKHYA ULUMUDDIN,denihya12@gmail.com,0,IMAS SUGIARTI,deevania1717@gmail.com,+62 821-1985-6320
3209,180 - KAPETAKAN,016 - DUKUH,001300 - RT 003 RW 005 DUSUN 003,IKHYA ULUMUDDIN,denihya12@gmail.com,0,IMAS SUGIARTI,deevania1717@gmail.com,+62 821-1985-6320
3209,180 - KAPETAKAN,016 - DUKUH,001400 - RT 001 RW 006 DUSUN 003,IKHYA ULUMUDDIN,denihya12@gmail.com,0,NUR HIDAYAT,yayat131078@gmail.com,+62 897-7776-347
3209,180 - KAPETAKAN,016 - DUKUH,001500 - RT 002 RW 006 DUSUN 003,IKHYA ULUMUDDIN,denihya12@gmail.com,0,NUR HIDAYAT,yayat131078@gmail.com,+62 897-7776-347
3209,180 - KAPETAKAN,016 - DUKUH,001600 - RT 001 RW 007 DUSUN 004,IKHYA ULUMUDDIN,denihya12@gmail.com,0,NUR HIDAYAT,yayat131078@gmail.com,+62 897-7776-347
3209,180 - KAPETAKAN,016 - DUKUH,001700 - RT 002 RW 007 DUSUN 004,IKHYA ULUMUDDIN,denihya12@gmail.com,0,NUR HIDAYAT,yayat131078@gmail.com,+62 897-7776-347
3209,180 - KAPETAKAN,016 - DUKUH,001800 - RT 003 RW 007 DUSUN 004,IKHYA ULUMUDDIN,denihya12@gmail.com,0,NUR HIDAYAT,yayat131078@gmail.com,+62 897-7776-347
3209,180 - KAPETAKAN,016 - DUKUH,002000 - RT 002 RW 008 DUSUN 004,IKHYA ULUMUDDIN,denihya12@gmail.com,0,NUR HIDAYAT,yayat131078@gmail.com,+62 897-7776-347
3209,180 - KAPETAKAN,016 - DUKUH,100100 - SAWAH 1,IKHYA ULUMUDDIN,denihya12@gmail.com,0,NUR HIDAYAT,yayat131078@gmail.com,+62 897-7776-347
3209,180 - KAPETAKAN,016 - DUKUH,100200 - SAWAH 2,IKHYA ULUMUDDIN,denihya12@gmail.com,0,ADINDA JULIANTI,adindajulianti288@gmail.com,+62 813-2201-7789
3209,180 - KAPETAKAN,016 - DUKUH,100300 - SAWAH 3,IKHYA ULUMUDDIN,denihya12@gmail.com,0,IMAS SUGIARTI,deevania1717@gmail.com,+62 821-1985-6320
3209,180 - KAPETAKAN,017 - KARANGKENDAL,000100 - RT 001 RW 001,IKHYA ULUMUDDIN,denihya12@gmail.com,0,MUHAMMAD DANIL SEGI,segidanil@gmail.com,+62 895-2300-8711
3209,180 - KAPETAKAN,017 - KARANGKENDAL,000200 - RT 002 RW 001,IKHYA ULUMUDDIN,denihya12@gmail.com,0,MUHAMMAD DANIL SEGI,segidanil@gmail.com,+62 895-2300-8711
3209,180 - KAPETAKAN,017 - KARANGKENDAL,000300 - RT 003 RW 001,IKHYA ULUMUDDIN,denihya12@gmail.com,0,EVIANA,eviana0412@gmail.com,0
3209,180 - KAPETAKAN,017 - KARANGKENDAL,000400 - RT 004 RW 001,IKHYA ULUMUDDIN,denihya12@gmail.com,0,EVIANA,eviana0412@gmail.com,0
3209,180 - KAPETAKAN,017 - KARANGKENDAL,000500 - RT 001 RW 002,IKHYA ULUMUDDIN,denihya12@gmail.com,0,EVIANA,eviana0412@gmail.com,0
3209,180 - KAPETAKAN,017 - KARANGKENDAL,000600 - RT 002 RW 002,IKHYA ULUMUDDIN,denihya12@gmail.com,0,EVIANA,eviana0412@gmail.com,0
3209,180 - KAPETAKAN,017 - KARANGKENDAL,000700 - RT 003 RW 002,IKHYA ULUMUDDIN,denihya12@gmail.com,0,EVIANA,eviana0412@gmail.com,0
3209,180 - KAPETAKAN,017 - KARANGKENDAL,000900 - RT 001 RW 003,IKHYA ULUMUDDIN,denihya12@gmail.com,0,AMINAH FITRIYANI ,aminahfitriyani4@gmail.com,0
3209,180 - KAPETAKAN,017 - KARANGKENDAL,001000 - RT 002 RW 003,IKHYA ULUMUDDIN,denihya12@gmail.com,0,AMINAH FITRIYANI ,aminahfitriyani4@gmail.com,0
3209,180 - KAPETAKAN,017 - KARANGKENDAL,001200 - RT 004 RW 003,IKHYA ULUMUDDIN,denihya12@gmail.com,0,AMINAH FITRIYANI ,aminahfitriyani4@gmail.com,0
3209,180 - KAPETAKAN,017 - KARANGKENDAL,001400 - RT 002 RW 004,IKHYA ULUMUDDIN,denihya12@gmail.com,0,MUHAMMAD DANIL SEGI,segidanil@gmail.com,+62 895-2300-8711
3209,180 - KAPETAKAN,017 - KARANGKENDAL,001700 - RT 001 RW 005,IKHYA ULUMUDDIN,denihya12@gmail.com,0,AMINAH FITRIYANI ,aminahfitriyani4@gmail.com,0
3209,180 - KAPETAKAN,017 - KARANGKENDAL,002000 - RT 002 RW 006,IKHYA ULUMUDDIN,denihya12@gmail.com,0,ABU BAKAR SHIDDIQ,aboebshi@gmail.com,+62 838-6526-9121
3209,180 - KAPETAKAN,017 - KARANGKENDAL,002100 - RT 003 RW 006,IKHYA ULUMUDDIN,denihya12@gmail.com,0,ABU BAKAR SHIDDIQ,aboebshi@gmail.com,+62 838-6526-9121
3209,180 - KAPETAKAN,017 - KARANGKENDAL,002200 - RT 004 RW 006,IKHYA ULUMUDDIN,denihya12@gmail.com,0,ABU BAKAR SHIDDIQ,aboebshi@gmail.com,+62 838-6526-9121
3209,180 - KAPETAKAN,017 - KARANGKENDAL,002400 - RT 002 RW 007,IKHYA ULUMUDDIN,denihya12@gmail.com,0,KOMARUDIN,komar150689@gmail.com,+62 838-2461-5169
3209,180 - KAPETAKAN,017 - KARANGKENDAL,100100 - SAWAH,IKHYA ULUMUDDIN,denihya12@gmail.com,0,KOMARUDIN,komar150689@gmail.com,+62 838-2461-5169
3209,180 - KAPETAKAN,018 - GROGOL,000300 - RT 003 RW 001 DUSUN I,BUDI LAKSANA SF,budilaksanasf@gmail.com,+62 856-5984-2220,HENDRA,hendra390mu@gmail.com,+62 852-2472-5030
3209,180 - KAPETAKAN,018 - GROGOL,000401 - RT 004 RW 001 DUSUN I,BUDI LAKSANA SF,budilaksanasf@gmail.com,+62 856-5984-2220,HENDRA,hendra390mu@gmail.com,+62 852-2472-5030
3209,180 - KAPETAKAN,018 - GROGOL,000500 - RT 005 RW 002 DUSUN II,BUDI LAKSANA SF,budilaksanasf@gmail.com,+62 856-5984-2220,MUHAMMAD GAMAL FIRDAOS ,gamalfirdaos@gmail.com,+62 831-3659-1332
3209,180 - KAPETAKAN,018 - GROGOL,000600 - RT 006 RW 002 DUSUN II,BUDI LAKSANA SF,budilaksanasf@gmail.com,+62 856-5984-2220,MUHAMMAD GAMAL FIRDAOS ,gamalfirdaos@gmail.com,+62 831-3659-1332
3209,180 - KAPETAKAN,018 - GROGOL,000700 - RT 007 RW 002 DUSUN II,BUDI LAKSANA SF,budilaksanasf@gmail.com,+62 856-5984-2220,MUHAMMAD GAMAL FIRDAOS ,gamalfirdaos@gmail.com,+62 831-3659-1332
3209,180 - KAPETAKAN,018 - GROGOL,000900 - RT 009 RW 003 DUSUN III,BUDI LAKSANA SF,budilaksanasf@gmail.com,+62 856-5984-2220,MUHAEMIN,m68036015@gmail.com,+62 085-7227-94618
3209,180 - KAPETAKAN,018 - GROGOL,001000 - RT 010 RW 003 DUSUN III,BUDI LAKSANA SF,budilaksanasf@gmail.com,+62 856-5984-2220,MUHAEMIN,m68036015@gmail.com,+62 085-7227-94618
3209,180 - KAPETAKAN,018 - GROGOL,001300 - RT 013 RW 004 DUSUN III,BUDI LAKSANA SF,budilaksanasf@gmail.com,+62 856-5984-2220,MUHAEMIN,m68036015@gmail.com,+62 085-7227-94618
3209,180 - KAPETAKAN,018 - GROGOL,001500 - RT 015 RW 004 DUSUN III,BUDI LAKSANA SF,budilaksanasf@gmail.com,+62 856-5984-2220,ANTON SUGIARTO,antonsugiarto76@gmail.com,+62 858-3703-7036
3209,180 - KAPETAKAN,018 - GROGOL,001600 - RT 016 RW 004 DUSUN III,BUDI LAKSANA SF,budilaksanasf@gmail.com,+62 856-5984-2220,ANTON SUGIARTO,antonsugiarto76@gmail.com,+62 858-3703-7036
3209,180 - KAPETAKAN,018 - GROGOL,001700 - RT 017 RW 005 DUSUN IV,BUDI LAKSANA SF,budilaksanasf@gmail.com,+62 856-5984-2220,ANTON SUGIARTO,antonsugiarto76@gmail.com,+62 858-3703-7036
3209,180 - KAPETAKAN,018 - GROGOL,001800 - RT 018 RW 005 DUSUN IV,BUDI LAKSANA SF,budilaksanasf@gmail.com,+62 856-5984-2220,ANTON SUGIARTO,antonsugiarto76@gmail.com,+62 858-3703-7036
3209,180 - KAPETAKAN,018 - GROGOL,002100 - RT 021 RW 006 DUSUN IV,BUDI LAKSANA SF,budilaksanasf@gmail.com,+62 856-5984-2220,EKA DWI NENGSIH,galeciagl@gmail.com,+62 085-6246-89658
3209,180 - KAPETAKAN,018 - GROGOL,100100 - SAWAH,BUDI LAKSANA SF,budilaksanasf@gmail.com,+62 856-5984-2220,MUHAEMIN,m68036015@gmail.com,+62 085-7227-94618
3209,180 - KAPETAKAN,018 - GROGOL,100200 - SAWAH,BUDI LAKSANA SF,budilaksanasf@gmail.com,+62 856-5984-2220,ANTON SUGIARTO,antonsugiarto76@gmail.com,+62 858-3703-7036
3209,180 - KAPETAKAN,020 - KAPETAKAN,000100 - RT 001 RW 001,NANANG SUHASNAN,nanangsuhasnan@gmail.com,+62 852-2462-0400,TORIDI,hamizantaurina@gmail.com,+62 815-4699-9883
3209,180 - KAPETAKAN,020 - KAPETAKAN,000200 - RT 002 RW 001,NANANG SUHASNAN,nanangsuhasnan@gmail.com,+62 852-2462-0400,TORIDI,hamizantaurina@gmail.com,+62 815-4699-9883
3209,180 - KAPETAKAN,020 - KAPETAKAN,000300 - RT 003 RW 001,NANANG SUHASNAN,nanangsuhasnan@gmail.com,+62 852-2462-0400,TORIDI,hamizantaurina@gmail.com,+62 815-4699-9883
3209,180 - KAPETAKAN,020 - KAPETAKAN,000400 - RT 004 RW 001,NANANG SUHASNAN,nanangsuhasnan@gmail.com,+62 852-2462-0400,TORIDI,hamizantaurina@gmail.com,+62 815-4699-9883
3209,180 - KAPETAKAN,020 - KAPETAKAN,000500 - RT 005 RW 001,NANANG SUHASNAN,nanangsuhasnan@gmail.com,+62 852-2462-0400,TORIDI,hamizantaurina@gmail.com,+62 815-4699-9883
3209,180 - KAPETAKAN,020 - KAPETAKAN,000700 - RT 007 RW 002,NANANG SUHASNAN,nanangsuhasnan@gmail.com,+62 852-2462-0400,JUPRIYADI MAULANA,jupriyadimaulana@gmail.com,+62 895-3262-44803
3209,180 - KAPETAKAN,020 - KAPETAKAN,000800 - RT 008 RW 002,NANANG SUHASNAN,nanangsuhasnan@gmail.com,+62 852-2462-0400,TORIDI,hamizantaurina@gmail.com,+62 815-4699-9883
3209,180 - KAPETAKAN,020 - KAPETAKAN,000900 - RT 009 RW 002,NANANG SUHASNAN,nanangsuhasnan@gmail.com,+62 852-2462-0400,JUPRIYADI MAULANA,jupriyadimaulana@gmail.com,+62 895-3262-44803
3209,180 - KAPETAKAN,020 - KAPETAKAN,001000 - RT 010 RW 003,NANANG SUHASNAN,nanangsuhasnan@gmail.com,+62 852-2462-0400,JUPRIYADI MAULANA,jupriyadimaulana@gmail.com,+62 895-3262-44803
3209,180 - KAPETAKAN,020 - KAPETAKAN,001100 - RT 011 RW 003,NANANG SUHASNAN,nanangsuhasnan@gmail.com,+62 852-2462-0400,JUPRIYADI MAULANA,jupriyadimaulana@gmail.com,+62 895-3262-44803
3209,180 - KAPETAKAN,020 - KAPETAKAN,001300 - RT 013 RW 003,NANANG SUHASNAN,nanangsuhasnan@gmail.com,+62 852-2462-0400,JUPRIYADI MAULANA,jupriyadimaulana@gmail.com,+62 895-3262-44803
3209,180 - KAPETAKAN,020 - KAPETAKAN,001500 - RT 027 RW 002,NANANG SUHASNAN,nanangsuhasnan@gmail.com,+62 852-2462-0400,JUPRIYADI MAULANA,jupriyadimaulana@gmail.com,+62 895-3262-44803
3209,180 - KAPETAKAN,020 - KAPETAKAN,001600 - RT 015 RW 004,NANANG SUHASNAN,nanangsuhasnan@gmail.com,+62 852-2462-0400,MELANTI,melantibaehaqi990@gmail.com,+62 813-1330-4200
3209,180 - KAPETAKAN,020 - KAPETAKAN,001700 - RT 016 RW 004,NANANG SUHASNAN,nanangsuhasnan@gmail.com,+62 852-2462-0400,MELANTI,melantibaehaqi990@gmail.com,+62 813-1330-4200
3209,180 - KAPETAKAN,020 - KAPETAKAN,001800 - RT 017 RW 004,NANANG SUHASNAN,nanangsuhasnan@gmail.com,+62 852-2462-0400,RESSA DWI SAPITRI,ressadwisss@gmail.com,+62 857-0311-2650
3209,180 - KAPETAKAN,020 - KAPETAKAN,001900 - RT 018 RW 004,NANANG SUHASNAN,nanangsuhasnan@gmail.com,+62 852-2462-0400,RESSA DWI SAPITRI,ressadwisss@gmail.com,+62 857-0311-2650
3209,180 - KAPETAKAN,020 - KAPETAKAN,002002 - RT 028 RW 004,NANANG SUHASNAN,nanangsuhasnan@gmail.com,+62 852-2462-0400,RESSA DWI SAPITRI,ressadwisss@gmail.com,+62 857-0311-2650
3209,180 - KAPETAKAN,020 - KAPETAKAN,002100 - RT 019 RW 005,NANANG SUHASNAN,nanangsuhasnan@gmail.com,+62 852-2462-0400,MELANTI,melantibaehaqi990@gmail.com,+62 813-1330-4200
3209,180 - KAPETAKAN,020 - KAPETAKAN,002200 - RT 020 RW 005,NANANG SUHASNAN,nanangsuhasnan@gmail.com,+62 852-2462-0400,MELANTI,melantibaehaqi990@gmail.com,+62 813-1330-4200
3209,180 - KAPETAKAN,020 - KAPETAKAN,002300 - RT 021 RW 005,NANANG SUHASNAN,nanangsuhasnan@gmail.com,+62 852-2462-0400,MELANTI,melantibaehaqi990@gmail.com,+62 813-1330-4200
3209,180 - KAPETAKAN,020 - KAPETAKAN,002400 - RT 022 RW 005,NANANG SUHASNAN,nanangsuhasnan@gmail.com,+62 852-2462-0400,MELANTI,melantibaehaqi990@gmail.com,+62 813-1330-4200
3209,180 - KAPETAKAN,020 - KAPETAKAN,002600 - RT 024 RW 006,NANANG SUHASNAN,nanangsuhasnan@gmail.com,+62 852-2462-0400,JUPRIYADI MAULANA,jupriyadimaulana@gmail.com,+62 895-3262-44803
3209,180 - KAPETAKAN,020 - KAPETAKAN,002700 - RT 025 RW 006,NANANG SUHASNAN,nanangsuhasnan@gmail.com,+62 852-2462-0400,RESSA DWI SAPITRI,ressadwisss@gmail.com,+62 857-0311-2650
3209,180 - KAPETAKAN,020 - KAPETAKAN,100200 - SAWAH 2,NANANG SUHASNAN,nanangsuhasnan@gmail.com,+62 852-2462-0400,RESSA DWI SAPITRI,ressadwisss@gmail.com,+62 857-0311-2650
3209,180 - KAPETAKAN,021 - BUNGKO LOR,000600 - RT 006 RW 001,MOH ADE SUTRISNO,sutrisnoade12@gmail.com,+62 082-1267-50599,KASMITA,kasmitacrb23@gmail.com,+62 081-3242-18351
3209,180 - KAPETAKAN,021 - BUNGKO LOR,000900 - RT 001 RW 002,MOH ADE SUTRISNO,sutrisnoade12@gmail.com,+62 082-1267-50599,ELSA MANORA ,elsamanora250@gmail.com,+62 831-2054-0089
3209,180 - KAPETAKAN,021 - BUNGKO LOR,001000 - RT 002 RW 002,MOH ADE SUTRISNO,sutrisnoade12@gmail.com,+62 082-1267-50599,ELSA MANORA ,elsamanora250@gmail.com,+62 831-2054-0089
3209,180 - KAPETAKAN,021 - BUNGKO LOR,001300 - RT 005 RW 002,MOH ADE SUTRISNO,sutrisnoade12@gmail.com,+62 082-1267-50599,ELSA MANORA ,elsamanora250@gmail.com,+62 831-2054-0089
3209,180 - KAPETAKAN,021 - BUNGKO LOR,002600 - RT 003 RW 004,MOH ADE SUTRISNO,sutrisnoade12@gmail.com,+62 082-1267-50599,SUNARYO ,naryoliya@gmail.com,+62 083-1547-80479
3209,180 - KAPETAKAN,021 - BUNGKO LOR,002700 - RT 004 RW 004,MOH ADE SUTRISNO,sutrisnoade12@gmail.com,+62 082-1267-50599,SUNARYO ,naryoliya@gmail.com,+62 083-1547-80479
3209,180 - KAPETAKAN,021 - BUNGKO LOR,003000 - RT 007 RW 004,MOH ADE SUTRISNO,sutrisnoade12@gmail.com,+62 082-1267-50599,SUNARYO ,naryoliya@gmail.com,+62 083-1547-80479
3209,180 - KAPETAKAN,021 - BUNGKO LOR,100100 - SAWAH,MOH ADE SUTRISNO,sutrisnoade12@gmail.com,+62 082-1267-50599,SYIFA NUZULA SAL SABILA,syifanuzula665@gmail.com,+62 895-3346-39712
3209,181 - SURANENGGALA,001 - SURANENGGALA KULON,000100 - RT 001 RW 001,SURWANTO,surwanto430@gmail.com,+62 897-5462-135,BUDI HARTO,boedirhoejoe@gmail.com,+62 823-2031-7166
3209,181 - SURANENGGALA,001 - SURANENGGALA KULON,000200 - RT 002 RW 001,SURWANTO,surwanto430@gmail.com,+62 897-5462-135,EKA CANDRA,ekac749@gmail.com,+62 813-2478-5787_
3209,181 - SURANENGGALA,001 - SURANENGGALA KULON,000300 - RT 003 RW 001,SURWANTO,surwanto430@gmail.com,+62 897-5462-135,BUDI HARTO,boedirhoejoe@gmail.com,+62 823-2031-7166
3209,181 - SURANENGGALA,001 - SURANENGGALA KULON,000400 - RT 004 RW 001,SURWANTO,surwanto430@gmail.com,+62 897-5462-135,EKA CANDRA,ekac749@gmail.com,+62 813-2478-5787_
3209,181 - SURANENGGALA,001 - SURANENGGALA KULON,000600 - RT 006 RW 002,SURWANTO,surwanto430@gmail.com,+62 897-5462-135,EKA CANDRA,ekac749@gmail.com,+62 813-2478-5787_
3209,181 - SURANENGGALA,001 - SURANENGGALA KULON,000700 - RT 007 RW 002,SURWANTO,surwanto430@gmail.com,+62 897-5462-135,INDRA RAMADAN,pagertoya2004@gmail.com,+62 851-4327-5039
3209,181 - SURANENGGALA,001 - SURANENGGALA KULON,001000 - RT 010 RW 003,SURWANTO,surwanto430@gmail.com,+62 897-5462-135,BUDI HARTO,boedirhoejoe@gmail.com,+62 823-2031-7166
3209,181 - SURANENGGALA,001 - SURANENGGALA KULON,001300 - RT 013 RW 004,SURWANTO,surwanto430@gmail.com,+62 897-5462-135,BUDI HARTO,boedirhoejoe@gmail.com,+62 823-2031-7166
3209,181 - SURANENGGALA,001 - SURANENGGALA KULON,001400 - RT 014 RW 004,SURWANTO,surwanto430@gmail.com,+62 897-5462-135,INDRA RAMADAN,pagertoya2004@gmail.com,+62 851-4327-5039
3209,181 - SURANENGGALA,001 - SURANENGGALA KULON,001500 - RT 015 RW 004,SURWANTO,surwanto430@gmail.com,+62 897-5462-135,EKA CANDRA,ekac749@gmail.com,+62 813-2478-5787_
3209,181 - SURANENGGALA,001 - SURANENGGALA KULON,001600 - RT 016 RW 004,SURWANTO,surwanto430@gmail.com,+62 897-5462-135,INDRA RAMADAN,pagertoya2004@gmail.com,+62 851-4327-5039
3209,181 - SURANENGGALA,001 - SURANENGGALA KULON,001700 - RT 017 RW 004,SURWANTO,surwanto430@gmail.com,+62 897-5462-135,INDRA RAMADAN,pagertoya2004@gmail.com,+62 851-4327-5039
3209,181 - SURANENGGALA,002 - SURAKARTA,000100 - RT 001 RW 001 DUSUN 1,WIHARJA,arya.wiharja11@gmail.com,0,NURKASANAH,binokkasanah20@gmail.com,+62 882-0019-78150
3209,181 - SURANENGGALA,002 - SURAKARTA,000700 - RT 003 RW 002 DUSUN 1,WIHARJA,arya.wiharja11@gmail.com,0,NURKASANAH,binokkasanah20@gmail.com,+62 882-0019-78150
3209,181 - SURANENGGALA,002 - SURAKARTA,000800 - RT 001 RW 003 DUSUN 2,WIHARJA,arya.wiharja11@gmail.com,0,NURKASANAH,binokkasanah20@gmail.com,+62 882-0019-78150
3209,181 - SURANENGGALA,002 - SURAKARTA,000900 - RT 002 RW 003 DUSUN 2,WIHARJA,arya.wiharja11@gmail.com,0,NURKASANAH,binokkasanah20@gmail.com,+62 882-0019-78150
3209,181 - SURANENGGALA,002 - SURAKARTA,001000 - RT 003 RW 003 DUSUN 2,WIHARJA,arya.wiharja11@gmail.com,0,NURKASANAH,binokkasanah20@gmail.com,+62 882-0019-78150
3209,181 - SURANENGGALA,002 - SURAKARTA,001100 - RT 001 RW 004 DUSUN 3,WIHARJA,arya.wiharja11@gmail.com,0,INDAH WATI,widyaaprllyani17@gmail.com,0
3209,181 - SURANENGGALA,002 - SURAKARTA,001200 - RT 002 RW 004 DUSUN 3,WIHARJA,arya.wiharja11@gmail.com,0,INDAH WATI,widyaaprllyani17@gmail.com,0
3209,181 - SURANENGGALA,002 - SURAKARTA,001500 - RT 002 RW 005 DUSUN 3,WIHARJA,arya.wiharja11@gmail.com,0,NURKASANAH,binokkasanah20@gmail.com,+62 882-0019-78150
3209,181 - SURANENGGALA,002 - SURAKARTA,001600 - RT 003 RW 005 DUSUN 3,WIHARJA,arya.wiharja11@gmail.com,0,NURKASANAH,binokkasanah20@gmail.com,+62 882-0019-78150
3209,181 - SURANENGGALA,002 - SURAKARTA,001700 - RT 001 RW 006 DUSUN 4,WIHARJA,arya.wiharja11@gmail.com,0,HIMMAH,himmah.rosyid@gmail.com,+62 821-2885-1660
3209,181 - SURANENGGALA,002 - SURAKARTA,001800 - RT 002 RW 006 DUSUN 4,WIHARJA,arya.wiharja11@gmail.com,0,HIMMAH,himmah.rosyid@gmail.com,+62 821-2885-1660
3209,181 - SURANENGGALA,002 - SURAKARTA,002000 - RT 004 RW 006 DUSUN 4,WIHARJA,arya.wiharja11@gmail.com,0,HIMMAH,himmah.rosyid@gmail.com,+62 821-2885-1660
3209,181 - SURANENGGALA,002 - SURAKARTA,002200 - RT 002 RW 007 DUSUN 5,WIHARJA,arya.wiharja11@gmail.com,0,HIMMAH,himmah.rosyid@gmail.com,+62 821-2885-1660
3209,181 - SURANENGGALA,002 - SURAKARTA,002400 - RT 004 RW 007 DUSUN 5,WIHARJA,arya.wiharja11@gmail.com,0,HIMMAH,himmah.rosyid@gmail.com,+62 821-2885-1660
3209,181 - SURANENGGALA,002 - SURAKARTA,100300 - SAWAH RAKYAT,WIHARJA,arya.wiharja11@gmail.com,0,HIMMAH,himmah.rosyid@gmail.com,+62 821-2885-1660
3209,181 - SURANENGGALA,003 - KERATON,000100 - RT 001 RW 001 DUSUN KERATON WETAN,WIHARJA,arya.wiharja11@gmail.com,0,SAGITA MEGA LUWINDA,sagitamega052005@gmail.com,+62 896-2848-0409
3209,181 - SURANENGGALA,003 - KERATON,000500 - RT 002 RW 002 DUSUN KERATON KIDUL,WIHARJA,arya.wiharja11@gmail.com,0,SAGITA MEGA LUWINDA,sagitamega052005@gmail.com,+62 896-2848-0409
3209,181 - SURANENGGALA,003 - KERATON,000700 - RT 004 RW 002 DUSUN KERATON KIDUL,WIHARJA,arya.wiharja11@gmail.com,0,SAGITA MEGA LUWINDA,sagitamega052005@gmail.com,+62 896-2848-0409
3209,181 - SURANENGGALA,003 - KERATON,000800 - RT 001 RW 003 DUSUN BATU LAYANG,WIHARJA,arya.wiharja11@gmail.com,0,SAGITA MEGA LUWINDA,sagitamega052005@gmail.com,+62 896-2848-0409
3209,181 - SURANENGGALA,003 - KERATON,000900 - RT 002 RW 003 DUSUN BATU LAYANG,WIHARJA,arya.wiharja11@gmail.com,0,ANASTYA REJA SASQIA PUTRI,anastyareja11@gmail.com,+62 896-0414-2249
3209,181 - SURANENGGALA,003 - KERATON,001200 - RT 001 RW 004 DUSUN UNDUNG UNDUNG,WIHARJA,arya.wiharja11@gmail.com,0,SAGITA MEGA LUWINDA,sagitamega052005@gmail.com,+62 896-2848-0409
3209,181 - SURANENGGALA,003 - KERATON,001500 - RT 004 RW 004 DUSUN UNDUNG UNDUNG,WIHARJA,arya.wiharja11@gmail.com,0,NOVA YULIAWATI,novayuliawati30@gmail.com,+62 896-8014-0476
3209,181 - SURANENGGALA,003 - KERATON,001700 - RT 002 RW 005 DUSUN KERATON LOR,WIHARJA,arya.wiharja11@gmail.com,0,NOVA YULIAWATI,novayuliawati30@gmail.com,+62 896-8014-0476
3209,181 - SURANENGGALA,003 - KERATON,001900 - RT 004 RW 005 DUSUN KERATON LOR,WIHARJA,arya.wiharja11@gmail.com,0,ANASTYA REJA SASQIA PUTRI,anastyareja11@gmail.com,+62 896-0414-2249
3209,181 - SURANENGGALA,004 - PURWAWINANGUN,000300 - RT 003 RW 001 DUSUN KECITRAN DESA,SARIPUDIN,arifsyar212@gmail.com,+62 881-0230-87005,AZIZAH,wirantakaazizah@gmail.com,+62 082-2160-23623
3209,181 - SURANENGGALA,004 - PURWAWINANGUN,000500 - RT 001 RW 002 DUSUN KECITRAN LOR,SUJADI,roshananjadi@gmail.com,+62 896-7750-9099,MUHAMMAD KHAERUL ANAM,mkhaerulanam671@gmail.com,+62 897-8481-777
3209,181 - SURANENGGALA,004 - PURWAWINANGUN,000900 - RT 001 RW 003 DUSUN KECITRAN WETAN,SUJADI,roshananjadi@gmail.com,+62 896-7750-9099,MUHAMMAD KHAERUL ANAM,mkhaerulanam671@gmail.com,+62 897-8481-777
3209,181 - SURANENGGALA,004 - PURWAWINANGUN,001500 - RT 002 RW 004 DUSUN PABEAN KULON,SUJADI,roshananjadi@gmail.com,+62 896-7750-9099,MUHAMMAD KHAERUL ANAM,mkhaerulanam671@gmail.com,+62 897-8481-777
3209,181 - SURANENGGALA,004 - PURWAWINANGUN,001600 - RT 003 RW 004 DUSUN PABEAN KULON,SARIPUDIN,arifsyar212@gmail.com,+62 881-0230-87005,KOMALA SARI,komala2152@gmail.com,+62 877-3975-5754
3209,181 - SURANENGGALA,004 - PURWAWINANGUN,001800 - RT 005 RW 004 DUSUN PABEAN KULON,SARIPUDIN,arifsyar212@gmail.com,+62 881-0230-87005,KOMALA SARI,komala2152@gmail.com,+62 877-3975-5754
3209,181 - SURANENGGALA,004 - PURWAWINANGUN,002600 - RT 002 RW 006 DUSUN SIPALASA,SUJADI,roshananjadi@gmail.com,+62 896-7750-9099,MUHAMMAD KHAERUL ANAM,mkhaerulanam671@gmail.com,+62 897-8481-777
3209,181 - SURANENGGALA,004 - PURWAWINANGUN,002800 - RT 004 RW 006 DUSUN SIPALASA,SUJADI,roshananjadi@gmail.com,+62 896-7750-9099,MUHAMMAD KHAERUL ANAM,mkhaerulanam671@gmail.com,+62 897-8481-777
3209,181 - SURANENGGALA,004 - PURWAWINANGUN,002900 - RT 005 RW 006 DUSUN SIPALASA,SUJADI,roshananjadi@gmail.com,+62 896-7750-9099,MUHAMMAD KHAERUL ANAM,mkhaerulanam671@gmail.com,+62 897-8481-777
3209,181 - SURANENGGALA,004 - PURWAWINANGUN,003000 - RT 001 RW 007 DUSUN PURI CELANCANG 1,SARIPUDIN,arifsyar212@gmail.com,+62 881-0230-87005,AZIZAH,wirantakaazizah@gmail.com,+62 082-2160-23623
3209,181 - SURANENGGALA,004 - PURWAWINANGUN,003100 - RT 002 RW 007 DUSUN PURI CELANCANG 1,SARIPUDIN,arifsyar212@gmail.com,+62 881-0230-87005,AZIZAH,wirantakaazizah@gmail.com,+62 082-2160-23623
3209,181 - SURANENGGALA,004 - PURWAWINANGUN,100100 - PERSAWAHAN DESA PURWAWINANGUN,SUJADI,roshananjadi@gmail.com,+62 896-7750-9099,MUHAMMAD KHAERUL ANAM,mkhaerulanam671@gmail.com,+62 897-8481-777
3209,181 - SURANENGGALA,004 - PURWAWINANGUN,200200 - KUBURAN KECITRAN WETAN,SUJADI,roshananjadi@gmail.com,+62 896-7750-9099,MUHAMMAD KHAERUL ANAM,mkhaerulanam671@gmail.com,+62 897-8481-777
3209,181 - SURANENGGALA,005 - MUARA,000400 - RT 001 RW 002 DUSUN MUARA KULON,SARIPUDIN,arifsyar212@gmail.com,+62 881-0230-87005,ISKANDAR,iskandarmuarabekel@gmail.com,+62 895-3636-88474
3209,181 - SURANENGGALA,005 - MUARA,000500 - RT 002 RW 002 DUSUN MUARA KULON,SARIPUDIN,arifsyar212@gmail.com,+62 881-0230-87005,ISKANDAR,iskandarmuarabekel@gmail.com,+62 895-3636-88474
3209,181 - SURANENGGALA,005 - MUARA,000600 - RT 003 RW 002 DUSUN MUARA KULON,SARIPUDIN,arifsyar212@gmail.com,+62 881-0230-87005,ISKANDAR,iskandarmuarabekel@gmail.com,+62 895-3636-88474
3209,181 - SURANENGGALA,005 - MUARA,000700 - RT 001 RW 003 DUSUN MUARA KULON,SARIPUDIN,arifsyar212@gmail.com,+62 881-0230-87005,ISKANDAR,iskandarmuarabekel@gmail.com,+62 895-3636-88474
3209,181 - SURANENGGALA,005 - MUARA,001000 - RT 004 RW 003 DUSUN MUARA KULON,SARIPUDIN,arifsyar212@gmail.com,+62 881-0230-87005,WAKSUDI,waksudididi@gmail.com,0
3209,181 - SURANENGGALA,005 - MUARA,001100 - RT 001 RW 004 DUSUN MUARA WETAN,SARIPUDIN,arifsyar212@gmail.com,+62 881-0230-87005,WAKSUDI,waksudididi@gmail.com,0
3209,181 - SURANENGGALA,005 - MUARA,001200 - RT 002 RW 004 DUSUN MUARA WETAN,SARIPUDIN,arifsyar212@gmail.com,+62 881-0230-87005,WAKSUDI,waksudididi@gmail.com,0
3209,181 - SURANENGGALA,005 - MUARA,001300 - RT 003 RW 004 DUSUN MUARA WETAN,SARIPUDIN,arifsyar212@gmail.com,+62 881-0230-87005,WAKSUDI,waksudididi@gmail.com,0
3209,181 - SURANENGGALA,005 - MUARA,001400 - RT 001 RW 005 DUSUN MUARA WETAN,SARIPUDIN,arifsyar212@gmail.com,+62 881-0230-87005,WAKSUDI,waksudididi@gmail.com,0
3209,181 - SURANENGGALA,005 - MUARA,001500 - RT 002 RW 005 DUSUN MUARA WETAN,SARIPUDIN,arifsyar212@gmail.com,+62 881-0230-87005,HASANUDIN,udin19064@gmail.com,+62 896-0907-6893
3209,181 - SURANENGGALA,005 - MUARA,001600 - RT 003 RW 005 DUSUN MUARA WETAN,SARIPUDIN,arifsyar212@gmail.com,+62 881-0230-87005,WAKSUDI,waksudididi@gmail.com,0
3209,181 - SURANENGGALA,005 - MUARA,001700 - RT 004 RW 005 DUSUN MUARA WETAN,SARIPUDIN,arifsyar212@gmail.com,+62 881-0230-87005,WAKSUDI,waksudididi@gmail.com,0
3209,181 - SURANENGGALA,005 - MUARA,001800 - RT 001 RW 006 DUSUN KARANG ANYAR,SARIPUDIN,arifsyar212@gmail.com,+62 881-0230-87005,HASANUDIN,udin19064@gmail.com,+62 896-0907-6893
3209,181 - SURANENGGALA,005 - MUARA,002000 - RT 003 RW 006 DUSUN KARANG ANYAR,SARIPUDIN,arifsyar212@gmail.com,+62 881-0230-87005,HASANUDIN,udin19064@gmail.com,+62 896-0907-6893
3209,181 - SURANENGGALA,005 - MUARA,002100 - RT 004 RW 006 DUSUN KARANG ANYAR,SARIPUDIN,arifsyar212@gmail.com,+62 881-0230-87005,HASANUDIN,udin19064@gmail.com,+62 896-0907-6893
3209,181 - SURANENGGALA,005 - MUARA,002500 - RT 004 RW 007 DUSUN KARANG ANYAR,SARIPUDIN,arifsyar212@gmail.com,+62 881-0230-87005,HASANUDIN,udin19064@gmail.com,+62 896-0907-6893
3209,181 - SURANENGGALA,005 - MUARA,100100 - SAWAH,SARIPUDIN,arifsyar212@gmail.com,+62 881-0230-87005,WAKSUDI,waksudididi@gmail.com,0
3209,181 - SURANENGGALA,006 - KARANGREJA,000100 - RT 001 RW 001 DUSUN 1,SURWANTO,surwanto430@gmail.com,+62 897-5462-135,ZAHRADIKA EDDIES GEONITA,zahradikaeddiesg@gmail.com,+62 895-0628-0930
3209,181 - SURANENGGALA,006 - KARANGREJA,000200 - RT 002 RW 001 DUSUN 1,SURWANTO,surwanto430@gmail.com,+62 897-5462-135,ZAHRADIKA EDDIES GEONITA,zahradikaeddiesg@gmail.com,+62 895-0628-0930
3209,181 - SURANENGGALA,006 - KARANGREJA,000300 - RT 003 RW 001 DUSUN 1,SURWANTO,surwanto430@gmail.com,+62 897-5462-135,ZAHRADIKA EDDIES GEONITA,zahradikaeddiesg@gmail.com,+62 895-0628-0930
3209,181 - SURANENGGALA,006 - KARANGREJA,000400 - RT 014 RW 001 DUSUN 1,SURWANTO,surwanto430@gmail.com,+62 897-5462-135,ZAHRADIKA EDDIES GEONITA,zahradikaeddiesg@gmail.com,+62 895-0628-0930
3209,181 - SURANENGGALA,006 - KARANGREJA,000600 - RT 005 RW 002 DUSUN 2,SURWANTO,surwanto430@gmail.com,+62 897-5462-135,MOH.JAELANI,akbaribrohim277@gmail.com,+62 896-2688-8119
3209,181 - SURANENGGALA,006 - KARANGREJA,000700 - RT 006 RW 002 DUSUN 2,SURWANTO,surwanto430@gmail.com,+62 897-5462-135,MOH.JAELANI,akbaribrohim277@gmail.com,+62 896-2688-8119
3209,181 - SURANENGGALA,006 - KARANGREJA,000800 - RT 007 RW 003 DUSUN 3,SURWANTO,surwanto430@gmail.com,+62 897-5462-135,ABDUL MU'IZ,muizabdulmuiz856@gmail.com,+62 896-0432-7850
3209,181 - SURANENGGALA,006 - KARANGREJA,000900 - RT 008 RW 003 DUSUN 3,SURWANTO,surwanto430@gmail.com,+62 897-5462-135,ABDUL MU'IZ,muizabdulmuiz856@gmail.com,+62 896-0432-7850
3209,181 - SURANENGGALA,006 - KARANGREJA,001000 - RT 009 RW 003 DUSUN 3,SURWANTO,surwanto430@gmail.com,+62 897-5462-135,ABDUL MU'IZ,muizabdulmuiz856@gmail.com,+62 896-0432-7850
3209,181 - SURANENGGALA,006 - KARANGREJA,001200 - RT 010 RW 004 DUSUN 4,SURWANTO,surwanto430@gmail.com,+62 897-5462-135,ABDUL MU'IZ,muizabdulmuiz856@gmail.com,+62 896-0432-7850
3209,181 - SURANENGGALA,006 - KARANGREJA,001400 - RT 012 RW 004 DUSUN 4,SURWANTO,surwanto430@gmail.com,+62 897-5462-135,MOH.JAELANI,akbaribrohim277@gmail.com,+62 896-2688-8119
3209,181 - SURANENGGALA,006 - KARANGREJA,001500 - RT 013 RW 004 DUSUN 4,SURWANTO,surwanto430@gmail.com,+62 897-5462-135,MOH.JAELANI,akbaribrohim277@gmail.com,+62 896-2688-8119
3209,181 - SURANENGGALA,006 - KARANGREJA,100100 - SAWAH,SURWANTO,surwanto430@gmail.com,+62 897-5462-135,MOH.JAELANI,akbaribrohim277@gmail.com,+62 896-2688-8119
3209,181 - SURANENGGALA,007 - SURANENGGALA KIDUL,000100 - RT 001 RW 001 DUSUN AHAD,SARIPUDIN,arifsyar212@gmail.com,+62 881-0230-87005,FERIYANTO,fy6733634@gmail.com,+62 895-4198-88886
3209,181 - SURANENGGALA,007 - SURANENGGALA KIDUL,000200 - RT 002 RW 001 DUSUN AHAD,SARIPUDIN,arifsyar212@gmail.com,+62 881-0230-87005,FERIYANTO,fy6733634@gmail.com,+62 895-4198-88886
3209,181 - SURANENGGALA,007 - SURANENGGALA KIDUL,000300 - RT 003 RW 001 DUSUN AHAD,SARIPUDIN,arifsyar212@gmail.com,+62 881-0230-87005,FERIYANTO,fy6733634@gmail.com,+62 895-4198-88886
3209,181 - SURANENGGALA,007 - SURANENGGALA KIDUL,000400 - RT 004 RW 001 DUSUN AHAD,SARIPUDIN,arifsyar212@gmail.com,+62 881-0230-87005,FERIYANTO,fy6733634@gmail.com,+62 895-4198-88886
3209,181 - SURANENGGALA,007 - SURANENGGALA KIDUL,001200 - RT 004 RW 003 DUSUN SELASA,SARIPUDIN,arifsyar212@gmail.com,+62 881-0230-87005,NUR RALIM,alimnur0201@gmail.com,+62 895-3643-45952
3209,181 - SURANENGGALA,007 - SURANENGGALA KIDUL,001700 - RT 004 RW 004 DUSUN RABU,SARIPUDIN,arifsyar212@gmail.com,+62 881-0230-87005,NUR RALIM,alimnur0201@gmail.com,+62 895-3643-45952
3209,181 - SURANENGGALA,007 - SURANENGGALA KIDUL,100100 - SAWAH,SARIPUDIN,arifsyar212@gmail.com,+62 881-0230-87005,AGENG GAGA,ageng46gaga@gmail.com,+62 821-1509-2551
3209,181 - SURANENGGALA,008 - SURANENGGALA LOR,000800 - RT 008 RW 004 DUSUN 3,SUJADI,roshananjadi@gmail.com,+62 896-7750-9099,ACHMAD DELI SAMUDRA,ssmdra25@gmail.com,+62 083-1325-17353
3209,181 - SURANENGGALA,008 - SURANENGGALA LOR,000900 - RT 009 RW 004 DUSUN 3,SUJADI,roshananjadi@gmail.com,+62 896-7750-9099,ACHMAD DELI SAMUDRA,ssmdra25@gmail.com,+62 083-1325-17353
3209,181 - SURANENGGALA,008 - SURANENGGALA LOR,001000 - RT 010 RW 005 DUSUN 3,SUJADI,roshananjadi@gmail.com,+62 896-7750-9099,RAIDA,sudionom@gmail.com,0
3209,181 - SURANENGGALA,008 - SURANENGGALA LOR,001400 - RT 014 RW 007 DUSUN 4,WIHARJA,arya.wiharja11@gmail.com,0,SUTILA,nazwa.nur.crb@gmail.com,+62 852-9594-1398
3209,181 - SURANENGGALA,008 - SURANENGGALA LOR,100100 - SAWAH LAMBAU,WIHARJA,arya.wiharja11@gmail.com,0,SUTILA,nazwa.nur.crb@gmail.com,+62 852-9594-1398
3209,181 - SURANENGGALA,008 - SURANENGGALA LOR,100200 - SAWAH CARIK,SUJADI,roshananjadi@gmail.com,+62 896-7750-9099,RAIDA,sudionom@gmail.com,0
3209,181 - SURANENGGALA,009 - SURANENGGALA,000100 - RT 001 RW 001 DUSUN NENGGALA INDAH,SUJADI,roshananjadi@gmail.com,+62 896-7750-9099,YODIMAS,yodimas814@gmail.com,+62 895-4225-72626
3209,181 - SURANENGGALA,009 - SURANENGGALA,000200 - RT 002 RW 001 DUSUN NENGGALA INDAH,SUJADI,roshananjadi@gmail.com,+62 896-7750-9099,YODIMAS,yodimas814@gmail.com,+62 895-4225-72626
3209,181 - SURANENGGALA,009 - SURANENGGALA,000300 - RT 001 RW 002 DUSUN NENGGALA INDAH,SUJADI,roshananjadi@gmail.com,+62 896-7750-9099,YODIMAS,yodimas814@gmail.com,+62 895-4225-72626
3209,181 - SURANENGGALA,009 - SURANENGGALA,000400 - RT 002 RW 002 DUSUN NENGGALA INDAH,SUJADI,roshananjadi@gmail.com,+62 896-7750-9099,YODIMAS,yodimas814@gmail.com,+62 895-4225-72626
3209,181 - SURANENGGALA,009 - SURANENGGALA,001000 - RT 001 RW 005 DUSUN NENGGALA MEKAR,SURWANTO,surwanto430@gmail.com,+62 897-5462-135,DELINA SITI NUR AISAH,delinasiti20@gmail.com,+62 896-4789-2099
3209,181 - SURANENGGALA,009 - SURANENGGALA,001100 - RT 002 RW 005 DUSUN NENGGALA MEKAR,SURWANTO,surwanto430@gmail.com,+62 897-5462-135,DELINA SITI NUR AISAH,delinasiti20@gmail.com,+62 896-4789-2099
3209,181 - SURANENGGALA,009 - SURANENGGALA,001200 - RT 003 RW 005 DUSUN NENGGALA MEKAR,SURWANTO,surwanto430@gmail.com,+62 897-5462-135,DELINA SITI NUR AISAH,delinasiti20@gmail.com,+62 896-4789-2099
3209,181 - SURANENGGALA,009 - SURANENGGALA,001300 - RT 001 RW 006 DUSUN NENGGALA MEKAR,SUJADI,roshananjadi@gmail.com,+62 896-7750-9099,YODIMAS,yodimas814@gmail.com,+62 895-4225-72626
3209,181 - SURANENGGALA,009 - SURANENGGALA,001500 - RT 001 RW 007 DUSUN NENGGALA SARI,SUJADI,roshananjadi@gmail.com,+62 896-7750-9099,SRI HARTINI ,srih8666@gmail.com,+62 896-3918-7770
3209,181 - SURANENGGALA,009 - SURANENGGALA,001600 - RT 002 RW 007 DUSUN NENGGALA SARI,SURWANTO,surwanto430@gmail.com,+62 897-5462-135,DELINA SITI NUR AISAH,delinasiti20@gmail.com,+62 896-4789-2099
3209,181 - SURANENGGALA,009 - SURANENGGALA,001700 - RT 001 RW 008 DUSUN NENGGALA SARI,SUJADI,roshananjadi@gmail.com,+62 896-7750-9099,SRI HARTINI ,srih8666@gmail.com,+62 896-3918-7770
3209,181 - SURANENGGALA,009 - SURANENGGALA,001800 - RT 002 RW 008 DUSUN NENGGALA SARI,SUJADI,roshananjadi@gmail.com,+62 896-7750-9099,SRI HARTINI ,srih8666@gmail.com,+62 896-3918-7770
3209,190 - KLANGENAN,001 - SERANG,000400 - RT 002 RW 002 DUSUN 1,IMAN SUDRAJAT RUSLAN,ruslaniman06@gmail.com,+62 853-2208-8285,MOHAMAD AKBAR ALI,mohamadakbarali12@gmail.com,+62 896-6057-0566
3209,190 - KLANGENAN,001 - SERANG,000600 - RT 001 RW 003 DUSUN 2,IMAN SUDRAJAT RUSLAN,ruslaniman06@gmail.com,+62 853-2208-8285,MOHAMAD AKBAR ALI,mohamadakbarali12@gmail.com,+62 896-6057-0566
3209,190 - KLANGENAN,001 - SERANG,001200 - RT 002 RW 005 DUSUN 3,IMAN SUDRAJAT RUSLAN,ruslaniman06@gmail.com,+62 853-2208-8285,NOVI SUPRIYANTI,novisupriyanti01111988@gmail.com,+62 895-3552-29052
3209,190 - KLANGENAN,001 - SERANG,001400 - RT 002 RW 006 DUSUN 4,IMAN SUDRAJAT RUSLAN,ruslaniman06@gmail.com,+62 853-2208-8285,NOVI SUPRIYANTI,novisupriyanti01111988@gmail.com,+62 895-3552-29052
3209,190 - KLANGENAN,001 - SERANG,200200 - PEMUKIMAN,IMAN SUDRAJAT RUSLAN,ruslaniman06@gmail.com,+62 853-2208-8285,NOVIEYANAH ANJAENIA,raksabumi397@gmail.com,+62 896-4815-3118
3209,190 - KLANGENAN,002 - KLANGENAN,000200 - RT 002 RW 001 DUSUN 1,IMAN SUDRAJAT RUSLAN,ruslaniman06@gmail.com,+62 853-2208-8285,ERNA RISDIANA,ernarisdiana6@gmail.com,0
3209,190 - KLANGENAN,002 - KLANGENAN,000300 - RT 002 RW 002 DUSUN 3,IMAN SUDRAJAT RUSLAN,ruslaniman06@gmail.com,+62 853-2208-8285,NIA KURNIATI,langen.nia23@gmail.com,+62 895-3218-54371
3209,190 - KLANGENAN,002 - KLANGENAN,000400 - RT 001 RW 002 DUSUN 3,IMAN SUDRAJAT RUSLAN,ruslaniman06@gmail.com,+62 853-2208-8285,ARI HARDIANSYAH ,arihardiansyah243@gmail.com,+62 823-1893-3208
3209,190 - KLANGENAN,002 - KLANGENAN,000500 - RT 003 RW 001 DUSUN 1,IMAN SUDRAJAT RUSLAN,ruslaniman06@gmail.com,+62 853-2208-8285,ERNA RISDIANA,ernarisdiana6@gmail.com,0
3209,190 - KLANGENAN,002 - KLANGENAN,000601 - RT 003 RW 002 DUSUN 3,IMAN SUDRAJAT RUSLAN,ruslaniman06@gmail.com,+62 853-2208-8285,NIA KURNIATI,langen.nia23@gmail.com,+62 895-3218-54371
3209,190 - KLANGENAN,002 - KLANGENAN,000602 - RT 003 RW 002 DUSUN 3,IMAN SUDRAJAT RUSLAN,ruslaniman06@gmail.com,+62 853-2208-8285,NIA KURNIATI,langen.nia23@gmail.com,+62 895-3218-54371
3209,190 - KLANGENAN,002 - KLANGENAN,000700 - RT 004 RW 002 DUSUN 3,IMAN SUDRAJAT RUSLAN,ruslaniman06@gmail.com,+62 853-2208-8285,ERNA RISDIANA,ernarisdiana6@gmail.com,0
3209,190 - KLANGENAN,002 - KLANGENAN,000800 - RT 001 RW 003 DUSUN 4,IMAN SUDRAJAT RUSLAN,ruslaniman06@gmail.com,+62 853-2208-8285,LILI FAJRI ASYRIYADI,ajang.110611@gmail.com,0
3209,190 - KLANGENAN,002 - KLANGENAN,000900 - RT 002 RW 003 DUSUN 4,IMAN SUDRAJAT RUSLAN,ruslaniman06@gmail.com,+62 853-2208-8285,LILI FAJRI ASYRIYADI,ajang.110611@gmail.com,0
3209,190 - KLANGENAN,002 - KLANGENAN,001000 - RT 003 RW 003 DUSUN 4,IMAN SUDRAJAT RUSLAN,ruslaniman06@gmail.com,+62 853-2208-8285,LILI FAJRI ASYRIYADI,ajang.110611@gmail.com,0
3209,190 - KLANGENAN,002 - KLANGENAN,001100 - RT 001 RW 004 DUSUN 2,IMAN SUDRAJAT RUSLAN,ruslaniman06@gmail.com,+62 853-2208-8285,ULFAH LATHIFAH,lathifahulfah88@gmail.com,+62 821-3061-2821
3209,190 - KLANGENAN,002 - KLANGENAN,001300 - RT 003 RW 004 DUSUN 2,IMAN SUDRAJAT RUSLAN,ruslaniman06@gmail.com,+62 853-2208-8285,LILI FAJRI ASYRIYADI,ajang.110611@gmail.com,0
3209,190 - KLANGENAN,002 - KLANGENAN,001600 - RT 002 RW 005 DUSUN 1,IMAN SUDRAJAT RUSLAN,ruslaniman06@gmail.com,+62 853-2208-8285,ULFAH LATHIFAH,lathifahulfah88@gmail.com,+62 821-3061-2821
3209,190 - KLANGENAN,002 - KLANGENAN,001900 - RT 002 RW 006 DUSUN 2,IMAN SUDRAJAT RUSLAN,ruslaniman06@gmail.com,+62 853-2208-8285,ARI HARDIANSYAH ,arihardiansyah243@gmail.com,+62 823-1893-3208
3209,190 - KLANGENAN,002 - KLANGENAN,002000 - RT 003 RW 006 DUSUN 2,IMAN SUDRAJAT RUSLAN,ruslaniman06@gmail.com,+62 853-2208-8285,LILI FAJRI ASYRIYADI,ajang.110611@gmail.com,0
3209,190 - KLANGENAN,002 - KLANGENAN,002400 - RT 002 RW 007 DUSUN 2,IMAN SUDRAJAT RUSLAN,ruslaniman06@gmail.com,+62 853-2208-8285,ARI HARDIANSYAH ,arihardiansyah243@gmail.com,+62 823-1893-3208
3209,190 - KLANGENAN,002 - KLANGENAN,100100 - SAWAH,IMAN SUDRAJAT RUSLAN,ruslaniman06@gmail.com,+62 853-2208-8285,ARI HARDIANSYAH ,arihardiansyah243@gmail.com,+62 823-1893-3208
3209,190 - KLANGENAN,003 - DANAWINANGUN,000102 - RT 001 RW 001 DUSUN I,PANZI GUMELAR,panzigumelar@gmail.com,+62 895-3512-47411,EDI,kangeddiebae@gmail.com,+62 812-2353-1963
3209,190 - KLANGENAN,003 - DANAWINANGUN,000300 - RT 003 RW 002 DUSUN II,PANZI GUMELAR,panzigumelar@gmail.com,+62 895-3512-47411,YATIM NUR ROHMAN,omanhehe195@gmail.com,+62 812-8455-4738
3209,190 - KLANGENAN,003 - DANAWINANGUN,000400 - RT 004 RW 002 DUSUN II,PANZI GUMELAR,panzigumelar@gmail.com,+62 895-3512-47411,SITI AISYAH,sitiaisyahsah15@gmail.com,+62 895-3730-21422
3209,190 - KLANGENAN,003 - DANAWINANGUN,000500 - RT 005 RW 002 DUSUN II,PANZI GUMELAR,panzigumelar@gmail.com,+62 895-3512-47411,SITI AISYAH,sitiaisyahsah15@gmail.com,+62 895-3730-21422
3209,190 - KLANGENAN,003 - DANAWINANGUN,000900 - RT 009 RW 005 DUSUN IV,PANZI GUMELAR,panzigumelar@gmail.com,+62 895-3512-47411,YATIM NUR ROHMAN,omanhehe195@gmail.com,+62 812-8455-4738
3209,190 - KLANGENAN,003 - DANAWINANGUN,001101 - RT 011 RW 006 DUSUN IV,PANZI GUMELAR,panzigumelar@gmail.com,+62 895-3512-47411,RIYAN SETIAWAN,riyansetiawanbae99@gmail.com,+62 821-1793-5669
3209,190 - KLANGENAN,003 - DANAWINANGUN,001102 - RT 011 RW 006 DUSUN IV,PANZI GUMELAR,panzigumelar@gmail.com,+62 895-3512-47411,RIYAN SETIAWAN,riyansetiawanbae99@gmail.com,+62 821-1793-5669
3209,190 - KLANGENAN,003 - DANAWINANGUN,100200 - SAWAH,PANZI GUMELAR,panzigumelar@gmail.com,+62 895-3512-47411,YATIM NUR ROHMAN,omanhehe195@gmail.com,+62 812-8455-4738
3209,190 - KLANGENAN,003 - DANAWINANGUN,100300 - SAWAH,PANZI GUMELAR,panzigumelar@gmail.com,+62 895-3512-47411,RIYAN SETIAWAN,riyansetiawanbae99@gmail.com,+62 821-1793-5669
3209,190 - KLANGENAN,007 - PEKANTINGAN,000101 - RT 001 RW 001 DUSUN 1,SANOTO,sanoto462@gmail.com,+62 823-2025-8890_,EUIS TRESNAWATI,euistresnawati52@gmail.com,+62 813-8297-7201_
3209,190 - KLANGENAN,007 - PEKANTINGAN,000102 - RT 001 RW 001 DUSUN 1,SANOTO,sanoto462@gmail.com,+62 823-2025-8890_,EUIS TRESNAWATI,euistresnawati52@gmail.com,+62 813-8297-7201_
3209,190 - KLANGENAN,007 - PEKANTINGAN,000200 - RT 002 RW 001 DUSUN 1,SANOTO,sanoto462@gmail.com,+62 823-2025-8890_,EUIS TRESNAWATI,euistresnawati52@gmail.com,+62 813-8297-7201_
3209,190 - KLANGENAN,007 - PEKANTINGAN,000300 - RT 003 RW 001 DUSUN 1,SANOTO,sanoto462@gmail.com,+62 823-2025-8890_,EUIS TRESNAWATI,euistresnawati52@gmail.com,+62 813-8297-7201_
3209,190 - KLANGENAN,007 - PEKANTINGAN,000400 - RT 004 RW 002 DUSUN 2,SANOTO,sanoto462@gmail.com,+62 823-2025-8890_,NURHANTORO ,hantoronur390@gmail.com,+62 083-1677-37155
3209,190 - KLANGENAN,007 - PEKANTINGAN,000500 - RT 005 RW 002 DUSUN 2,SANOTO,sanoto462@gmail.com,+62 823-2025-8890_,NURHANTORO ,hantoronur390@gmail.com,+62 083-1677-37155
3209,190 - KLANGENAN,007 - PEKANTINGAN,000700 - RT 007 RW 003 DUSUN 3,SANOTO,sanoto462@gmail.com,+62 823-2025-8890_,NURHANTORO ,hantoronur390@gmail.com,+62 083-1677-37155
3209,190 - KLANGENAN,007 - PEKANTINGAN,000900 - RT 009 RW 004 DUSUN 3,SANOTO,sanoto462@gmail.com,+62 823-2025-8890_,EDI ARYADI,ediaryadi251@gmail.com,+62 085-3187-0497
3209,190 - KLANGENAN,007 - PEKANTINGAN,001000 - RT 010 RW 005 DUSUN 4,SANOTO,sanoto462@gmail.com,+62 823-2025-8890_,NURHANTORO ,hantoronur390@gmail.com,+62 083-1677-37155
3209,190 - KLANGENAN,007 - PEKANTINGAN,001101 - RT 011 RW 005 DUSUN 4,SANOTO,sanoto462@gmail.com,+62 823-2025-8890_,PERDANA SYAHID,bengkelbima89@gmail.com,+62 878-3011-0003
3209,190 - KLANGENAN,007 - PEKANTINGAN,001102 - RT 011 RW 005 DUSUN 4,SANOTO,sanoto462@gmail.com,+62 823-2025-8890_,PERDANA SYAHID,bengkelbima89@gmail.com,+62 878-3011-0003
3209,190 - KLANGENAN,007 - PEKANTINGAN,001300 - RT 013 RW 006 DUSUN 5,SANOTO,sanoto462@gmail.com,+62 823-2025-8890_,PERDANA SYAHID,bengkelbima89@gmail.com,+62 878-3011-0003
3209,190 - KLANGENAN,007 - PEKANTINGAN,001401 - RT 014 RW 006 DUSUN 6,SANOTO,sanoto462@gmail.com,+62 823-2025-8890_,EDI ARYADI,ediaryadi251@gmail.com,+62 085-3187-0497
3209,190 - KLANGENAN,007 - PEKANTINGAN,100200 - PERTANIAN 2,SANOTO,sanoto462@gmail.com,+62 823-2025-8890_,PERDANA SYAHID,bengkelbima89@gmail.com,+62 878-3011-0003
3209,190 - KLANGENAN,007 - PEKANTINGAN,100300 - PETANIAN 3,SANOTO,sanoto462@gmail.com,+62 823-2025-8890_,NURHANTORO ,hantoronur390@gmail.com,+62 083-1677-37155
3209,190 - KLANGENAN,007 - PEKANTINGAN,100400 - SAWAH 4,SANOTO,sanoto462@gmail.com,+62 823-2025-8890_,EDI ARYADI,ediaryadi251@gmail.com,+62 085-3187-0497
3209,190 - KLANGENAN,008 - JEMARAS KIDUL,000200 - RT 002 RW 001 DUSUN I,SANOTO,sanoto462@gmail.com,+62 823-2025-8890_,RISKA REVANIA ,riskarevania18@gmail.com,+62 823-1709-5035
3209,190 - KLANGENAN,008 - JEMARAS KIDUL,000300 - RT 003 RW 001 DUSUN I,SANOTO,sanoto462@gmail.com,+62 823-2025-8890_,RISKA REVANIA ,riskarevania18@gmail.com,+62 823-1709-5035
3209,190 - KLANGENAN,008 - JEMARAS KIDUL,000400 - RT 004 RW 001 DUSUN I,SANOTO,sanoto462@gmail.com,+62 823-2025-8890_,RISKA REVANIA ,riskarevania18@gmail.com,+62 823-1709-5035
3209,190 - KLANGENAN,008 - JEMARAS KIDUL,000500 - RT 005 RW 001 DUSUN I,SANOTO,sanoto462@gmail.com,+62 823-2025-8890_,RISKA REVANIA ,riskarevania18@gmail.com,+62 823-1709-5035
3209,190 - KLANGENAN,008 - JEMARAS KIDUL,000600 - RT 001 RW 004 DUSUN IV,SANOTO,sanoto462@gmail.com,+62 823-2025-8890_,FITRI APRILIANI,fitriapriliani200412@gmail.com,+62 814-6082-0274
3209,190 - KLANGENAN,008 - JEMARAS KIDUL,001000 - RT 005 RW 004 DUSUN IV,SANOTO,sanoto462@gmail.com,+62 823-2025-8890_,FITRI APRILIANI,fitriapriliani200412@gmail.com,+62 814-6082-0274
3209,190 - KLANGENAN,008 - JEMARAS KIDUL,001100 - RT 001 RW 002 DUSUN II,SANOTO,sanoto462@gmail.com,+62 823-2025-8890_,DEDE TRIONO,trionodd@gmail.com,+62 812-2004-5790
3209,190 - KLANGENAN,008 - JEMARAS KIDUL,001400 - RT 004 RW 002 DUSUN II,SANOTO,sanoto462@gmail.com,+62 823-2025-8890_,DEDE TRIONO,trionodd@gmail.com,+62 812-2004-5790
3209,190 - KLANGENAN,008 - JEMARAS KIDUL,001600 - RT 001 RW 003 DUSUN III,SANOTO,sanoto462@gmail.com,+62 823-2025-8890_,WAHYU FERDIANSA,wahyuferdiansa65@gmail.com,0
3209,190 - KLANGENAN,008 - JEMARAS KIDUL,100100 - SAWAH,SANOTO,sanoto462@gmail.com,+62 823-2025-8890_,DEDE TRIONO,trionodd@gmail.com,+62 812-2004-5790
3209,190 - KLANGENAN,008 - JEMARAS KIDUL,100200 - SAWAH,SANOTO,sanoto462@gmail.com,+62 823-2025-8890_,DEDE TRIONO,trionodd@gmail.com,+62 812-2004-5790
3209,190 - KLANGENAN,009 - JEMARAS LOR,000100 - RT 001 RW 001 DUSUN PENJALINAN,JUWAIR,joerebon14@gmail.com,+62 817-9892-285,TUSIAH,tusiahsariaman024@gmail.com,+62 895-3780-99666
3209,190 - KLANGENAN,009 - JEMARAS LOR,000200 - RT 002 RW 001 DUSUN PENJALINAN,JUWAIR,joerebon14@gmail.com,+62 817-9892-285,TUSIAH,tusiahsariaman024@gmail.com,+62 895-3780-99666
3209,190 - KLANGENAN,009 - JEMARAS LOR,000300 - RT 003 RW 001 DUSUN PENJALINAN,JUWAIR,joerebon14@gmail.com,+62 817-9892-285,TUSIAH,tusiahsariaman024@gmail.com,+62 895-3780-99666
3209,190 - KLANGENAN,009 - JEMARAS LOR,000400 - RT 004 RW 001 DUSUN PENJALINAN,JUWAIR,joerebon14@gmail.com,+62 817-9892-285,TUSIAH,tusiahsariaman024@gmail.com,+62 895-3780-99666
3209,190 - KLANGENAN,009 - JEMARAS LOR,000500 - RT 005 RW 001 DUSUN PENJALINAN,JUWAIR,joerebon14@gmail.com,+62 817-9892-285,TUSIAH,tusiahsariaman024@gmail.com,+62 895-3780-99666
3209,190 - KLANGENAN,009 - JEMARAS LOR,000600 - RT 006 RW 001 DUSUN PENJALINAN,JUWAIR,joerebon14@gmail.com,+62 817-9892-285,TUSIAH,tusiahsariaman024@gmail.com,+62 895-3780-99666
3209,190 - KLANGENAN,009 - JEMARAS LOR,000701 - RT 007 RW 002 DUSUN JLENGUT,JUWAIR,joerebon14@gmail.com,+62 817-9892-285,MOHAMAD RIFQI,rifqikiki140701@gmail.com,+62 897-4911-123
3209,190 - KLANGENAN,009 - JEMARAS LOR,000702 - RT 007 RW 002 DUSUN JLENGUT,JUWAIR,joerebon14@gmail.com,+62 817-9892-285,MOHAMAD RIFQI,rifqikiki140701@gmail.com,+62 897-4911-123
3209,190 - KLANGENAN,009 - JEMARAS LOR,000800 - RT 008 RW 002 DUSUN JLENGUT,JUWAIR,joerebon14@gmail.com,+62 817-9892-285,MOHAMAD RIFQI,rifqikiki140701@gmail.com,+62 897-4911-123
3209,190 - KLANGENAN,009 - JEMARAS LOR,000900 - RT 009 RW 002 DUSUN JLENGUT,JUWAIR,joerebon14@gmail.com,+62 817-9892-285,MOHAMAD RIFQI,rifqikiki140701@gmail.com,+62 897-4911-123
3209,190 - KLANGENAN,009 - JEMARAS LOR,001300 - RT 013 RW 003 DUSUN KARANG DALEM,JUWAIR,joerebon14@gmail.com,+62 817-9892-285,HAFIDZAH QOLBIA SALIMAH,hafidzah.q.s@gmail.com,+62 896-5798-1510
3209,190 - KLANGENAN,009 - JEMARAS LOR,001400 - RT 014 RW 003 DUSUN KARANG DALEM,JUWAIR,joerebon14@gmail.com,+62 817-9892-285,YATI,ajayati15@gmail.com,+62 813-1342-6169
3209,190 - KLANGENAN,009 - JEMARAS LOR,100100 - SAWAH,JUWAIR,joerebon14@gmail.com,+62 817-9892-285,YATI,ajayati15@gmail.com,+62 813-1342-6169
3209,190 - KLANGENAN,011 - SLANGIT,000100 - RT 001 RW 001 DUSUN 1,ADI SUCIPTO,suciptoadi255@gmail.com,+62 081-3203-58028,SURAKMAN ,surakmansuak@gmail.com,+62 831-2066-5171
3209,190 - KLANGENAN,011 - SLANGIT,000700 - RT 007 RW 003 DUSUN 2,ADI SUCIPTO,suciptoadi255@gmail.com,+62 081-3203-58028,MASINI,masinimas9@gmail.com,+62 853-2045-2252
3209,190 - KLANGENAN,011 - SLANGIT,000800 - RT 008 RW 003 DUSUN 2,ADI SUCIPTO,suciptoadi255@gmail.com,+62 081-3203-58028,MASINI,masinimas9@gmail.com,+62 853-2045-2252
3209,190 - KLANGENAN,011 - SLANGIT,001400 - RT 014 RW 004 DUSUN 3,ADI SUCIPTO,suciptoadi255@gmail.com,+62 081-3203-58028,MASINI,masinimas9@gmail.com,+62 853-2045-2252
3209,190 - KLANGENAN,011 - SLANGIT,001500 - RT 015 RW 005 DUSUN 4,ADI SUCIPTO,suciptoadi255@gmail.com,+62 081-3203-58028,DAMA ADI SUCIPTO,adisdama7@gmail.com,+62 819-4719-3415
3209,190 - KLANGENAN,011 - SLANGIT,100100 - SAWAH,ADI SUCIPTO,suciptoadi255@gmail.com,+62 081-3203-58028,SOLAHUDDIN AL-AYYUBI,solahudinalayyubi809@gmail.com,+62 831-3576-7526
3209,190 - KLANGENAN,012 - KREYO,000100 - RT 001 RW 001 BLOK 1,ADI SUCIPTO,suciptoadi255@gmail.com,+62 081-3203-58028,KARTONO,kartonotono481@gmail.com,0
3209,190 - KLANGENAN,012 - KREYO,000200 - RT 002 RW 001 BLOK 1,ADI SUCIPTO,suciptoadi255@gmail.com,+62 081-3203-58028,KARTONO,kartonotono481@gmail.com,0
3209,190 - KLANGENAN,012 - KREYO,000300 - RT 003 RW 002 BLOK 1,ADI SUCIPTO,suciptoadi255@gmail.com,+62 081-3203-58028,KARTONO,kartonotono481@gmail.com,0
3209,190 - KLANGENAN,012 - KREYO,000400 - RT 004 RW 002 BLOK 1,ADI SUCIPTO,suciptoadi255@gmail.com,+62 081-3203-58028,KARTONO,kartonotono481@gmail.com,0
3209,190 - KLANGENAN,012 - KREYO,000500 - RT 005 RW 003 BLOK 2,ADI SUCIPTO,suciptoadi255@gmail.com,+62 081-3203-58028,KARTONO,kartonotono481@gmail.com,0
3209,190 - KLANGENAN,012 - KREYO,000700 - RT 007 RW 004 BLOK 2,ADI SUCIPTO,suciptoadi255@gmail.com,+62 081-3203-58028,MARSONO ,marsonocrb@gmail.com,+62 859-1173-42312
3209,190 - KLANGENAN,012 - KREYO,000800 - RT 008 RW 004 BLOK 2,ADI SUCIPTO,suciptoadi255@gmail.com,+62 081-3203-58028,MARSONO ,marsonocrb@gmail.com,+62 859-1173-42312
3209,190 - KLANGENAN,012 - KREYO,000900 - RT 009 RW 005 BLOK 3,ADI SUCIPTO,suciptoadi255@gmail.com,+62 081-3203-58028,MARSONO ,marsonocrb@gmail.com,+62 859-1173-42312
3209,190 - KLANGENAN,012 - KREYO,001000 - RT 010 RW 005 BLOK 3,ADI SUCIPTO,suciptoadi255@gmail.com,+62 081-3203-58028,MARSONO ,marsonocrb@gmail.com,+62 859-1173-42312
3209,190 - KLANGENAN,012 - KREYO,001100 - RT 011 RW 006 BLOK 3,ADI SUCIPTO,suciptoadi255@gmail.com,+62 081-3203-58028,MARSONO ,marsonocrb@gmail.com,+62 859-1173-42312
3209,190 - KLANGENAN,012 - KREYO,001200 - RT 012 RW 006 BLOK 3,ADI SUCIPTO,suciptoadi255@gmail.com,+62 081-3203-58028,ARIYATNO,ariyatno180396@gmail.com,+62 821-1986-8655
3209,190 - KLANGENAN,012 - KREYO,001400 - RT 014 RW 007 BLOK 4,ADI SUCIPTO,suciptoadi255@gmail.com,+62 081-3203-58028,ARIYATNO,ariyatno180396@gmail.com,+62 821-1986-8655
3209,190 - KLANGENAN,012 - KREYO,001500 - RT 015 RW 008 BLOK 4,ADI SUCIPTO,suciptoadi255@gmail.com,+62 081-3203-58028,ARIYATNO,ariyatno180396@gmail.com,+62 821-1986-8655
3209,190 - KLANGENAN,012 - KREYO,100200 - SAWAH 2,ADI SUCIPTO,suciptoadi255@gmail.com,+62 081-3203-58028,ARIYATNO,ariyatno180396@gmail.com,+62 821-1986-8655
3209,190 - KLANGENAN,013 - BANGODUA,000200 - RT 002 RW 001 BLOK SLADO LOR,JUWAIR,joerebon14@gmail.com,+62 817-9892-285,MARWAH FITRIYA,marwahftry@gmail.com,+62 822-6284-2927
3209,190 - KLANGENAN,013 - BANGODUA,000300 - RT 003 RW 002 BLOK SLADO LOR,JUWAIR,joerebon14@gmail.com,+62 817-9892-285,SALSA NABILA,salsanabila040308@gmail.com,+62 815-6392-9278
3209,190 - KLANGENAN,013 - BANGODUA,000400 - RT 004 RW 002 BLOK WIJEN,JUWAIR,joerebon14@gmail.com,+62 817-9892-285,SALSA NABILA,salsanabila040308@gmail.com,+62 815-6392-9278
3209,190 - KLANGENAN,013 - BANGODUA,000500 - RT 005 RW 003 BLOK WIJEN,JUWAIR,joerebon14@gmail.com,+62 817-9892-285,SALSA NABILA,salsanabila040308@gmail.com,+62 815-6392-9278
3209,190 - KLANGENAN,013 - BANGODUA,000600 - RT 006 RW 003 BLOK DESA,JUWAIR,joerebon14@gmail.com,+62 817-9892-285,SYAIFUL BAHRI,kangbahri07@gmail.com,+62 898-2776-483
3209,190 - KLANGENAN,013 - BANGODUA,000700 - RT 007 RW 004 BLOK DESA,JUWAIR,joerebon14@gmail.com,+62 817-9892-285,MARWAH FITRIYA,marwahftry@gmail.com,+62 822-6284-2927
3209,190 - KLANGENAN,013 - BANGODUA,000800 - RT 008 RW 004 BLOK KARANGANYAR,JUWAIR,joerebon14@gmail.com,+62 817-9892-285,MARWAH FITRIYA,marwahftry@gmail.com,+62 822-6284-2927
3209,190 - KLANGENAN,013 - BANGODUA,000900 - RT 009 RW 005 BLOK SLADODUKU,JUWAIR,joerebon14@gmail.com,+62 817-9892-285,SYAIFUL BAHRI,kangbahri07@gmail.com,+62 898-2776-483
3209,190 - KLANGENAN,013 - BANGODUA,001000 - RT 010 RW 005 BLOK SLADODUKU,JUWAIR,joerebon14@gmail.com,+62 817-9892-285,SYAIFUL BAHRI,kangbahri07@gmail.com,+62 898-2776-483
3209,190 - KLANGENAN,013 - BANGODUA,001200 - RT 012 RW 006 BLOK SLADODUKU,JUWAIR,joerebon14@gmail.com,+62 817-9892-285,SYAIFUL BAHRI,kangbahri07@gmail.com,+62 898-2776-483
3209,190 - KLANGENAN,013 - BANGODUA,001300 - RT 013 RW 007 BLOK DUKU,JUWAIR,joerebon14@gmail.com,+62 817-9892-285,MARWAH FITRIYA,marwahftry@gmail.com,+62 822-6284-2927
3209,190 - KLANGENAN,013 - BANGODUA,001400 - RT 014 RW 007 BLOK DUKU,JUWAIR,joerebon14@gmail.com,+62 817-9892-285,LISA FEBRIYANTI ,akhmarzoni@gmail.com,+62 895-3730-29246
3209,190 - KLANGENAN,013 - BANGODUA,001500 - RT 015 RW 008 BLOK DUKU,JUWAIR,joerebon14@gmail.com,+62 817-9892-285,LISA FEBRIYANTI ,akhmarzoni@gmail.com,+62 895-3730-29246
3209,190 - KLANGENAN,013 - BANGODUA,001600 - RT 016 RW 008 BLOK SIKECIK,JUWAIR,joerebon14@gmail.com,+62 817-9892-285,LISA FEBRIYANTI ,akhmarzoni@gmail.com,+62 895-3730-29246
3209,190 - KLANGENAN,013 - BANGODUA,100100 - SAWAH,JUWAIR,joerebon14@gmail.com,+62 817-9892-285,SALSA NABILA,salsanabila040308@gmail.com,+62 815-6392-9278
3209,190 - KLANGENAN,013 - BANGODUA,100200 - SAWAH,JUWAIR,joerebon14@gmail.com,+62 817-9892-285,SALSA NABILA,salsanabila040308@gmail.com,+62 815-6392-9278
3209,190 - KLANGENAN,013 - BANGODUA,100300 - SAWAH,JUWAIR,joerebon14@gmail.com,+62 817-9892-285,LISA FEBRIYANTI ,akhmarzoni@gmail.com,+62 895-3730-29246
3209,191 - JAMBLANG,004 - JAMBLANG,000200 - RT 002 RW 001,HETI ICHA NURBAETI,hetiichanurbaeti@gmail.com,+62 838-9321-5734,MUHAMMAD FAISHAL RUSJULIANSYAH,rusjuliansyah1998@gmail.com,+62 851-4328-5674
3209,191 - JAMBLANG,004 - JAMBLANG,000300 - RT 003 RW 001,HETI ICHA NURBAETI,hetiichanurbaeti@gmail.com,+62 838-9321-5734,MUHAMMAD FAISHAL RUSJULIANSYAH,rusjuliansyah1998@gmail.com,+62 851-4328-5674
3209,191 - JAMBLANG,004 - JAMBLANG,000400 - RT 004 RW 001,HETI ICHA NURBAETI,hetiichanurbaeti@gmail.com,+62 838-9321-5734,MUHAMMAD FAISHAL RUSJULIANSYAH,rusjuliansyah1998@gmail.com,+62 851-4328-5674
3209,191 - JAMBLANG,004 - JAMBLANG,000500 - RT 005 RW 002,HETI ICHA NURBAETI,hetiichanurbaeti@gmail.com,+62 838-9321-5734,MUHAMMAD FAISHAL RUSJULIANSYAH,rusjuliansyah1998@gmail.com,+62 851-4328-5674
3209,191 - JAMBLANG,004 - JAMBLANG,000600 - RT 006 RW 002,HETI ICHA NURBAETI,hetiichanurbaeti@gmail.com,+62 838-9321-5734,MUHAMMAD FAISHAL RUSJULIANSYAH,rusjuliansyah1998@gmail.com,+62 851-4328-5674
3209,191 - JAMBLANG,004 - JAMBLANG,000700 - RT 007 RW 002,HETI ICHA NURBAETI,hetiichanurbaeti@gmail.com,+62 838-9321-5734,MUHAMMAD FAISHAL RUSJULIANSYAH,rusjuliansyah1998@gmail.com,+62 851-4328-5674
3209,191 - JAMBLANG,004 - JAMBLANG,000800 - RT 008 RW 003,HETI ICHA NURBAETI,hetiichanurbaeti@gmail.com,+62 838-9321-5734,MUHAMMAD FAISHAL RUSJULIANSYAH,rusjuliansyah1998@gmail.com,+62 851-4328-5674
3209,191 - JAMBLANG,004 - JAMBLANG,000900 - RT 009 RW 003,HETI ICHA NURBAETI,hetiichanurbaeti@gmail.com,+62 838-9321-5734,MUHAMMAD FAISHAL RUSJULIANSYAH,rusjuliansyah1998@gmail.com,+62 851-4328-5674
3209,191 - JAMBLANG,004 - JAMBLANG,001000 - RT 010 RW 003,HETI ICHA NURBAETI,hetiichanurbaeti@gmail.com,+62 838-9321-5734,MUHAMMAD FAISHAL RUSJULIANSYAH,rusjuliansyah1998@gmail.com,+62 851-4328-5674
3209,191 - JAMBLANG,004 - JAMBLANG,001200 - RT 012 RW 004,HETI ICHA NURBAETI,hetiichanurbaeti@gmail.com,+62 838-9321-5734,ERMA MERIYANA,meriyanaerma@gmail.com,+62 838-4085-5382
3209,191 - JAMBLANG,004 - JAMBLANG,001300 - RT 013 RW 004,HETI ICHA NURBAETI,hetiichanurbaeti@gmail.com,+62 838-9321-5734,ERMA MERIYANA,meriyanaerma@gmail.com,+62 838-4085-5382
3209,191 - JAMBLANG,004 - JAMBLANG,001500 - RT 015 RW 005,HETI ICHA NURBAETI,hetiichanurbaeti@gmail.com,+62 838-9321-5734,ERMA MERIYANA,meriyanaerma@gmail.com,+62 838-4085-5382
3209,191 - JAMBLANG,004 - JAMBLANG,001600 - RT 016 RW 005,HETI ICHA NURBAETI,hetiichanurbaeti@gmail.com,+62 838-9321-5734,ERMA MERIYANA,meriyanaerma@gmail.com,+62 838-4085-5382
3209,191 - JAMBLANG,004 - JAMBLANG,001800 - RT 018 RW 006,HETI ICHA NURBAETI,hetiichanurbaeti@gmail.com,+62 838-9321-5734,ERMA MERIYANA,meriyanaerma@gmail.com,+62 838-4085-5382
3209,191 - JAMBLANG,004 - JAMBLANG,001900 - RT 019 RW 006,HETI ICHA NURBAETI,hetiichanurbaeti@gmail.com,+62 838-9321-5734,ERMA MERIYANA,meriyanaerma@gmail.com,+62 838-4085-5382
3209,191 - JAMBLANG,004 - JAMBLANG,002000 - RT 020 RW 006,HETI ICHA NURBAETI,hetiichanurbaeti@gmail.com,+62 838-9321-5734,ERMA MERIYANA,meriyanaerma@gmail.com,+62 838-4085-5382
3209,191 - JAMBLANG,004 - JAMBLANG,002100 - RT 021 RW 006,HETI ICHA NURBAETI,hetiichanurbaeti@gmail.com,+62 838-9321-5734,ERMA MERIYANA,meriyanaerma@gmail.com,+62 838-4085-5382
3209,191 - JAMBLANG,004 - JAMBLANG,002200 - RT 022 RW 007,HETI ICHA NURBAETI,hetiichanurbaeti@gmail.com,+62 838-9321-5734,ERMA MERIYANA,meriyanaerma@gmail.com,+62 838-4085-5382
3209,191 - JAMBLANG,004 - JAMBLANG,002700 - RT 027 RW 008,HETI ICHA NURBAETI,hetiichanurbaeti@gmail.com,+62 838-9321-5734,RISKHA AYUNINGTYAS,riskhaant129@gmail.com,0
3209,191 - JAMBLANG,004 - JAMBLANG,002800 - RT 028 RW 008,HETI ICHA NURBAETI,hetiichanurbaeti@gmail.com,+62 838-9321-5734,RISKHA AYUNINGTYAS,riskhaant129@gmail.com,0
3209,191 - JAMBLANG,004 - JAMBLANG,002900 - RT 029 RW 008,HETI ICHA NURBAETI,hetiichanurbaeti@gmail.com,+62 838-9321-5734,RISKHA AYUNINGTYAS,riskhaant129@gmail.com,0
3209,191 - JAMBLANG,004 - JAMBLANG,003000 - RT 030 RW 008,HETI ICHA NURBAETI,hetiichanurbaeti@gmail.com,+62 838-9321-5734,RISKHA AYUNINGTYAS,riskhaant129@gmail.com,0
3209,191 - JAMBLANG,004 - JAMBLANG,003100 - RT 031 RW 008,HETI ICHA NURBAETI,hetiichanurbaeti@gmail.com,+62 838-9321-5734,RISKHA AYUNINGTYAS,riskhaant129@gmail.com,0
3209,191 - JAMBLANG,004 - JAMBLANG,003200 - RT 032 RW 009,HETI ICHA NURBAETI,hetiichanurbaeti@gmail.com,+62 838-9321-5734,RISKHA AYUNINGTYAS,riskhaant129@gmail.com,0
3209,191 - JAMBLANG,004 - JAMBLANG,003300 - RT 033 RW 009,HETI ICHA NURBAETI,hetiichanurbaeti@gmail.com,+62 838-9321-5734,RISKHA AYUNINGTYAS,riskhaant129@gmail.com,0
3209,191 - JAMBLANG,004 - JAMBLANG,003400 - RT 034 RW 009,HETI ICHA NURBAETI,hetiichanurbaeti@gmail.com,+62 838-9321-5734,RISKHA AYUNINGTYAS,riskhaant129@gmail.com,0
3209,191 - JAMBLANG,004 - JAMBLANG,003600 - RT 036 RW 009,HETI ICHA NURBAETI,hetiichanurbaeti@gmail.com,+62 838-9321-5734,DEDY SUHARYADI,pangeranarjuna200@gmail.com,+62 855-8574-887
3209,191 - JAMBLANG,004 - JAMBLANG,003700 - RT 037 RW 009,HETI ICHA NURBAETI,hetiichanurbaeti@gmail.com,+62 838-9321-5734,DEDY SUHARYADI,pangeranarjuna200@gmail.com,+62 855-8574-887
3209,191 - JAMBLANG,004 - JAMBLANG,003800 - RT 038 RW 009,HETI ICHA NURBAETI,hetiichanurbaeti@gmail.com,+62 838-9321-5734,DEDY SUHARYADI,pangeranarjuna200@gmail.com,+62 855-8574-887
3209,191 - JAMBLANG,004 - JAMBLANG,100100 - SAWAH 01,HETI ICHA NURBAETI,hetiichanurbaeti@gmail.com,+62 838-9321-5734,DEDY SUHARYADI,pangeranarjuna200@gmail.com,+62 855-8574-887
3209,191 - JAMBLANG,005 - SITIWINANGUN,000100 - RT 001 RW 001 DUSUN 1,HETI ICHA NURBAETI,hetiichanurbaeti@gmail.com,+62 838-9321-5734,DEDY SUHARYADI,pangeranarjuna200@gmail.com,+62 855-8574-887
3209,191 - JAMBLANG,005 - SITIWINANGUN,000200 - RT 002 RW 001 DUSUN 1,HETI ICHA NURBAETI,hetiichanurbaeti@gmail.com,+62 838-9321-5734,DEDY SUHARYADI,pangeranarjuna200@gmail.com,+62 855-8574-887
3209,191 - JAMBLANG,005 - SITIWINANGUN,000300 - RT 003 RW 001 DUSUN 1,HETI ICHA NURBAETI,hetiichanurbaeti@gmail.com,+62 838-9321-5734,DEDY SUHARYADI,pangeranarjuna200@gmail.com,+62 855-8574-887
3209,191 - JAMBLANG,005 - SITIWINANGUN,000400 - RT 001 RW 002 DUSUN 1,HETI ICHA NURBAETI,hetiichanurbaeti@gmail.com,+62 838-9321-5734,DEDY SUHARYADI,pangeranarjuna200@gmail.com,+62 855-8574-887
3209,191 - JAMBLANG,005 - SITIWINANGUN,000500 - RT 002 RW 002 DUSUN 1,HETI ICHA NURBAETI,hetiichanurbaeti@gmail.com,+62 838-9321-5734,DEDY SUHARYADI,pangeranarjuna200@gmail.com,+62 855-8574-887
3209,191 - JAMBLANG,005 - SITIWINANGUN,000600 - RT 003 RW 002 DUSUN 1,HETI ICHA NURBAETI,hetiichanurbaeti@gmail.com,+62 838-9321-5734,DEDY SUHARYADI,pangeranarjuna200@gmail.com,+62 855-8574-887
3209,191 - JAMBLANG,005 - SITIWINANGUN,000700 - RT 001 RW 003 DUSUN 2,HETI ICHA NURBAETI,hetiichanurbaeti@gmail.com,+62 838-9321-5734,ANGGA OKTORIADI,anggaotte@gmail.com,+62 083-8427-64020
3209,191 - JAMBLANG,005 - SITIWINANGUN,000900 - RT 003 RW 003 DUSUN 2,HETI ICHA NURBAETI,hetiichanurbaeti@gmail.com,+62 838-9321-5734,DEDY SUHARYADI,pangeranarjuna200@gmail.com,+62 855-8574-887
3209,191 - JAMBLANG,005 - SITIWINANGUN,001000 - RT 001 RW 004 DUSUN 2,HETI ICHA NURBAETI,hetiichanurbaeti@gmail.com,+62 838-9321-5734,ANGGA OKTORIADI,anggaotte@gmail.com,+62 083-8427-64020
3209,191 - JAMBLANG,005 - SITIWINANGUN,001200 - RT 003 RW 004 DUSUN 2,HETI ICHA NURBAETI,hetiichanurbaeti@gmail.com,+62 838-9321-5734,ANGGA OKTORIADI,anggaotte@gmail.com,+62 083-8427-64020
3209,191 - JAMBLANG,005 - SITIWINANGUN,001400 - RT 002 RW 005 DUSUN 3,HETI ICHA NURBAETI,hetiichanurbaeti@gmail.com,+62 838-9321-5734,ANGGA OKTORIADI,anggaotte@gmail.com,+62 083-8427-64020
3209,191 - JAMBLANG,005 - SITIWINANGUN,001800 - RT 003 RW 006 DUSUN 3,HETI ICHA NURBAETI,hetiichanurbaeti@gmail.com,+62 838-9321-5734,NURUL FATIMAH,nurulfah0101@gmail.com,+62 838-7358-7449
3209,191 - JAMBLANG,005 - SITIWINANGUN,001900 - RT 001 RW 007 DUSUN 4,HETI ICHA NURBAETI,hetiichanurbaeti@gmail.com,+62 838-9321-5734,NURUL FATIMAH,nurulfah0101@gmail.com,+62 838-7358-7449
3209,191 - JAMBLANG,005 - SITIWINANGUN,002000 - RT 002 RW 007 DUSUN 4,HETI ICHA NURBAETI,hetiichanurbaeti@gmail.com,+62 838-9321-5734,NURUL FATIMAH,nurulfah0101@gmail.com,+62 838-7358-7449
3209,191 - JAMBLANG,005 - SITIWINANGUN,002100 - RT 003 RW 007 DUSUN 4,HETI ICHA NURBAETI,hetiichanurbaeti@gmail.com,+62 838-9321-5734,NURUL FATIMAH,nurulfah0101@gmail.com,+62 838-7358-7449
3209,191 - JAMBLANG,005 - SITIWINANGUN,002300 - RT 002 RW 008 DUSUN 4,HETI ICHA NURBAETI,hetiichanurbaeti@gmail.com,+62 838-9321-5734,NURUL FATIMAH,nurulfah0101@gmail.com,+62 838-7358-7449
3209,191 - JAMBLANG,005 - SITIWINANGUN,002400 - RT 003 RW 008 DUSUN 4,HETI ICHA NURBAETI,hetiichanurbaeti@gmail.com,+62 838-9321-5734,NURUL FATIMAH,nurulfah0101@gmail.com,+62 838-7358-7449
3209,191 - JAMBLANG,005 - SITIWINANGUN,100100 - SAWAH,HETI ICHA NURBAETI,hetiichanurbaeti@gmail.com,+62 838-9321-5734,DINI MENTARI PRAYOGI,dinimentariprayogi@gmail.com,+62 851-5659-3226
3209,191 - JAMBLANG,006 - WANGUNHARJA,000100 - RT 001 RW 001 DUSUN 1,HETI ICHA NURBAETI,hetiichanurbaeti@gmail.com,+62 838-9321-5734,DINI MENTARI PRAYOGI,dinimentariprayogi@gmail.com,+62 851-5659-3226
3209,191 - JAMBLANG,006 - WANGUNHARJA,000600 - RT 006 RW 003 DUSUN 2,HETI ICHA NURBAETI,hetiichanurbaeti@gmail.com,+62 838-9321-5734,RATNA,adikus382@gmail.com,+62 851-5055-0738
3209,191 - JAMBLANG,006 - WANGUNHARJA,000700 - RT 007 RW 004 DUSUN 3,HETI ICHA NURBAETI,hetiichanurbaeti@gmail.com,+62 838-9321-5734,RATNA,adikus382@gmail.com,+62 851-5055-0738
3209,191 - JAMBLANG,006 - WANGUNHARJA,000800 - RT 008 RW 004 DUSUN 3,SURYONO AGUSTIYANTO,suryonoagustiyanto1@gmail.com,+62 895-2195-0001,PEBRU SANTOSO,cirebon510@gmail.com,0
3209,191 - JAMBLANG,006 - WANGUNHARJA,000900 - RT 009 RW 005 DUSUN 3,HETI ICHA NURBAETI,hetiichanurbaeti@gmail.com,+62 838-9321-5734,RATNA,adikus382@gmail.com,+62 851-5055-0738
3209,191 - JAMBLANG,006 - WANGUNHARJA,001100 - RT 011 RW 005 DUSUN 4,HETI ICHA NURBAETI,hetiichanurbaeti@gmail.com,+62 838-9321-5734,RATNA,adikus382@gmail.com,+62 851-5055-0738
3209,191 - JAMBLANG,006 - WANGUNHARJA,001200 - RT 012 RW 006 DUSUN 4,HETI ICHA NURBAETI,hetiichanurbaeti@gmail.com,+62 838-9321-5734,RATNA,adikus382@gmail.com,+62 851-5055-0738
3209,191 - JAMBLANG,006 - WANGUNHARJA,001500 - RT 015 RW 007 DUSUN 4,SURYONO AGUSTIYANTO,suryonoagustiyanto1@gmail.com,+62 895-2195-0001,PEBRU SANTOSO,cirebon510@gmail.com,0
3209,191 - JAMBLANG,006 - WANGUNHARJA,001600 - RT 016 RW 007 DUSUN 4,SURYONO AGUSTIYANTO,suryonoagustiyanto1@gmail.com,+62 895-2195-0001,PEBRU SANTOSO,cirebon510@gmail.com,0
3209,191 - JAMBLANG,006 - WANGUNHARJA,001800 - RT 018 RW 008 DUSUN 5,SURYONO AGUSTIYANTO,suryonoagustiyanto1@gmail.com,+62 895-2195-0001,PEBRU SANTOSO,cirebon510@gmail.com,0
3209,191 - JAMBLANG,006 - WANGUNHARJA,001900 - RT 019 RW 008 DUSUN 5,SURYONO AGUSTIYANTO,suryonoagustiyanto1@gmail.com,+62 895-2195-0001,RIZKY SYAIFUL MUKHOROBIN,rizkysyaifulm1@gmail.com,+62 857-2101-6771
3209,191 - JAMBLANG,006 - WANGUNHARJA,100100 - SAWAH 01,SURYONO AGUSTIYANTO,suryonoagustiyanto1@gmail.com,+62 895-2195-0001,RIZKY SYAIFUL MUKHOROBIN,rizkysyaifulm1@gmail.com,+62 857-2101-6771
3209,191 - JAMBLANG,006 - WANGUNHARJA,100200 - SAWAH 02,SURYONO AGUSTIYANTO,suryonoagustiyanto1@gmail.com,+62 895-2195-0001,RIZKY SYAIFUL MUKHOROBIN,rizkysyaifulm1@gmail.com,+62 857-2101-6771
3209,191 - JAMBLANG,014 - BOJONG WETAN,000300 - RT 003 RW 001,SURYONO AGUSTIYANTO,suryonoagustiyanto1@gmail.com,+62 895-2195-0001,RIZKY SYAIFUL MUKHOROBIN,rizkysyaifulm1@gmail.com,+62 857-2101-6771
3209,191 - JAMBLANG,014 - BOJONG WETAN,000500 - RT 001 RW 002,SURYONO AGUSTIYANTO,suryonoagustiyanto1@gmail.com,+62 895-2195-0001,RIZKY SYAIFUL MUKHOROBIN,rizkysyaifulm1@gmail.com,+62 857-2101-6771
3209,191 - JAMBLANG,014 - BOJONG WETAN,000600 - RT 002 RW 002,SURYONO AGUSTIYANTO,suryonoagustiyanto1@gmail.com,+62 895-2195-0001,RIZKY SYAIFUL MUKHOROBIN,rizkysyaifulm1@gmail.com,+62 857-2101-6771
3209,191 - JAMBLANG,014 - BOJONG WETAN,000800 - RT 004 RW 002,SURYONO AGUSTIYANTO,suryonoagustiyanto1@gmail.com,+62 895-2195-0001,MIA AULIA ARIFIANI,miaauliaarifiani01@gmail.com,+62 083-8632-19778
3209,191 - JAMBLANG,014 - BOJONG WETAN,001100 - RT 003 RW 003,SURYONO AGUSTIYANTO,suryonoagustiyanto1@gmail.com,+62 895-2195-0001,MIA AULIA ARIFIANI,miaauliaarifiani01@gmail.com,+62 083-8632-19778
3209,191 - JAMBLANG,014 - BOJONG WETAN,001200 - RT 004 RW 003,SURYONO AGUSTIYANTO,suryonoagustiyanto1@gmail.com,+62 895-2195-0001,MIA AULIA ARIFIANI,miaauliaarifiani01@gmail.com,+62 083-8632-19778
3209,191 - JAMBLANG,014 - BOJONG WETAN,001300 - RT 001 RW 004,SURYONO AGUSTIYANTO,suryonoagustiyanto1@gmail.com,+62 895-2195-0001,MIA AULIA ARIFIANI,miaauliaarifiani01@gmail.com,+62 083-8632-19778
3209,191 - JAMBLANG,014 - BOJONG WETAN,100100 - SAWAH 01,SURYONO AGUSTIYANTO,suryonoagustiyanto1@gmail.com,+62 895-2195-0001,SUCI AMALIA,amalias905@gmail.com,+62 853-2409-9943
3209,191 - JAMBLANG,015 - BOJONG LOR,001000 - RT 010 RW 004 DUSUN 2,SURYONO AGUSTIYANTO,suryonoagustiyanto1@gmail.com,+62 895-2195-0001,DIDI RIWANTO ,riwantodidi4@gmail.com,+62 838-6693-9160
3209,191 - JAMBLANG,015 - BOJONG LOR,001100 - RT 011 RW 004 DUSUN 2,SURYONO AGUSTIYANTO,suryonoagustiyanto1@gmail.com,+62 895-2195-0001,DIDI RIWANTO ,riwantodidi4@gmail.com,+62 838-6693-9160
3209,191 - JAMBLANG,015 - BOJONG LOR,001200 - RT 012 RW 004 DUSUN 2,SURYONO AGUSTIYANTO,suryonoagustiyanto1@gmail.com,+62 895-2195-0001,DIDI RIWANTO ,riwantodidi4@gmail.com,+62 838-6693-9160
3209,191 - JAMBLANG,015 - BOJONG LOR,001300 - RT 013 RW 005 DUSUN 2,SURYONO AGUSTIYANTO,suryonoagustiyanto1@gmail.com,+62 895-2195-0001,DIDI RIWANTO ,riwantodidi4@gmail.com,+62 838-6693-9160
3209,191 - JAMBLANG,015 - BOJONG LOR,001500 - RT 015 RW 005 DUSUN 2,SURYONO AGUSTIYANTO,suryonoagustiyanto1@gmail.com,+62 895-2195-0001,RACHMAT HIDAYAT,rachmathidayat.crb@gmail.com,+62 852-2392-5001
3209,191 - JAMBLANG,015 - BOJONG LOR,001600 - RT 016 RW 006 DUSUN 2,SURYONO AGUSTIYANTO,suryonoagustiyanto1@gmail.com,+62 895-2195-0001,DIDI RIWANTO ,riwantodidi4@gmail.com,+62 838-6693-9160
3209,191 - JAMBLANG,015 - BOJONG LOR,001700 - RT 017 RW 006 DUSUN 2,SURYONO AGUSTIYANTO,suryonoagustiyanto1@gmail.com,+62 895-2195-0001,DIDI RIWANTO ,riwantodidi4@gmail.com,+62 838-6693-9160
3209,191 - JAMBLANG,015 - BOJONG LOR,001800 - RT 018 RW 006 DUSUN 2,SURYONO AGUSTIYANTO,suryonoagustiyanto1@gmail.com,+62 895-2195-0001,DIDI RIWANTO ,riwantodidi4@gmail.com,+62 838-6693-9160
3209,191 - JAMBLANG,015 - BOJONG LOR,002000 - RT 020 RW 007 DUSUN 3,SURYONO AGUSTIYANTO,suryonoagustiyanto1@gmail.com,+62 895-2195-0001,DIDI RIWANTO ,riwantodidi4@gmail.com,+62 838-6693-9160
3209,191 - JAMBLANG,015 - BOJONG LOR,002100 - RT 021 RW 007 DUSUN 3,SURYONO AGUSTIYANTO,suryonoagustiyanto1@gmail.com,+62 895-2195-0001,DIDI RIWANTO ,riwantodidi4@gmail.com,+62 838-6693-9160
3209,191 - JAMBLANG,015 - BOJONG LOR,002200 - RT 022 RW 008 DUSUN 3,SURYONO AGUSTIYANTO,suryonoagustiyanto1@gmail.com,+62 895-2195-0001,RACHMAT HIDAYAT,rachmathidayat.crb@gmail.com,+62 852-2392-5001
3209,191 - JAMBLANG,015 - BOJONG LOR,002300 - RT 023 RW 008 DUSUN 3,SURYONO AGUSTIYANTO,suryonoagustiyanto1@gmail.com,+62 895-2195-0001,RACHMAT HIDAYAT,rachmathidayat.crb@gmail.com,+62 852-2392-5001
3209,191 - JAMBLANG,015 - BOJONG LOR,002400 - RT 024 RW 008 DUSUN 3,SURYONO AGUSTIYANTO,suryonoagustiyanto1@gmail.com,+62 895-2195-0001,RACHMAT HIDAYAT,rachmathidayat.crb@gmail.com,+62 852-2392-5001
3209,191 - JAMBLANG,015 - BOJONG LOR,002700 - RT 027 RW 009 DUSUN 3,SURYONO AGUSTIYANTO,suryonoagustiyanto1@gmail.com,+62 895-2195-0001,RACHMAT HIDAYAT,rachmathidayat.crb@gmail.com,+62 852-2392-5001
3209,191 - JAMBLANG,015 - BOJONG LOR,100100 - SAWAH,SURYONO AGUSTIYANTO,suryonoagustiyanto1@gmail.com,+62 895-2195-0001,RACHMAT HIDAYAT,rachmathidayat.crb@gmail.com,+62 852-2392-5001
3209,191 - JAMBLANG,016 - ORIMALANG,000100 - RT 001 RW 001 DUSUN 1,SURYONO AGUSTIYANTO,suryonoagustiyanto1@gmail.com,+62 895-2195-0001,RACHMAT HIDAYAT,rachmathidayat.crb@gmail.com,+62 852-2392-5001
3209,191 - JAMBLANG,016 - ORIMALANG,000200 - RT 002 RW 001 DUSUN 1,SURYONO AGUSTIYANTO,suryonoagustiyanto1@gmail.com,+62 895-2195-0001,AAN ANSORI,aanansori0691@gmail.com,+62 857-2420-0252
3209,191 - JAMBLANG,016 - ORIMALANG,000300 - RT 003 RW 001 DUSUN 1,SURYONO AGUSTIYANTO,suryonoagustiyanto1@gmail.com,+62 895-2195-0001,AAN ANSORI,aanansori0691@gmail.com,+62 857-2420-0252
3209,191 - JAMBLANG,016 - ORIMALANG,000500 - RT 005 RW 002 DUSUN 2,SURYONO AGUSTIYANTO,suryonoagustiyanto1@gmail.com,+62 895-2195-0001,RACHMAT HIDAYAT,rachmathidayat.crb@gmail.com,+62 852-2392-5001
3209,191 - JAMBLANG,016 - ORIMALANG,000600 - RT 006 RW 002 DUSUN 2,SURYONO AGUSTIYANTO,suryonoagustiyanto1@gmail.com,+62 895-2195-0001,AAN ANSORI,aanansori0691@gmail.com,+62 857-2420-0252
3209,191 - JAMBLANG,016 - ORIMALANG,001000 - RT 010 RW 003 DUSUN 3,SURYONO AGUSTIYANTO,suryonoagustiyanto1@gmail.com,+62 895-2195-0001,AAN ANSORI,aanansori0691@gmail.com,+62 857-2420-0252
3209,191 - JAMBLANG,016 - ORIMALANG,001100 - RT 011 RW 003 DUSUN 3,SURYONO AGUSTIYANTO,suryonoagustiyanto1@gmail.com,+62 895-2195-0001,AAN ANSORI,aanansori0691@gmail.com,+62 857-2420-0252
3209,191 - JAMBLANG,016 - ORIMALANG,001200 - RT 012 RW 003 DUSUN 3,SURYONO AGUSTIYANTO,suryonoagustiyanto1@gmail.com,+62 895-2195-0001,AAN ANSORI,aanansori0691@gmail.com,+62 857-2420-0252
3209,191 - JAMBLANG,016 - ORIMALANG,001300 - RT 013 RW 004 DUSUN 4,ASEP SUDARNO,asepsudarno3@gmail.com,0,AWAL ABADI,awalabadi1212@gmail.com,+62 895-3792-76343
3209,191 - JAMBLANG,016 - ORIMALANG,001400 - RT 014 RW 004 DUSUN 4,ASEP SUDARNO,asepsudarno3@gmail.com,0,AWAL ABADI,awalabadi1212@gmail.com,+62 895-3792-76343
3209,191 - JAMBLANG,016 - ORIMALANG,001800 - RT 018 RW 005 DUSUN 5,ASEP SUDARNO,asepsudarno3@gmail.com,0,AWAL ABADI,awalabadi1212@gmail.com,+62 895-3792-76343
3209,191 - JAMBLANG,017 - BAKUNG KIDUL,000100 - RT 001 RW 001,ASEP SUDARNO,asepsudarno3@gmail.com,0,YEVI LASTRIYANI,yevilastriyani1987@gmail.com,+62 896-5275-7162
3209,191 - JAMBLANG,017 - BAKUNG KIDUL,000200 - RT 002 RW 001,ASEP SUDARNO,asepsudarno3@gmail.com,0,YEVI LASTRIYANI,yevilastriyani1987@gmail.com,+62 896-5275-7162
3209,191 - JAMBLANG,017 - BAKUNG KIDUL,000600 - RT 001 RW 002,ASEP SUDARNO,asepsudarno3@gmail.com,0,YEVI LASTRIYANI,yevilastriyani1987@gmail.com,+62 896-5275-7162
3209,191 - JAMBLANG,017 - BAKUNG KIDUL,000800 - RT 003 RW 002,ASEP SUDARNO,asepsudarno3@gmail.com,0,YEVI LASTRIYANI,yevilastriyani1987@gmail.com,+62 896-5275-7162
3209,191 - JAMBLANG,017 - BAKUNG KIDUL,001100 - RT 002 RW 003,ASEP SUDARNO,asepsudarno3@gmail.com,0,YEVI LASTRIYANI,yevilastriyani1987@gmail.com,+62 896-5275-7162
3209,191 - JAMBLANG,017 - BAKUNG KIDUL,001400 - RT 005 RW 003,ASEP SUDARNO,asepsudarno3@gmail.com,0,EGA WULANDARI,mafazaifcirebon@gmail.com,+62 851-5700-6119
3209,191 - JAMBLANG,017 - BAKUNG KIDUL,002400 - RT 001 RW 006,ASEP SUDARNO,asepsudarno3@gmail.com,0,LINA KRISTIANA DEWI,linakristianadewi28@gmail.com,+62 811-2015-165
3209,191 - JAMBLANG,017 - BAKUNG KIDUL,002500 - RT 002 RW 006,ASEP SUDARNO,asepsudarno3@gmail.com,0,LINA KRISTIANA DEWI,linakristianadewi28@gmail.com,+62 811-2015-165
3209,191 - JAMBLANG,017 - BAKUNG KIDUL,002600 - RT 003 RW 006,ASEP SUDARNO,asepsudarno3@gmail.com,0,LINA KRISTIANA DEWI,linakristianadewi28@gmail.com,+62 811-2015-165
3209,191 - JAMBLANG,017 - BAKUNG KIDUL,002700 - RT 004 RW 006,ASEP SUDARNO,asepsudarno3@gmail.com,0,LINA KRISTIANA DEWI,linakristianadewi28@gmail.com,+62 811-2015-165
3209,191 - JAMBLANG,017 - BAKUNG KIDUL,002800 - RT 005 RW 006,ASEP SUDARNO,asepsudarno3@gmail.com,0,LINA KRISTIANA DEWI,linakristianadewi28@gmail.com,+62 811-2015-165
3209,191 - JAMBLANG,017 - BAKUNG KIDUL,003000 - RT 002 RW 007,ASEP SUDARNO,asepsudarno3@gmail.com,0,LINA KRISTIANA DEWI,linakristianadewi28@gmail.com,+62 811-2015-165
3209,191 - JAMBLANG,017 - BAKUNG KIDUL,003200 - RT 004 RW 007,ASEP SUDARNO,asepsudarno3@gmail.com,0,LINA KRISTIANA DEWI,linakristianadewi28@gmail.com,+62 811-2015-165
3209,191 - JAMBLANG,017 - BAKUNG KIDUL,003300 - RT 001 RW 008,ASEP SUDARNO,asepsudarno3@gmail.com,0,LINA KRISTIANA DEWI,linakristianadewi28@gmail.com,+62 811-2015-165
3209,191 - JAMBLANG,017 - BAKUNG KIDUL,003600 - RT 004 RW 008,ASEP SUDARNO,asepsudarno3@gmail.com,0,LINA KRISTIANA DEWI,linakristianadewi28@gmail.com,+62 811-2015-165
3209,191 - JAMBLANG,017 - BAKUNG KIDUL,003800 - RT 001 RW 009,ASEP SUDARNO,asepsudarno3@gmail.com,0,LINA KRISTIANA DEWI,linakristianadewi28@gmail.com,+62 811-2015-165
3209,191 - JAMBLANG,017 - BAKUNG KIDUL,003900 - RT 002 RW 009,ASEP SUDARNO,asepsudarno3@gmail.com,0,LINA KRISTIANA DEWI,linakristianadewi28@gmail.com,+62 811-2015-165
3209,191 - JAMBLANG,017 - BAKUNG KIDUL,004100 - RT 004 RW 009,ASEP SUDARNO,asepsudarno3@gmail.com,0,BUDI PRAKOSO,budi.prakoso0303@gmail.com,+62 896-9042-2030
3209,191 - JAMBLANG,017 - BAKUNG KIDUL,004400 - RT 003 RW 010,ASEP SUDARNO,asepsudarno3@gmail.com,0,BUDI PRAKOSO,budi.prakoso0303@gmail.com,+62 896-9042-2030
3209,191 - JAMBLANG,017 - BAKUNG KIDUL,004500 - RT 004 RW 010,ASEP SUDARNO,asepsudarno3@gmail.com,0,BUDI PRAKOSO,budi.prakoso0303@gmail.com,+62 896-9042-2030
3209,191 - JAMBLANG,017 - BAKUNG KIDUL,100100 - SAWAH 01,ASEP SUDARNO,asepsudarno3@gmail.com,0,BUDI PRAKOSO,budi.prakoso0303@gmail.com,+62 896-9042-2030
3209,191 - JAMBLANG,018 - BAKUNG LOR,000300 - RT 003 RW 001 DUSUN 1,ASEP SUDARNO,asepsudarno3@gmail.com,0,BUDI PRAKOSO,budi.prakoso0303@gmail.com,+62 896-9042-2030
3209,191 - JAMBLANG,018 - BAKUNG LOR,000400 - RT 004 RW 001 DUSUN 1,ASEP SUDARNO,asepsudarno3@gmail.com,0,ADE SAIFULLAH,adesaifullah54@gmail.com,+62 898-6770-142
3209,191 - JAMBLANG,018 - BAKUNG LOR,000600 - RT 006 RW 002 DUSUN 1,ASEP SUDARNO,asepsudarno3@gmail.com,0,ADE SAIFULLAH,adesaifullah54@gmail.com,+62 898-6770-142
3209,191 - JAMBLANG,018 - BAKUNG LOR,000700 - RT 007 RW 002 DUSUN 1,ASEP SUDARNO,asepsudarno3@gmail.com,0,ADE SAIFULLAH,adesaifullah54@gmail.com,+62 898-6770-142
3209,191 - JAMBLANG,018 - BAKUNG LOR,000800 - RT 008 RW 002 DUSUN 1,ASEP SUDARNO,asepsudarno3@gmail.com,0,ADE SAIFULLAH,adesaifullah54@gmail.com,+62 898-6770-142
3209,191 - JAMBLANG,018 - BAKUNG LOR,001400 - RT 014 RW 003 DUSUN 2,ASEP SUDARNO,asepsudarno3@gmail.com,0,SUTOMO,sutomoraharjo0315@gmail.com,+62 821-1171-2815
3209,191 - JAMBLANG,018 - BAKUNG LOR,001500 - RT 015 RW 004 DUSUN 2,ASEP SUDARNO,asepsudarno3@gmail.com,0,ADE SAIFULLAH,adesaifullah54@gmail.com,+62 898-6770-142
3209,191 - JAMBLANG,018 - BAKUNG LOR,001700 - RT 017 RW 004 DUSUN 2,ASEP SUDARNO,asepsudarno3@gmail.com,0,SUTOMO,sutomoraharjo0315@gmail.com,+62 821-1171-2815
3209,191 - JAMBLANG,018 - BAKUNG LOR,001800 - RT 018 RW 004 DUSUN 2,ASEP SUDARNO,asepsudarno3@gmail.com,0,SUTOMO,sutomoraharjo0315@gmail.com,+62 821-1171-2815
3209,191 - JAMBLANG,018 - BAKUNG LOR,001900 - RT 019 RW 004 DUSUN 2,ASEP SUDARNO,asepsudarno3@gmail.com,0,SUTOMO,sutomoraharjo0315@gmail.com,+62 821-1171-2815
3209,191 - JAMBLANG,018 - BAKUNG LOR,002200 - RT 022 RW 005 DUSUN 3,ASEP SUDARNO,asepsudarno3@gmail.com,0,SUTOMO,sutomoraharjo0315@gmail.com,+62 821-1171-2815
3209,191 - JAMBLANG,018 - BAKUNG LOR,002300 - RT 023 RW 005 DUSUN 3,ASEP SUDARNO,asepsudarno3@gmail.com,0,SUTOMO,sutomoraharjo0315@gmail.com,+62 821-1171-2815
3209,191 - JAMBLANG,018 - BAKUNG LOR,002400 - RT 024 RW 005 DUSUN 3,ASEP SUDARNO,asepsudarno3@gmail.com,0,SUTOMO,sutomoraharjo0315@gmail.com,+62 821-1171-2815
3209,191 - JAMBLANG,018 - BAKUNG LOR,002500 - RT 025 RW 006 DUSUN 3,ASEP SUDARNO,asepsudarno3@gmail.com,0,HARYANTO,totolinesz@gmail.com,+62 851-6883-5840
3209,191 - JAMBLANG,018 - BAKUNG LOR,002600 - RT 026 RW 006 DUSUN 3,ASEP SUDARNO,asepsudarno3@gmail.com,0,HARYANTO,totolinesz@gmail.com,+62 851-6883-5840
3209,191 - JAMBLANG,018 - BAKUNG LOR,002700 - RT 027 RW 006 DUSUN 3,ASEP SUDARNO,asepsudarno3@gmail.com,0,HARYANTO,totolinesz@gmail.com,+62 851-6883-5840
3209,191 - JAMBLANG,018 - BAKUNG LOR,002800 - RT 028 RW 006 DUSUN 3,ASEP SUDARNO,asepsudarno3@gmail.com,0,HARYANTO,totolinesz@gmail.com,+62 851-6883-5840
3209,191 - JAMBLANG,018 - BAKUNG LOR,002900 - RT 029 RW 006 DUSUN 3,ASEP SUDARNO,asepsudarno3@gmail.com,0,HARYANTO,totolinesz@gmail.com,+62 851-6883-5840
3209,191 - JAMBLANG,018 - BAKUNG LOR,003000 - RT 030 RW 007 DUSUN 4,ASEP SUDARNO,asepsudarno3@gmail.com,0,HARYANTO,totolinesz@gmail.com,+62 851-6883-5840
3209,191 - JAMBLANG,018 - BAKUNG LOR,003100 - RT 031 RW 007 DUSUN 4,ASEP SUDARNO,asepsudarno3@gmail.com,0,HARYANTO,totolinesz@gmail.com,+62 851-6883-5840
3209,191 - JAMBLANG,018 - BAKUNG LOR,003200 - RT 032 RW 007 DUSUN 4,ASEP SUDARNO,asepsudarno3@gmail.com,0,HARYANTO,totolinesz@gmail.com,+62 851-6883-5840
3209,191 - JAMBLANG,018 - BAKUNG LOR,003300 - RT 033 RW 007 DUSUN 4,ASEP SUDARNO,asepsudarno3@gmail.com,0,HARYANTO,totolinesz@gmail.com,+62 851-6883-5840
3209,191 - JAMBLANG,018 - BAKUNG LOR,003400 - RT 034 RW 008 DUSUN 4,ASEP SUDARNO,asepsudarno3@gmail.com,0,HARYANTO,totolinesz@gmail.com,+62 851-6883-5840
3209,191 - JAMBLANG,018 - BAKUNG LOR,003600 - RT 036 RW 008 DUSUN 4,ASEP SUDARNO,asepsudarno3@gmail.com,0,NURROHMAN ,nurrohmanbakro@gmail.com,+62 896-4389-2660
3209,191 - JAMBLANG,018 - BAKUNG LOR,003700 - RT 037 RW 008 DUSUN 4,ASEP SUDARNO,asepsudarno3@gmail.com,0,HARYANTO,totolinesz@gmail.com,+62 851-6883-5840
3209,191 - JAMBLANG,018 - BAKUNG LOR,003800 - RT 038 RW 008 DUSUN 4,ASEP SUDARNO,asepsudarno3@gmail.com,0,NURROHMAN ,nurrohmanbakro@gmail.com,+62 896-4389-2660
3209,191 - JAMBLANG,018 - BAKUNG LOR,003900 - RT 039 RW 009 DUSUN 5,ASEP SUDARNO,asepsudarno3@gmail.com,0,NURROHMAN ,nurrohmanbakro@gmail.com,+62 896-4389-2660
3209,191 - JAMBLANG,018 - BAKUNG LOR,004000 - RT 040 RW 009 DUSUN 5,ASEP SUDARNO,asepsudarno3@gmail.com,0,NURROHMAN ,nurrohmanbakro@gmail.com,+62 896-4389-2660
3209,191 - JAMBLANG,018 - BAKUNG LOR,004300 - RT 043 RW 010 DUSUN 5,ASEP SUDARNO,asepsudarno3@gmail.com,0,NURROHMAN ,nurrohmanbakro@gmail.com,+62 896-4389-2660
3209,191 - JAMBLANG,018 - BAKUNG LOR,004400 - RT 044 RW 010 DUSUN 5,ASEP SUDARNO,asepsudarno3@gmail.com,0,NURROHMAN ,nurrohmanbakro@gmail.com,+62 896-4389-2660
3209,191 - JAMBLANG,018 - BAKUNG LOR,004500 - RT 045 RW 010 DUSUN 5,ASEP SUDARNO,asepsudarno3@gmail.com,0,NURROHMAN ,nurrohmanbakro@gmail.com,+62 896-4389-2660
3209,191 - JAMBLANG,018 - BAKUNG LOR,004600 - RT 046 RW 010 DUSUN 5,ASEP SUDARNO,asepsudarno3@gmail.com,0,NURROHMAN ,nurrohmanbakro@gmail.com,+62 896-4389-2660
3209,200 - ARJAWINANGUN,001 - SENDE,000100 - RT 001 RW 001 BLOK 1,TURIDI,ridimas351@gmail.com,+62 821-1523-1530,SITI AISYAH,yakeysyabae@gmail.com,+62 831-8206-5141
3209,200 - ARJAWINANGUN,001 - SENDE,000500 - RT 001 RW 002 BLOK 2,TURIDI,ridimas351@gmail.com,+62 821-1523-1530,SITI AISYAH,yakeysyabae@gmail.com,+62 831-8206-5141
3209,200 - ARJAWINANGUN,001 - SENDE,000600 - RT 002 RW 002 BLOK 2,TURIDI,ridimas351@gmail.com,+62 821-1523-1530,SITI AISYAH,yakeysyabae@gmail.com,+62 831-8206-5141
3209,200 - ARJAWINANGUN,001 - SENDE,000700 - RT 003 RW 002 BLOK 2,TURIDI,ridimas351@gmail.com,+62 821-1523-1530,SITI AISYAH,yakeysyabae@gmail.com,+62 831-8206-5141
3209,200 - ARJAWINANGUN,001 - SENDE,000800 - RT 004 RW 002 BLOK 2,TURIDI,ridimas351@gmail.com,+62 821-1523-1530,SITI AISYAH,yakeysyabae@gmail.com,+62 831-8206-5141
3209,200 - ARJAWINANGUN,001 - SENDE,000900 - RT 001 RW 003 BLOK 3,TURIDI,ridimas351@gmail.com,+62 821-1523-1530,SINTA SARI,sintataa23@gmail.com,+62 853-5362-0580
3209,200 - ARJAWINANGUN,001 - SENDE,001000 - RT 002 RW 003 BLOK 3,TURIDI,ridimas351@gmail.com,+62 821-1523-1530,SINTA SARI,sintataa23@gmail.com,+62 853-5362-0580
3209,200 - ARJAWINANGUN,001 - SENDE,001100 - RT 003 RW 003 BLOK 3,TURIDI,ridimas351@gmail.com,+62 821-1523-1530,SINTA SARI,sintataa23@gmail.com,+62 853-5362-0580
3209,200 - ARJAWINANGUN,001 - SENDE,001200 - RT 004 RW 003 BLOK 3,TURIDI,ridimas351@gmail.com,+62 821-1523-1530,SINTA SARI,sintataa23@gmail.com,+62 853-5362-0580
3209,200 - ARJAWINANGUN,001 - SENDE,001700 - RT 001 RW 005 BLOK 5,TURIDI,ridimas351@gmail.com,+62 821-1523-1530,ALDI KOLDI,aldi083823335246@gmail.com,+62 838-2333-5246
3209,200 - ARJAWINANGUN,001 - SENDE,001900 - RT 003 RW 005 BLOK 5,TURIDI,ridimas351@gmail.com,+62 821-1523-1530,ALDI KOLDI,aldi083823335246@gmail.com,+62 838-2333-5246
3209,200 - ARJAWINANGUN,001 - SENDE,002000 - RT 004 RW 005 BLOK 5,TURIDI,ridimas351@gmail.com,+62 821-1523-1530,ALDI KOLDI,aldi083823335246@gmail.com,+62 838-2333-5246
3209,200 - ARJAWINANGUN,002 - JUNGJANG WETAN,000700 - RT 007 RW 002 DUSUN 2,TURIDI,ridimas351@gmail.com,+62 821-1523-1530,BUDI HARTONO ,mashart522@gmail.com,+62 896-6447-9690
3209,200 - ARJAWINANGUN,002 - JUNGJANG WETAN,000800 - RT 008 RW 002 DUSUN 2,TURIDI,ridimas351@gmail.com,+62 821-1523-1530,BUDI HARTONO ,mashart522@gmail.com,+62 896-6447-9690
3209,200 - ARJAWINANGUN,002 - JUNGJANG WETAN,001000 - RT 010 RW 003 DUSUN 3,TURIDI,ridimas351@gmail.com,+62 821-1523-1530,BUDI HARTONO ,mashart522@gmail.com,+62 896-6447-9690
3209,200 - ARJAWINANGUN,002 - JUNGJANG WETAN,001400 - RT 014 RW 004 DUSUN 4,TURIDI,ridimas351@gmail.com,+62 821-1523-1530,AMANAH,syifaamanah31@gmail.com,0
3209,200 - ARJAWINANGUN,002 - JUNGJANG WETAN,001500 - RT 015 RW 004 DUSUN 4,TURIDI,ridimas351@gmail.com,+62 821-1523-1530,AMANAH,syifaamanah31@gmail.com,0
3209,200 - ARJAWINANGUN,002 - JUNGJANG WETAN,100300 - PERSAWAHAN 03,TURIDI,ridimas351@gmail.com,+62 821-1523-1530,BUDI HARTONO ,mashart522@gmail.com,+62 896-6447-9690
3209,200 - ARJAWINANGUN,010 - JUNGJANG,000300 - RT 003 RW 001 DUSUN 01,DIAH PERMANA SARI,diahpermanasari22121988@gmail.com,+62 812-2331-3909,ADE AKSAN TUDONI,donrachman23@gmail.com,+62 813-8903-3333
3209,200 - ARJAWINANGUN,010 - JUNGJANG,000400 - RT 004 RW 001 DUSUN 01,DIAH PERMANA SARI,diahpermanasari22121988@gmail.com,+62 812-2331-3909,ADE AKSAN TUDONI,donrachman23@gmail.com,+62 813-8903-3333
3209,200 - ARJAWINANGUN,010 - JUNGJANG,000500 - RT 001 RW 002 DUSUN 01,DIAH PERMANA SARI,diahpermanasari22121988@gmail.com,+62 812-2331-3909,ADE AKSAN TUDONI,donrachman23@gmail.com,+62 813-8903-3333
3209,200 - ARJAWINANGUN,010 - JUNGJANG,000600 - RT 002 RW 002 DUSUN 01,DIAH PERMANA SARI,diahpermanasari22121988@gmail.com,+62 812-2331-3909,ADE AKSAN TUDONI,donrachman23@gmail.com,+62 813-8903-3333
3209,200 - ARJAWINANGUN,010 - JUNGJANG,000800 - RT 004 RW 002 DUSUN 01,DIAH PERMANA SARI,diahpermanasari22121988@gmail.com,+62 812-2331-3909,ADE AKSAN TUDONI,donrachman23@gmail.com,+62 813-8903-3333
3209,200 - ARJAWINANGUN,010 - JUNGJANG,001300 - RT 005 RW 003 DUSUN 02,DIAH PERMANA SARI,diahpermanasari22121988@gmail.com,+62 812-2331-3909,SAFFANAH NURSHABRINA,sff.labora@gmail.com,+62 896-9983-8131
3209,200 - ARJAWINANGUN,010 - JUNGJANG,001500 - RT 001 RW 004 DUSUN 02,DIAH PERMANA SARI,diahpermanasari22121988@gmail.com,+62 812-2331-3909,SAFFANAH NURSHABRINA,sff.labora@gmail.com,+62 896-9983-8131
3209,200 - ARJAWINANGUN,010 - JUNGJANG,001600 - RT 002 RW 004 DUSUN 02,DIAH PERMANA SARI,diahpermanasari22121988@gmail.com,+62 812-2331-3909,NISFI SILVIANA,nisfisilviana@gmail.com,+62 896-9898-6479
3209,200 - ARJAWINANGUN,010 - JUNGJANG,001700 - RT 003 RW 004 DUSUN 02,DIAH PERMANA SARI,diahpermanasari22121988@gmail.com,+62 812-2331-3909,NISFI SILVIANA,nisfisilviana@gmail.com,+62 896-9898-6479
3209,200 - ARJAWINANGUN,010 - JUNGJANG,001800 - RT 004 RW 004 DUSUN 02,DIAH PERMANA SARI,diahpermanasari22121988@gmail.com,+62 812-2331-3909,NISFI SILVIANA,nisfisilviana@gmail.com,+62 896-9898-6479
3209,200 - ARJAWINANGUN,010 - JUNGJANG,002600 - RT 001 RW 007 DUSUN 04,DIAH PERMANA SARI,diahpermanasari22121988@gmail.com,+62 812-2331-3909,MUHAMMAD RISYADH ALFARISY,risadalfarisi837@gmail.com,+62 813-1505-9849
3209,200 - ARJAWINANGUN,010 - JUNGJANG,002700 - RT 002 RW 007 DUSUN 04,DIAH PERMANA SARI,diahpermanasari22121988@gmail.com,+62 812-2331-3909,MUHAMMAD RISYADH ALFARISY,risadalfarisi837@gmail.com,+62 813-1505-9849
3209,200 - ARJAWINANGUN,010 - JUNGJANG,002800 - RT 003 RW 007 DUSUN 04,DIAH PERMANA SARI,diahpermanasari22121988@gmail.com,+62 812-2331-3909,MUHAMMAD RISYADH ALFARISY,risadalfarisi837@gmail.com,+62 813-1505-9849
3209,200 - ARJAWINANGUN,010 - JUNGJANG,003200 - RT 003 RW 008 DUSUN 04,DIAH PERMANA SARI,diahpermanasari22121988@gmail.com,+62 812-2331-3909,MUHAMMAD RISYADH ALFARISY,risadalfarisi837@gmail.com,+62 813-1505-9849
3209,200 - ARJAWINANGUN,010 - JUNGJANG,003600 - RT 003 RW 009 DUSUN 05,DIAH PERMANA SARI,diahpermanasari22121988@gmail.com,+62 812-2331-3909,NINA SAFITRI,ninasavitri92@gmail.com,+62 813-3332-4289
3209,200 - ARJAWINANGUN,010 - JUNGJANG,005000 - RT 002 RW 013 DUSUN 6B,DIAH PERMANA SARI,diahpermanasari22121988@gmail.com,+62 812-2331-3909,MOHAMAD NUN,mn.mohamad.nun@gmail.com,+62 877-2890-0469
3209,200 - ARJAWINANGUN,010 - JUNGJANG,005102 - RT 003 RW 013 DUSUN 6B,DIAH PERMANA SARI,diahpermanasari22121988@gmail.com,+62 812-2331-3909,MOHAMAD NUN,mn.mohamad.nun@gmail.com,+62 877-2890-0469
3209,200 - ARJAWINANGUN,010 - JUNGJANG,100101 - PERSAWAHAN 01,DENI MUHARDANI,deniemuhardani@gmail.com,+62 852-8262-2222,KHUMES,mezfid@gmail.com,+62 896-6086-2268
3209,200 - ARJAWINANGUN,010 - JUNGJANG,100401 - PERSAWAHAN 02,DENI MUHARDANI,deniemuhardani@gmail.com,+62 852-8262-2222,KHUMES,mezfid@gmail.com,+62 896-6086-2268
3209,200 - ARJAWINANGUN,010 - JUNGJANG,400200 - PERUMAHAN GRAHA CENDANA,DENI MUHARDANI,deniemuhardani@gmail.com,+62 852-8262-2222,ADE RIFKI AZHAR,ade.rifki.azhar@gmail.com,+62 831-2000-2019
3209,200 - ARJAWINANGUN,010 - JUNGJANG,400600 - PERUMAHAN SULTAN RESIDENCE,DENI MUHARDANI,deniemuhardani@gmail.com,+62 852-8262-2222,ADE RIFKI AZHAR,ade.rifki.azhar@gmail.com,+62 831-2000-2019
3209,200 - ARJAWINANGUN,011 - ARJAWINANGUN,000100 - RT 001 RW 001 DUSUN MAKMUR,DENI MUHARDANI,deniemuhardani@gmail.com,+62 852-8262-2222,IHYA RAIHAN IZZUDDIN ,ihya.raihan2001@gmail.com,+62 813-2124-2881
3209,200 - ARJAWINANGUN,011 - ARJAWINANGUN,000200 - RT 002 RW 001 DUSUN MAKMUR,DENI MUHARDANI,deniemuhardani@gmail.com,+62 852-8262-2222,IHYA RAIHAN IZZUDDIN ,ihya.raihan2001@gmail.com,+62 813-2124-2881
3209,200 - ARJAWINANGUN,011 - ARJAWINANGUN,000300 - RT 001 RW 002 DUSUN MAKMUR,DENI MUHARDANI,deniemuhardani@gmail.com,+62 852-8262-2222,IHYA RAIHAN IZZUDDIN ,ihya.raihan2001@gmail.com,+62 813-2124-2881
3209,200 - ARJAWINANGUN,011 - ARJAWINANGUN,000400 - RT 002 RW 002 DUSUN MAKMUR,DENI MUHARDANI,deniemuhardani@gmail.com,+62 852-8262-2222,IHYA RAIHAN IZZUDDIN ,ihya.raihan2001@gmail.com,+62 813-2124-2881
3209,200 - ARJAWINANGUN,011 - ARJAWINANGUN,000500 - RT 001 RW 003 DUSUN KARANG MONCOL,DENI MUHARDANI,deniemuhardani@gmail.com,+62 852-8262-2222,IHYA RAIHAN IZZUDDIN ,ihya.raihan2001@gmail.com,+62 813-2124-2881
3209,200 - ARJAWINANGUN,011 - ARJAWINANGUN,000600 - RT 002 RW 003 DUSUN DEPOK,DENI MUHARDANI,deniemuhardani@gmail.com,+62 852-8262-2222,IHYA RAIHAN IZZUDDIN ,ihya.raihan2001@gmail.com,+62 813-2124-2881
3209,200 - ARJAWINANGUN,011 - ARJAWINANGUN,000800 - RT 002 RW 004 DUSUN KONGAS,DENI MUHARDANI,deniemuhardani@gmail.com,+62 852-8262-2222,NIHAYAH FITRIYA ZAHRADILLA,nihayahfzd@gmail.com,+62 895-4132-25509
3209,200 - ARJAWINANGUN,011 - ARJAWINANGUN,000900 - RT 001 RW 005 DUSUN ERGENDOM,DENI MUHARDANI,deniemuhardani@gmail.com,+62 852-8262-2222,NIHAYAH FITRIYA ZAHRADILLA,nihayahfzd@gmail.com,+62 895-4132-25509
3209,200 - ARJAWINANGUN,011 - ARJAWINANGUN,001000 - RT 002 RW 005 DUSUN ERGENDOM,DENI MUHARDANI,deniemuhardani@gmail.com,+62 852-8262-2222,NIHAYAH FITRIYA ZAHRADILLA,nihayahfzd@gmail.com,+62 895-4132-25509
3209,200 - ARJAWINANGUN,011 - ARJAWINANGUN,001300 - RT 001 RW 007 DUSUN POSONG WETAN,DENI MUHARDANI,deniemuhardani@gmail.com,+62 852-8262-2222,ELISA SALSABILA ,esalsabilalisa@gmail.com,+62 899-6394-368
3209,200 - ARJAWINANGUN,011 - ARJAWINANGUN,001400 - RT 002 RW 007 DUSUN POSONG WETAN,DENI MUHARDANI,deniemuhardani@gmail.com,+62 852-8262-2222,ELISA SALSABILA ,esalsabilalisa@gmail.com,+62 899-6394-368
3209,200 - ARJAWINANGUN,011 - ARJAWINANGUN,002100 - RT 003 RW 010 DUSUN KEBON PRING LOR,DENI MUHARDANI,deniemuhardani@gmail.com,+62 852-8262-2222,VIVI MAULIDA RIZQI,vivimaulidarizqi@gmail.com,+62 283-1961-3121
3209,200 - ARJAWINANGUN,011 - ARJAWINANGUN,002201 - RT 001 RW 011 DUSUN BTN PERMAI,DENI MUHARDANI,deniemuhardani@gmail.com,+62 852-8262-2222,VIVI MAULIDA RIZQI,vivimaulidarizqi@gmail.com,+62 283-1961-3121
3209,200 - ARJAWINANGUN,011 - ARJAWINANGUN,003000 - RT 002 RW 013 DUSUN KEBON PRING KIDUL,GUNTUR SUKMAJATI,guntursukmajati31@gmail.com,+62 831-0770-7210,RIAN SUSANTO,riansutasura10@gmail.com,+62 822-1906-8872
3209,200 - ARJAWINANGUN,011 - ARJAWINANGUN,003100 - RT 001 RW 014 DUSUN PERUM GRAND ARJAWINANGUN,GUNTUR SUKMAJATI,guntursukmajati31@gmail.com,+62 831-0770-7210,ERWIN WIYONO,sdn1arjawinangun@gmail.com,+62 858-6482-4490
3209,200 - ARJAWINANGUN,011 - ARJAWINANGUN,003200 - RT 002 RW 014 DUSUN PERUM GRAND ARJAWINANGUN,GUNTUR SUKMAJATI,guntursukmajati31@gmail.com,+62 831-0770-7210,ERWIN WIYONO,sdn1arjawinangun@gmail.com,+62 858-6482-4490
3209,200 - ARJAWINANGUN,011 - ARJAWINANGUN,003300 - RT 003 RW 014 DUSUN PERUM GRAND ARJAWINANGUN,GUNTUR SUKMAJATI,guntursukmajati31@gmail.com,+62 831-0770-7210,ERWIN WIYONO,sdn1arjawinangun@gmail.com,+62 858-6482-4490
3209,200 - ARJAWINANGUN,011 - ARJAWINANGUN,003400 - RT 004 RW 014 DUSUN PERUM GRAND ARJAWINANGUN,GUNTUR SUKMAJATI,guntursukmajati31@gmail.com,+62 831-0770-7210,ERWIN WIYONO,sdn1arjawinangun@gmail.com,+62 858-6482-4490
3209,200 - ARJAWINANGUN,011 - ARJAWINANGUN,003500 - RT 005 RW 014 DUSUN PERUM GRAND ARJAWINANGUN,GUNTUR SUKMAJATI,guntursukmajati31@gmail.com,+62 831-0770-7210,ERWIN WIYONO,sdn1arjawinangun@gmail.com,+62 858-6482-4490
3209,200 - ARJAWINANGUN,011 - ARJAWINANGUN,100100 - PERSAWAHAN 01,GUNTUR SUKMAJATI,guntursukmajati31@gmail.com,+62 831-0770-7210,LILIEK FAUZIAH,liliekfzh86@gmail.com,+62 822-1449-6201
3209,200 - ARJAWINANGUN,011 - ARJAWINANGUN,500400 - TERBANGUN BUKAN PEMUKIMAN,GUNTUR SUKMAJATI,guntursukmajati31@gmail.com,+62 831-0770-7210,LILIEK FAUZIAH,liliekfzh86@gmail.com,+62 822-1449-6201
3209,200 - ARJAWINANGUN,012 - TEGALGUBUG,000300 - RT 003 RW 001 DUSUN 01,ZUMROTUL JANNAH,zujuabid@gmail.com,+62 896-1831-7775,AHMAD TOLHAH ,ahmadtolhah14@gmail.com,+62 895-3741-81261
3209,200 - ARJAWINANGUN,012 - TEGALGUBUG,000600 - RT 002 RW 002 DUSUN 01,ZUMROTUL JANNAH,zujuabid@gmail.com,+62 896-1831-7775,AHMAD TOLHAH ,ahmadtolhah14@gmail.com,+62 895-3741-81261
3209,200 - ARJAWINANGUN,012 - TEGALGUBUG,000800 - RT 002 RW 003 DUSUN 02,ZUMROTUL JANNAH,zujuabid@gmail.com,+62 896-1831-7775,AHMAD TOLHAH ,ahmadtolhah14@gmail.com,+62 895-3741-81261
3209,200 - ARJAWINANGUN,012 - TEGALGUBUG,000900 - RT 003 RW 003 DUSUN 02,ZUMROTUL JANNAH,zujuabid@gmail.com,+62 896-1831-7775,AHMAD FAJRI,afajri216@gmail.com,+62 895-3405-30530
3209,200 - ARJAWINANGUN,012 - TEGALGUBUG,001000 - RT 001 RW 006 DUSUN 02,ZUMROTUL JANNAH,zujuabid@gmail.com,+62 896-1831-7775,AHMAD FAJRI,afajri216@gmail.com,+62 895-3405-30530
3209,200 - ARJAWINANGUN,012 - TEGALGUBUG,001100 - RT 002 RW 006 DUSUN 02,ZUMROTUL JANNAH,zujuabid@gmail.com,+62 896-1831-7775,AHMAD FAJRI,afajri216@gmail.com,+62 895-3405-30530
3209,200 - ARJAWINANGUN,012 - TEGALGUBUG,001300 - RT 002 RW 004 DUSUN 03,ZUMROTUL JANNAH,zujuabid@gmail.com,+62 896-1831-7775,AHMAD FAJRI,afajri216@gmail.com,+62 895-3405-30530
3209,200 - ARJAWINANGUN,012 - TEGALGUBUG,001400 - RT 001 RW 005 DUSUN 03,ZUMROTUL JANNAH,zujuabid@gmail.com,+62 896-1831-7775,AHMAD FAJRI,afajri216@gmail.com,+62 895-3405-30530
3209,200 - ARJAWINANGUN,012 - TEGALGUBUG,001500 - RT 002 RW 005 DUSUN 03,ZUMROTUL JANNAH,zujuabid@gmail.com,+62 896-1831-7775,AHMAD FAJRI,afajri216@gmail.com,+62 895-3405-30530
3209,200 - ARJAWINANGUN,012 - TEGALGUBUG,001600 - RT 003 RW 005 DUSUN 03,ZUMROTUL JANNAH,zujuabid@gmail.com,+62 896-1831-7775,AHMAD FAJRI,afajri216@gmail.com,+62 895-3405-30530
3209,200 - ARJAWINANGUN,012 - TEGALGUBUG,001700 - RT 004 RW 005 DUSUN 03,ZUMROTUL JANNAH,zujuabid@gmail.com,+62 896-1831-7775,AHMAD FAJRI,afajri216@gmail.com,+62 895-3405-30530
3209,200 - ARJAWINANGUN,012 - TEGALGUBUG,001800 - RT 001 RW 007 DUSUN 04,ZUMROTUL JANNAH,zujuabid@gmail.com,+62 896-1831-7775,MUHAMAD ALI KHASAN ,ah590014@gmail.com,+62 838-4769-7258
3209,200 - ARJAWINANGUN,012 - TEGALGUBUG,001900 - RT 002 RW 007 DUSUN 04,ZUMROTUL JANNAH,zujuabid@gmail.com,+62 896-1831-7775,MUHAMAD ALI KHASAN ,ah590014@gmail.com,+62 838-4769-7258
3209,200 - ARJAWINANGUN,012 - TEGALGUBUG,002200 - RT 005 RW 007 DUSUN 04,ZUMROTUL JANNAH,zujuabid@gmail.com,+62 896-1831-7775,MUHAMAD ALI KHASAN ,ah590014@gmail.com,+62 838-4769-7258
3209,200 - ARJAWINANGUN,012 - TEGALGUBUG,002300 - RT 001 RW 008 DUSUN 04,ZUMROTUL JANNAH,zujuabid@gmail.com,+62 896-1831-7775,MUHAMAD ALI KHASAN ,ah590014@gmail.com,+62 838-4769-7258
3209,200 - ARJAWINANGUN,012 - TEGALGUBUG,002400 - RT 002 RW 008 DUSUN 04,ZUMROTUL JANNAH,zujuabid@gmail.com,+62 896-1831-7775,MUHAMAD ALI KHASAN ,ah590014@gmail.com,+62 838-4769-7258
3209,200 - ARJAWINANGUN,012 - TEGALGUBUG,002800 - RT 002 RW 009 DUSUN 05,ZUMROTUL JANNAH,zujuabid@gmail.com,+62 896-1831-7775,MOH ZAKI MUBAROK,jjaki5241@gmail.com,+62 896-0709-2800
3209,200 - ARJAWINANGUN,012 - TEGALGUBUG,003000 - RT 004 RW 009 DUSUN 05,ZUMROTUL JANNAH,zujuabid@gmail.com,+62 896-1831-7775,MOH ZAKI MUBAROK,jjaki5241@gmail.com,+62 896-0709-2800
3209,200 - ARJAWINANGUN,012 - TEGALGUBUG,003200 - RT 006 RW 009 DUSUN 05,ZUMROTUL JANNAH,zujuabid@gmail.com,+62 896-1831-7775,TASYA MAHDA FIKIYAH,tasyamahda19@gmail.com,+62 895-3911-51580
3209,200 - ARJAWINANGUN,012 - TEGALGUBUG,003500 - RT 002 RW 010 DUSUN 05,ZUMROTUL JANNAH,zujuabid@gmail.com,+62 896-1831-7775,TASYA MAHDA FIKIYAH,tasyamahda19@gmail.com,+62 895-3911-51580
3209,200 - ARJAWINANGUN,012 - TEGALGUBUG,100200 - SAWAH 01,ZUMROTUL JANNAH,zujuabid@gmail.com,+62 896-1831-7775,GITA AMANDA NUR JANAH,giamandanj11@gmail.com,+62 89-6999-31968
3209,200 - ARJAWINANGUN,013 - RAWAGATEL,000500 - RT 002 RW 003 DUSUN 03,GUNTUR SUKMAJATI,guntursukmajati31@gmail.com,+62 831-0770-7210,DIAH AYU PERMATASARI,diahayupermatasari67@gmail.com,+62 857-9832-8273
3209,200 - ARJAWINANGUN,013 - RAWAGATEL,000600 - RT 001 RW 003 DUSUN 03,GUNTUR SUKMAJATI,guntursukmajati31@gmail.com,+62 831-0770-7210,DIAH AYU PERMATASARI,diahayupermatasari67@gmail.com,+62 857-9832-8273
3209,200 - ARJAWINANGUN,013 - RAWAGATEL,000800 - RT 002 RW 004 DUSUN 04,ADE FAKHRIYAH,fakhriyahade31@gmail.com,+62 821-2904-2056,KASDI,chandrarbs123@gmail.com,+62 838-4037-4998
3209,200 - ARJAWINANGUN,013 - RAWAGATEL,100100 - PERSAWAHAN,ADE FAKHRIYAH,fakhriyahade31@gmail.com,+62 821-2904-2056,KASDI,chandrarbs123@gmail.com,+62 838-4037-4998
3209,200 - ARJAWINANGUN,014 - TEGALGUBUG LOR,000100 - RT 001 RW 001 DUSUN POJOK TEYONG,ADE FAKHRIYAH,fakhriyahade31@gmail.com,+62 821-2904-2056,KASDI,chandrarbs123@gmail.com,+62 838-4037-4998
3209,200 - ARJAWINANGUN,014 - TEGALGUBUG LOR,000200 - RT 002 RW 001 DUSUN AL BAROKAH,ADE FAKHRIYAH,fakhriyahade31@gmail.com,+62 821-2904-2056,KASDI,chandrarbs123@gmail.com,+62 838-4037-4998
3209,200 - ARJAWINANGUN,014 - TEGALGUBUG LOR,000400 - RT 001 RW 002 DUSUN KAMITARAM,ADE FAKHRIYAH,fakhriyahade31@gmail.com,+62 821-2904-2056,KASDI,chandrarbs123@gmail.com,+62 838-4037-4998
3209,200 - ARJAWINANGUN,014 - TEGALGUBUG LOR,000800 - RT 002 RW 003 DUSUN AL ANWARIYAH KULON,ABDUL SOMAD,somad0765@gmail.com,0,MUHAMAD MAULANA VICKY,vickycringe0@gmail.com,+62 822-4023-0518
3209,200 - ARJAWINANGUN,014 - TEGALGUBUG LOR,000900 - RT 003 RW 003 DUSUN KUWU MANSUR,ABDUL SOMAD,somad0765@gmail.com,0,MUHAMAD MAULANA VICKY,vickycringe0@gmail.com,+62 822-4023-0518
3209,200 - ARJAWINANGUN,014 - TEGALGUBUG LOR,001100 - RT 002 RW 004 DUSUN AL ANWARIYAH,GUNTUR SUKMAJATI,guntursukmajati31@gmail.com,+62 831-0770-7210,JUNAEDI,kakariffat2015@gmail.com,+62 852-2463-9639
3209,200 - ARJAWINANGUN,014 - TEGALGUBUG LOR,001200 - RT 003 RW 004 DUSUN AL GHOZALI,GUNTUR SUKMAJATI,guntursukmajati31@gmail.com,+62 831-0770-7210,JUNAEDI,kakariffat2015@gmail.com,+62 852-2463-9639
3209,200 - ARJAWINANGUN,014 - TEGALGUBUG LOR,001400 - RT 002 RW 005 DUSUN AL MARZUKIYAH,GUNTUR SUKMAJATI,guntursukmajati31@gmail.com,+62 831-0770-7210,JUNAEDI,kakariffat2015@gmail.com,+62 852-2463-9639
3209,200 - ARJAWINANGUN,014 - TEGALGUBUG LOR,001600 - RT 004 RW 005 DUSUN KARANG MONCOL,GUNTUR SUKMAJATI,guntursukmajati31@gmail.com,+62 831-0770-7210,JUNAEDI,kakariffat2015@gmail.com,+62 852-2463-9639
3209,200 - ARJAWINANGUN,014 - TEGALGUBUG LOR,001800 - RT 002 RW 006 DUSUN AL MARZUKIYAH,ABDUL SOMAD,somad0765@gmail.com,0,CANDRA RAMBU BAZE SUSILO ,chandra310505@gmail.com,+62 838-3865-25481
3209,200 - ARJAWINANGUN,014 - TEGALGUBUG LOR,001900 - RT 003 RW 006 DUSUN AL IBROHIMIYAH,ABDUL SOMAD,somad0765@gmail.com,0,CANDRA RAMBU BAZE SUSILO ,chandra310505@gmail.com,+62 838-3865-25481
3209,200 - ARJAWINANGUN,014 - TEGALGUBUG LOR,002000 - RT 001 RW 007 DUSUN AS SAIDIYAH,ABDUL SOMAD,somad0765@gmail.com,0,CANDRA RAMBU BAZE SUSILO ,chandra310505@gmail.com,+62 838-3865-25481
3209,200 - ARJAWINANGUN,014 - TEGALGUBUG LOR,002100 - RT 002 RW 007 DUSUN NAELUL HUDA,ABDUL SOMAD,somad0765@gmail.com,0,CANDRA RAMBU BAZE SUSILO ,chandra310505@gmail.com,+62 838-3865-25481
3209,200 - ARJAWINANGUN,014 - TEGALGUBUG LOR,100100 - SAWAH,ABDUL SOMAD,somad0765@gmail.com,0,MANSYUR,mansyure24@gmail.com,0
3209,200 - ARJAWINANGUN,015 - KARANGSAMBUNG,000100 - RT 001 RW 001 DUSUN 01,ABDUL SOMAD,somad0765@gmail.com,0,HARIS HIDAYAT,alharishidayat786@gmail.com,+62 822-2666-2886
3209,200 - ARJAWINANGUN,015 - KARANGSAMBUNG,000200 - RT 002 RW 001 DUSUN 01,ABDUL SOMAD,somad0765@gmail.com,0,HARIS HIDAYAT,alharishidayat786@gmail.com,+62 822-2666-2886
3209,200 - ARJAWINANGUN,015 - KARANGSAMBUNG,000900 - RT 009 RW 002 DUSUN 02,ABDUL SOMAD,somad0765@gmail.com,0,HARIS HIDAYAT,alharishidayat786@gmail.com,+62 822-2666-2886
3209,200 - ARJAWINANGUN,015 - KARANGSAMBUNG,001700 - RT 017 RW 003 DUSUN 03,ABDUL SOMAD,somad0765@gmail.com,0,UKI ACHMAD SUBCHI,ukiakhmad95@gmail.com,+62 838-6565-6671
3209,200 - ARJAWINANGUN,015 - KARANGSAMBUNG,100200 - PERSAWAHAN 02,ABDUL SOMAD,somad0765@gmail.com,0,UKI ACHMAD SUBCHI,ukiakhmad95@gmail.com,+62 838-6565-6671
3209,200 - ARJAWINANGUN,016 - BULAK,000100 - RT 001 RW 001 DUSUN 01,TURIDI,ridimas351@gmail.com,+62 821-1523-1530,DIKO KURNIAWAN,dikokurniawan69@gmail.com,+62 881-5115-083
3209,200 - ARJAWINANGUN,016 - BULAK,000200 - RT 002 RW 001 DUSUN 01,TURIDI,ridimas351@gmail.com,+62 821-1523-1530,DIKO KURNIAWAN,dikokurniawan69@gmail.com,+62 881-5115-083
3209,200 - ARJAWINANGUN,016 - BULAK,000400 - RT 001 RW 002 DUSUN 02,TURIDI,ridimas351@gmail.com,+62 821-1523-1530,DIKO KURNIAWAN,dikokurniawan69@gmail.com,+62 881-5115-083
3209,200 - ARJAWINANGUN,016 - BULAK,000500 - RT 002 RW 002 DUSUN 02,TURIDI,ridimas351@gmail.com,+62 821-1523-1530,DIKO KURNIAWAN,dikokurniawan69@gmail.com,+62 881-5115-083
3209,200 - ARJAWINANGUN,016 - BULAK,000600 - RT 003 RW 002 DUSUN 02,TURIDI,ridimas351@gmail.com,+62 821-1523-1530,DIKO KURNIAWAN,dikokurniawan69@gmail.com,+62 881-5115-083
3209,200 - ARJAWINANGUN,017 - GEYONGAN,000100 - RT 001 RW 001 DUSUN 01,ADE FAKHRIYAH,fakhriyahade31@gmail.com,+62 821-2904-2056,PUTRI CITRA DEWI,pc1311260@gmail.com,+62 813-2288-6338
3209,200 - ARJAWINANGUN,017 - GEYONGAN,000200 - RT 002 RW 001 DUSUN 01,ADE FAKHRIYAH,fakhriyahade31@gmail.com,+62 821-2904-2056,PUTRI CITRA DEWI,pc1311260@gmail.com,+62 813-2288-6338
3209,200 - ARJAWINANGUN,017 - GEYONGAN,000300 - RT 003 RW 001 DUSUN 01,ADE FAKHRIYAH,fakhriyahade31@gmail.com,+62 821-2904-2056,PUTRI CITRA DEWI,pc1311260@gmail.com,+62 813-2288-6338
3209,200 - ARJAWINANGUN,017 - GEYONGAN,000400 - RT 001 RW 002 DUSUN 02,ADE FAKHRIYAH,fakhriyahade31@gmail.com,+62 821-2904-2056,PUTRI CITRA DEWI,pc1311260@gmail.com,+62 813-2288-6338
3209,200 - ARJAWINANGUN,017 - GEYONGAN,000500 - RT 002 RW 002 DUSUN 02,ADE FAKHRIYAH,fakhriyahade31@gmail.com,+62 821-2904-2056,PUTRI CITRA DEWI,pc1311260@gmail.com,+62 813-2288-6338
3209,200 - ARJAWINANGUN,017 - GEYONGAN,000600 - RT 003 RW 002 DUSUN 02,ADE FAKHRIYAH,fakhriyahade31@gmail.com,+62 821-2904-2056,YUNI ASTRIANINGSIH ,yunicrb72@gmail.com,+62 822-9535-5524
3209,200 - ARJAWINANGUN,017 - GEYONGAN,000800 - RT 002 RW 003 DUSUN 03,ADE FAKHRIYAH,fakhriyahade31@gmail.com,+62 821-2904-2056,YUNI ASTRIANINGSIH ,yunicrb72@gmail.com,+62 822-9535-5524
3209,200 - ARJAWINANGUN,017 - GEYONGAN,000900 - RT 003 RW 003 DUSUN 03,ADE FAKHRIYAH,fakhriyahade31@gmail.com,+62 821-2904-2056,YUNI ASTRIANINGSIH ,yunicrb72@gmail.com,+62 822-9535-5524
3209,200 - ARJAWINANGUN,017 - GEYONGAN,001000 - RT 001 RW 004 DUSUN 04,ADE FAKHRIYAH,fakhriyahade31@gmail.com,+62 821-2904-2056,YUNI ASTRIANINGSIH ,yunicrb72@gmail.com,+62 822-9535-5524
3209,200 - ARJAWINANGUN,017 - GEYONGAN,100200 - PERSAWAHAN 02 KIDAS KULON,ADE FAKHRIYAH,fakhriyahade31@gmail.com,+62 821-2904-2056,ADI GILANG PERMANA,gilang.adipermana@gmail.com,+62 895-7121-22020
3209,200 - ARJAWINANGUN,018 - KEBONTURI,000100 - RT 001 RW 001 DUSUN 01,ADE FAKHRIYAH,fakhriyahade31@gmail.com,+62 821-2904-2056,CITRA DEWI ,citradewi9391@gmail.com,+62 083-8231-17587
3209,200 - ARJAWINANGUN,018 - KEBONTURI,000200 - RT 002 RW 001 DUSUN 01,ADE FAKHRIYAH,fakhriyahade31@gmail.com,+62 821-2904-2056,CITRA DEWI ,citradewi9391@gmail.com,+62 083-8231-17587
3209,200 - ARJAWINANGUN,018 - KEBONTURI,000300 - RT 003 RW 001 DUSUN 01,ADE FAKHRIYAH,fakhriyahade31@gmail.com,+62 821-2904-2056,CITRA DEWI ,citradewi9391@gmail.com,+62 083-8231-17587
3209,200 - ARJAWINANGUN,018 - KEBONTURI,000400 - RT 004 RW 001 DUSUN 01,ADE FAKHRIYAH,fakhriyahade31@gmail.com,+62 821-2904-2056,CITRA DEWI ,citradewi9391@gmail.com,+62 083-8231-17587
3209,200 - ARJAWINANGUN,018 - KEBONTURI,000801 - RT 002 RW 002 DUSUN 02,ADE FAKHRIYAH,fakhriyahade31@gmail.com,+62 821-2904-2056,AGENG BUDI UTOMO ,budiu3392@gmail.com,+62 859-6273-6095
3209,200 - ARJAWINANGUN,018 - KEBONTURI,000802 - RT 002 RW 002 DUSUN 02,ADE FAKHRIYAH,fakhriyahade31@gmail.com,+62 821-2904-2056,AGENG BUDI UTOMO ,budiu3392@gmail.com,+62 859-6273-6095
3209,200 - ARJAWINANGUN,018 - KEBONTURI,000900 - RT 003 RW 002 DUSUN 02,ADE FAKHRIYAH,fakhriyahade31@gmail.com,+62 821-2904-2056,AGENG BUDI UTOMO ,budiu3392@gmail.com,+62 859-6273-6095
3209,200 - ARJAWINANGUN,018 - KEBONTURI,001000 - RT 001 RW 003 DUSUN 03,ADE FAKHRIYAH,fakhriyahade31@gmail.com,+62 821-2904-2056,AGENG BUDI UTOMO ,budiu3392@gmail.com,+62 859-6273-6095
3209,200 - ARJAWINANGUN,018 - KEBONTURI,001100 - RT 002 RW 003 DUSUN 03,ADE FAKHRIYAH,fakhriyahade31@gmail.com,+62 821-2904-2056,AGENG BUDI UTOMO ,budiu3392@gmail.com,+62 859-6273-6095
3209,200 - ARJAWINANGUN,018 - KEBONTURI,001200 - RT 003 RW 003 DUSUN 03,ADE FAKHRIYAH,fakhriyahade31@gmail.com,+62 821-2904-2056,AGENG BUDI UTOMO ,budiu3392@gmail.com,+62 859-6273-6095
3209,200 - ARJAWINANGUN,018 - KEBONTURI,001300 - RT 004 RW 003 DUSUN 03,ADE FAKHRIYAH,fakhriyahade31@gmail.com,+62 821-2904-2056,SALMAN ALFARISI,alfarisis151@gmail.com,0
3209,200 - ARJAWINANGUN,018 - KEBONTURI,001400 - RT 005 RW 003 DUSUN 03,ADE FAKHRIYAH,fakhriyahade31@gmail.com,+62 821-2904-2056,SALMAN ALFARISI,alfarisis151@gmail.com,0
3209,200 - ARJAWINANGUN,018 - KEBONTURI,001500 - RT 001 RW 004 DUSUN 04,ADE FAKHRIYAH,fakhriyahade31@gmail.com,+62 821-2904-2056,SALMAN ALFARISI,alfarisis151@gmail.com,0
3209,200 - ARJAWINANGUN,018 - KEBONTURI,001600 - RT 002 RW 004 DUSUN 04,ADE FAKHRIYAH,fakhriyahade31@gmail.com,+62 821-2904-2056,SALMAN ALFARISI,alfarisis151@gmail.com,0
3209,200 - ARJAWINANGUN,018 - KEBONTURI,001701 - RT 003 RW 004 DUSUN 04,ADE FAKHRIYAH,fakhriyahade31@gmail.com,+62 821-2904-2056,SALMAN ALFARISI,alfarisis151@gmail.com,0
3209,200 - ARJAWINANGUN,018 - KEBONTURI,001702 - RT 003 RW 004 DUSUN 04,ADE FAKHRIYAH,fakhriyahade31@gmail.com,+62 821-2904-2056,SALMAN ALFARISI,alfarisis151@gmail.com,0
3209,200 - ARJAWINANGUN,018 - KEBONTURI,100100 - PERSAWAHAN,ADE FAKHRIYAH,fakhriyahade31@gmail.com,+62 821-2904-2056,SALMAN ALFARISI,alfarisis151@gmail.com,0
3209,201 - PANGURAGAN,001 - KALIANYAR,000300 - RT 003 RW 001,ELIYAH,raharjoiqbal8@gmail.com,+62 877-1451-4508,SUKARNO,sukarnobae82@gmail.com,+62 896-7066-4004
3209,201 - PANGURAGAN,001 - KALIANYAR,000700 - RT 003 RW 002,ELIYAH,raharjoiqbal8@gmail.com,+62 877-1451-4508,SUKARNO,sukarnobae82@gmail.com,+62 896-7066-4004
3209,201 - PANGURAGAN,001 - KALIANYAR,000900 - RT 001 RW 003,ELIYAH,raharjoiqbal8@gmail.com,+62 877-1451-4508,SUKARNO,sukarnobae82@gmail.com,+62 896-7066-4004
3209,201 - PANGURAGAN,001 - KALIANYAR,001300 - RT 001 RW 004,AINUN NIHAYAH,nunuynihayah@gmail.com,+62 878-9199-9923,ADE MULYANA,ademulyana202429@gmail.com,+62 896-6455-6010_
3209,201 - PANGURAGAN,001 - KALIANYAR,001400 - RT 002 RW 004,ELIYAH,raharjoiqbal8@gmail.com,+62 877-1451-4508,DIAH TRIANAH,trianahdiah@gmail.com,+62 895-4132-26282
3209,201 - PANGURAGAN,001 - KALIANYAR,001600 - RT 004 RW 004,GUNAWAN,gungunawan067@gmail.com,+62 853-1436-4699,MUKHAMAD IRFAN,mukhamadirfan91@gmail.com,+62 857-9403-2054
3209,201 - PANGURAGAN,001 - KALIANYAR,001800 - RT 002 RW 005,AINUN NIHAYAH,nunuynihayah@gmail.com,+62 878-9199-9923,NURHAYATI,nurhayatigujeg@gmail.com,+62 812-2215-9319
3209,201 - PANGURAGAN,001 - KALIANYAR,002100 - RT 005 RW 005,ELIYAH,raharjoiqbal8@gmail.com,+62 877-1451-4508,DIAH TRIANAH,trianahdiah@gmail.com,+62 895-4132-26282
3209,201 - PANGURAGAN,001 - KALIANYAR,002500 - RT 003 RW 006,ELIYAH,raharjoiqbal8@gmail.com,+62 877-1451-4508,DIAH TRIANAH,trianahdiah@gmail.com,+62 895-4132-26282
3209,201 - PANGURAGAN,001 - KALIANYAR,002700 - RT 005 RW 006,ELIYAH,raharjoiqbal8@gmail.com,+62 877-1451-4508,DIAH TRIANAH,trianahdiah@gmail.com,+62 895-4132-26282
3209,201 - PANGURAGAN,001 - KALIANYAR,002800 - RT 001 RW 007,AINUN NIHAYAH,nunuynihayah@gmail.com,+62 878-9199-9923,ADE MULYANA,ademulyana202429@gmail.com,+62 896-6455-6010_
3209,201 - PANGURAGAN,001 - KALIANYAR,002900 - RT 002 RW 007,ELIYAH,raharjoiqbal8@gmail.com,+62 877-1451-4508,SUKARNO,sukarnobae82@gmail.com,+62 896-7066-4004
3209,201 - PANGURAGAN,001 - KALIANYAR,100100 - SAWAH,ELIYAH,raharjoiqbal8@gmail.com,+62 877-1451-4508,DIAH TRIANAH,trianahdiah@gmail.com,+62 895-4132-26282
3209,201 - PANGURAGAN,002 - PANGURAGAN KULON,000100 - RT 001 RW 001,SUSTRIANA DEWI,sustrianadewi@gma.com,+62 851-5625-2832,NUR HAYYAH FALABIBAH,nurhayyah.fb31@gmail.com,0
3209,201 - PANGURAGAN,002 - PANGURAGAN KULON,000300 - RT 003 RW 001,ELIYAH,raharjoiqbal8@gmail.com,+62 877-1451-4508,SITI AMINAH,aminah29061999@gmail.com,+62 895-6023-57776
3209,201 - PANGURAGAN,002 - PANGURAGAN KULON,000700 - RT 007 RW 002,SUSTRIANA DEWI,sustrianadewi@gma.com,+62 851-5625-2832,MUHAMMAD FATURROKHMAN ,faturrokhmanoman@gmail.com,+62 821-2699-2918
3209,201 - PANGURAGAN,002 - PANGURAGAN KULON,000800 - RT 008 RW 002,SUSTRIANA DEWI,sustrianadewi@gma.com,+62 851-5625-2832,MUHAMMAD FATURROKHMAN ,faturrokhmanoman@gmail.com,+62 821-2699-2918
3209,201 - PANGURAGAN,002 - PANGURAGAN KULON,001000 - RT 010 RW 003,ELIYAH,raharjoiqbal8@gmail.com,+62 877-1451-4508,SITI AMINAH,aminah29061999@gmail.com,+62 895-6023-57776
3209,201 - PANGURAGAN,002 - PANGURAGAN KULON,001300 - RT 013 RW 004,ELIYAH,raharjoiqbal8@gmail.com,+62 877-1451-4508,MASRUDIN,mmasrudingujeg@gmail.com,+62 813-1246-3109
3209,201 - PANGURAGAN,002 - PANGURAGAN KULON,001500 - RT 015 RW 004,SUSTRIANA DEWI,sustrianadewi@gma.com,+62 851-5625-2832,ARIES SETIAWAN,arzaqunakanezka@gmail.com,+62 838-7852-6136
3209,201 - PANGURAGAN,002 - PANGURAGAN KULON,001700 - RT 017 RW 004,SUSTRIANA DEWI,sustrianadewi@gma.com,+62 851-5625-2832,ARIES SETIAWAN,arzaqunakanezka@gmail.com,+62 838-7852-6136
3209,201 - PANGURAGAN,002 - PANGURAGAN KULON,001900 - RT 019 RW 005,SUSTRIANA DEWI,sustrianadewi@gma.com,+62 851-5625-2832,ARIES SETIAWAN,arzaqunakanezka@gmail.com,+62 838-7852-6136
3209,201 - PANGURAGAN,002 - PANGURAGAN KULON,002000 - RT 020 RW 005,GUNAWAN,gungunawan067@gmail.com,+62 853-1436-4699,RAHMA SULISTIANI ,tisitiaisyah3508@gmail.com,+62 895-3518-47569
3209,201 - PANGURAGAN,002 - PANGURAGAN KULON,002100 - RT 021 RW 006,AINUN NIHAYAH,nunuynihayah@gmail.com,+62 878-9199-9923,ADE MULYANA,ademulyana202429@gmail.com,+62 896-6455-6010_
3209,201 - PANGURAGAN,002 - PANGURAGAN KULON,002200 - RT 022 RW 006,SUSTRIANA DEWI,sustrianadewi@gma.com,+62 851-5625-2832,ARIES SETIAWAN,arzaqunakanezka@gmail.com,+62 838-7852-6136
3209,201 - PANGURAGAN,002 - PANGURAGAN KULON,100100 - SAWAH,SUSTRIANA DEWI,sustrianadewi@gma.com,+62 851-5625-2832,ARIES SETIAWAN,arzaqunakanezka@gmail.com,+62 838-7852-6136
3209,201 - PANGURAGAN,002 - PANGURAGAN KULON,100200 - SAWAH,SUSTRIANA DEWI,sustrianadewi@gma.com,+62 851-5625-2832,MUHAMMAD FATURROKHMAN ,faturrokhmanoman@gmail.com,+62 821-2699-2918
3209,201 - PANGURAGAN,003 - PANGURAGAN WETAN,000101 - RT 001 RW 001,AINUN NIHAYAH,nunuynihayah@gmail.com,+62 878-9199-9923,PUTRI NABILAH,nabilahputri302004@gmail.com,+62 878-8576-5965
3209,201 - PANGURAGAN,003 - PANGURAGAN WETAN,000102 - RT 001 RW 001,AINUN NIHAYAH,nunuynihayah@gmail.com,+62 878-9199-9923,PUTRI NABILAH,nabilahputri302004@gmail.com,+62 878-8576-5965
3209,201 - PANGURAGAN,003 - PANGURAGAN WETAN,000201 - RT 002 RW 001,AINUN NIHAYAH,nunuynihayah@gmail.com,+62 878-9199-9923,ADE MULYANA,ademulyana202429@gmail.com,+62 896-6455-6010_
3209,201 - PANGURAGAN,003 - PANGURAGAN WETAN,000202 - RT 002 RW 001,AINUN NIHAYAH,nunuynihayah@gmail.com,+62 878-9199-9923,ADE MULYANA,ademulyana202429@gmail.com,+62 896-6455-6010_
3209,201 - PANGURAGAN,003 - PANGURAGAN WETAN,000300 - RT 003 RW 002,GUNAWAN,gungunawan067@gmail.com,+62 853-1436-4699,DIVA PUTRI KANIA ,divaputrikania718@gmail.com,+62 897-5461-164
3209,201 - PANGURAGAN,003 - PANGURAGAN WETAN,000401 - RT 004 RW 002,GUNAWAN,gungunawan067@gmail.com,+62 853-1436-4699,UMMUL BANIN,ninamadihij28@gmail.com,0
3209,201 - PANGURAGAN,003 - PANGURAGAN WETAN,000402 - RT 004 RW 002,GUNAWAN,gungunawan067@gmail.com,+62 853-1436-4699,UMMUL BANIN,ninamadihij28@gmail.com,0
3209,201 - PANGURAGAN,003 - PANGURAGAN WETAN,000501 - RT 005 RW 003,GUNAWAN,gungunawan067@gmail.com,+62 853-1436-4699,RAHMA SULISTIANI ,tisitiaisyah3508@gmail.com,+62 895-3518-47569
3209,201 - PANGURAGAN,003 - PANGURAGAN WETAN,000502 - RT 005 RW 003,GUNAWAN,gungunawan067@gmail.com,+62 853-1436-4699,RAHMA SULISTIANI ,tisitiaisyah3508@gmail.com,+62 895-3518-47569
3209,201 - PANGURAGAN,003 - PANGURAGAN WETAN,000700 - RT 007 RW 004,GUNAWAN,gungunawan067@gmail.com,+62 853-1436-4699,DIVA PUTRI KANIA ,divaputrikania718@gmail.com,+62 897-5461-164
3209,201 - PANGURAGAN,003 - PANGURAGAN WETAN,000800 - RT 008 RW 004,GUNAWAN,gungunawan067@gmail.com,+62 853-1436-4699,DIVA PUTRI KANIA ,divaputrikania718@gmail.com,+62 897-5461-164
3209,201 - PANGURAGAN,003 - PANGURAGAN WETAN,001000 - RT 010 RW 005,GUNAWAN,gungunawan067@gmail.com,+62 853-1436-4699,UMMUL BANIN,ninamadihij28@gmail.com,0
3209,201 - PANGURAGAN,003 - PANGURAGAN WETAN,100100 - PERSAWAHAN,AINUN NIHAYAH,nunuynihayah@gmail.com,+62 878-9199-9923,PUTRI NABILAH,nabilahputri302004@gmail.com,+62 878-8576-5965
3209,201 - PANGURAGAN,003 - PANGURAGAN WETAN,100300 - PERSAWAHAN,AINUN NIHAYAH,nunuynihayah@gmail.com,+62 878-9199-9923,PUTRI NABILAH,nabilahputri302004@gmail.com,+62 878-8576-5965
3209,201 - PANGURAGAN,004 - PANGURAGAN LOR,000100 - RT 001 RW 001,AINUN NIHAYAH,nunuynihayah@gmail.com,+62 878-9199-9923,ADE MULYANA,ademulyana202429@gmail.com,+62 896-6455-6010_
3209,201 - PANGURAGAN,004 - PANGURAGAN LOR,000401 - RT 004 RW 002,GUNAWAN,gungunawan067@gmail.com,+62 853-1436-4699,MUKHAMAD IRFAN,mukhamadirfan91@gmail.com,+62 857-9403-2054
3209,201 - PANGURAGAN,004 - PANGURAGAN LOR,000402 - RT 004 RW 002,GUNAWAN,gungunawan067@gmail.com,+62 853-1436-4699,MUKHAMAD IRFAN,mukhamadirfan91@gmail.com,+62 857-9403-2054
3209,201 - PANGURAGAN,004 - PANGURAGAN LOR,000500 - RT 005 RW 003,SUSTRIANA DEWI,sustrianadewi@gma.com,+62 851-5625-2832,NANDA NURMILANTI ,nandanurmilanti2111@gmail.com,+62 089-5188-26565
3209,201 - PANGURAGAN,004 - PANGURAGAN LOR,000600 - RT 006 RW 003,SUSTRIANA DEWI,sustrianadewi@gma.com,+62 851-5625-2832,NANDA NURMILANTI ,nandanurmilanti2111@gmail.com,+62 089-5188-26565
3209,201 - PANGURAGAN,004 - PANGURAGAN LOR,001000 - RT 010 RW 005,GUNAWAN,gungunawan067@gmail.com,+62 853-1436-4699,MUTMAINAH,mutmainahsyah8@gmail.com,+62 878-2948-1775
3209,201 - PANGURAGAN,004 - PANGURAGAN LOR,001100 - RT 011 RW 005,AINUN NIHAYAH,nunuynihayah@gmail.com,+62 878-9199-9923,NURHAYATI,nurhayatigujeg@gmail.com,+62 812-2215-9319
3209,201 - PANGURAGAN,004 - PANGURAGAN LOR,100100 - SAWAH,SUSTRIANA DEWI,sustrianadewi@gma.com,+62 851-5625-2832,DELLA RAKHMAWATI ,dellarakhmawati2503@gmail.com,+62 856-5964-7036
3209,201 - PANGURAGAN,005 - PANGURAGAN,000900 - RT 009 RW 004,ELIYAH,raharjoiqbal8@gmail.com,+62 877-1451-4508,IKE HANDRAYANI,ikholdun89@gmail.com,+62 813-9545-9510
3209,201 - PANGURAGAN,005 - PANGURAGAN,001200 - RT 012 RW 005,ELIYAH,raharjoiqbal8@gmail.com,+62 877-1451-4508,IKE HANDRAYANI,ikholdun89@gmail.com,+62 813-9545-9510
3209,201 - PANGURAGAN,005 - PANGURAGAN,001500 - RT 015 RW 006,GUNAWAN,gungunawan067@gmail.com,+62 853-1436-4699,RAHMA SULISTIANI ,tisitiaisyah3508@gmail.com,+62 895-3518-47569
3209,201 - PANGURAGAN,005 - PANGURAGAN,001600 - RT 016 RW 006,ELIYAH,raharjoiqbal8@gmail.com,+62 877-1451-4508,KHUMAEROH,uumkhumaeroh17@gmail.com,+62 882-0015-75560
3209,201 - PANGURAGAN,005 - PANGURAGAN,002800 - RT 028 RW 010,ELIYAH,raharjoiqbal8@gmail.com,+62 877-1451-4508,KHUMAEROH,uumkhumaeroh17@gmail.com,+62 882-0015-75560
3209,201 - PANGURAGAN,005 - PANGURAGAN,003100 - RT 031 RW 010,ELIYAH,raharjoiqbal8@gmail.com,+62 877-1451-4508,KHUMAEROH,uumkhumaeroh17@gmail.com,+62 882-0015-75560
3209,201 - PANGURAGAN,005 - PANGURAGAN,100100 - SAWAH,ELIYAH,raharjoiqbal8@gmail.com,+62 877-1451-4508,KHUMAEROH,uumkhumaeroh17@gmail.com,+62 882-0015-75560
3209,201 - PANGURAGAN,006 - GUJEG,000200 - RT 002 RW 001,AINUN NIHAYAH,nunuynihayah@gmail.com,+62 878-9199-9923,MASRUKHIN,pmasrukhin@gmail.com,+62 838-3700-0286
3209,201 - PANGURAGAN,006 - GUJEG,000300 - RT 003 RW 002,SUSTRIANA DEWI,sustrianadewi@gma.com,+62 851-5625-2832,NEILA NAFILAH,neilanafilah78@gmail.com,+62 813-1648-5918
3209,201 - PANGURAGAN,006 - GUJEG,000400 - RT 004 RW 002,SUSTRIANA DEWI,sustrianadewi@gma.com,+62 851-5625-2832,NEILA NAFILAH,neilanafilah78@gmail.com,+62 813-1648-5918
3209,201 - PANGURAGAN,006 - GUJEG,000500 - RT 005 RW 003,AINUN NIHAYAH,nunuynihayah@gmail.com,+62 878-9199-9923,MASRUKHIN,pmasrukhin@gmail.com,+62 838-3700-0286
3209,201 - PANGURAGAN,006 - GUJEG,000600 - RT 006 RW 003,SUSTRIANA DEWI,sustrianadewi@gma.com,+62 851-5625-2832,NEILA NAFILAH,neilanafilah78@gmail.com,+62 813-1648-5918
3209,201 - PANGURAGAN,006 - GUJEG,000700 - RT 007 RW 004,AINUN NIHAYAH,nunuynihayah@gmail.com,+62 878-9199-9923,MASRUKHIN,pmasrukhin@gmail.com,+62 838-3700-0286
3209,201 - PANGURAGAN,006 - GUJEG,000800 - RT 008 RW 004,AINUN NIHAYAH,nunuynihayah@gmail.com,+62 878-9199-9923,MASRUKHIN,pmasrukhin@gmail.com,+62 838-3700-0286
3209,201 - PANGURAGAN,006 - GUJEG,100100 - SAWAH,AINUN NIHAYAH,nunuynihayah@gmail.com,+62 878-9199-9923,MASRUKHIN,pmasrukhin@gmail.com,+62 838-3700-0286
3209,201 - PANGURAGAN,006 - GUJEG,100200 - SAWAH,AINUN NIHAYAH,nunuynihayah@gmail.com,+62 878-9199-9923,MASRUKHIN,pmasrukhin@gmail.com,+62 838-3700-0286
3209,201 - PANGURAGAN,007 - LEMAHTAMBA,000100 - RT 001 RW 001,ELIYAH,raharjoiqbal8@gmail.com,+62 877-1451-4508,MASRUDIN,mmasrudingujeg@gmail.com,+62 813-1246-3109
3209,201 - PANGURAGAN,007 - LEMAHTAMBA,000500 - RT 005 RW 003,GUNAWAN,gungunawan067@gmail.com,+62 853-1436-4699,KHUMAIDI AVVIN,khavvien@gmail.com,+62 821-2111-1334
3209,201 - PANGURAGAN,007 - LEMAHTAMBA,000600 - RT 006 RW 003,GUNAWAN,gungunawan067@gmail.com,+62 853-1436-4699,KHUMAIDI AVVIN,khavvien@gmail.com,+62 821-2111-1334
3209,201 - PANGURAGAN,007 - LEMAHTAMBA,000700 - RT 007 RW 004,GUNAWAN,gungunawan067@gmail.com,+62 853-1436-4699,KHUMAIDI AVVIN,khavvien@gmail.com,+62 821-2111-1334
3209,201 - PANGURAGAN,007 - LEMAHTAMBA,000800 - RT 008 RW 004,GUNAWAN,gungunawan067@gmail.com,+62 853-1436-4699,KHUMAIDI AVVIN,khavvien@gmail.com,+62 821-2111-1334
3209,201 - PANGURAGAN,007 - LEMAHTAMBA,001100 - RT 011 RW 006,GUNAWAN,gungunawan067@gmail.com,+62 853-1436-4699,EKA SAPUTRA,ekasaputra110421@gmail.com,+62 895-8011-18065
3209,201 - PANGURAGAN,007 - LEMAHTAMBA,001300 - RT 013 RW 007,GUNAWAN,gungunawan067@gmail.com,+62 853-1436-4699,EKA SAPUTRA,ekasaputra110421@gmail.com,+62 895-8011-18065
3209,201 - PANGURAGAN,007 - LEMAHTAMBA,001400 - RT 014 RW 007,GUNAWAN,gungunawan067@gmail.com,+62 853-1436-4699,KHUMAIDI AVVIN,khavvien@gmail.com,+62 821-2111-1334
3209,201 - PANGURAGAN,007 - LEMAHTAMBA,001500 - RT 015 RW 008,GUNAWAN,gungunawan067@gmail.com,+62 853-1436-4699,EKA SAPUTRA,ekasaputra110421@gmail.com,+62 895-8011-18065
3209,201 - PANGURAGAN,007 - LEMAHTAMBA,001600 - RT 016 RW 008,GUNAWAN,gungunawan067@gmail.com,+62 853-1436-4699,EKA SAPUTRA,ekasaputra110421@gmail.com,+62 895-8011-18065
3209,201 - PANGURAGAN,007 - LEMAHTAMBA,001700 - RT 017 RW 009,GUNAWAN,gungunawan067@gmail.com,+62 853-1436-4699,EKA SAPUTRA,ekasaputra110421@gmail.com,+62 895-8011-18065
3209,201 - PANGURAGAN,007 - LEMAHTAMBA,001800 - RT 018 RW 009,GUNAWAN,gungunawan067@gmail.com,+62 853-1436-4699,EKA SAPUTRA,ekasaputra110421@gmail.com,+62 895-8011-18065
3209,201 - PANGURAGAN,007 - LEMAHTAMBA,001900 - RT 019 RW 010,GUNAWAN,gungunawan067@gmail.com,+62 853-1436-4699,EKA SAPUTRA,ekasaputra110421@gmail.com,+62 895-8011-18065
3209,201 - PANGURAGAN,007 - LEMAHTAMBA,002000 - RT 020 RW 010,GUNAWAN,gungunawan067@gmail.com,+62 853-1436-4699,EKA SAPUTRA,ekasaputra110421@gmail.com,+62 895-8011-18065
3209,201 - PANGURAGAN,007 - LEMAHTAMBA,100200 - SAWAH,GUNAWAN,gungunawan067@gmail.com,+62 853-1436-4699,EKA SAPUTRA,ekasaputra110421@gmail.com,+62 895-8011-18065
3209,201 - PANGURAGAN,008 - KARANGANYAR,000100 - RT 001 RW 001,AINUN NIHAYAH,nunuynihayah@gmail.com,+62 878-9199-9923,RUSMIN,rusminwadini@gmail.com,+62 821-2794-7890
3209,201 - PANGURAGAN,008 - KARANGANYAR,000300 - RT 003 RW 001,AINUN NIHAYAH,nunuynihayah@gmail.com,+62 878-9199-9923,PUTRI NABILAH,nabilahputri302004@gmail.com,+62 878-8576-5965
3209,201 - PANGURAGAN,008 - KARANGANYAR,000400 - RT 004 RW 001,AINUN NIHAYAH,nunuynihayah@gmail.com,+62 878-9199-9923,ABDUL KAFI,dulkafi095@gmail.com,+62 838-4386-1011
3209,201 - PANGURAGAN,008 - KARANGANYAR,000700 - RT 007 RW 001,AINUN NIHAYAH,nunuynihayah@gmail.com,+62 878-9199-9923,RUSMIN,rusminwadini@gmail.com,+62 821-2794-7890
3209,201 - PANGURAGAN,008 - KARANGANYAR,000900 - RT 009 RW 002,AINUN NIHAYAH,nunuynihayah@gmail.com,+62 878-9199-9923,RUSMIN,rusminwadini@gmail.com,+62 821-2794-7890
3209,201 - PANGURAGAN,008 - KARANGANYAR,001400 - RT 014 RW 002,AINUN NIHAYAH,nunuynihayah@gmail.com,+62 878-9199-9923,ABDUL KAFI,dulkafi095@gmail.com,+62 838-4386-1011
3209,201 - PANGURAGAN,008 - KARANGANYAR,100100 - SAWAH,AINUN NIHAYAH,nunuynihayah@gmail.com,+62 878-9199-9923,AINUN ZAKY,ainunzaky92@gmail.com,+62 838-7910-4962
3209,201 - PANGURAGAN,009 - KROYA,000100 - RT 001 RW 001,AINUN NIHAYAH,nunuynihayah@gmail.com,+62 878-9199-9923,RUSMIN,rusminwadini@gmail.com,+62 821-2794-7890
3209,201 - PANGURAGAN,009 - KROYA,100100 - SAWAH,AINUN NIHAYAH,nunuynihayah@gmail.com,+62 878-9199-9923,AINUN ZAKY,ainunzaky92@gmail.com,+62 838-7910-4962
3209,210 - CIWARINGIN,004 - CIWARINGIN,000100 - RT 001 RW 001 BLOK DESA,MOHAMMAD HUSEN MAARIF,puskesosciwaringin@gmail.com,+62 852-2437-2725,YUNIAR TRI WIDIASTUTI,yuniartriwidiastuti@gmail.com,+62 899-6406-448
3209,210 - CIWARINGIN,004 - CIWARINGIN,000300 - RT 003 RW 001 BLOK DESA,MOHAMMAD HUSEN MAARIF,puskesosciwaringin@gmail.com,+62 852-2437-2725,YUNIAR TRI WIDIASTUTI,yuniartriwidiastuti@gmail.com,+62 899-6406-448
3209,210 - CIWARINGIN,004 - CIWARINGIN,000800 - RT 003 RW 002 BLOK LEBAK,MOHAMMAD HUSEN MAARIF,puskesosciwaringin@gmail.com,+62 852-2437-2725,YOGGA FUJIANTO SANJAYA,yoggafuji@gmail.com,+62 858-7259-1462
3209,210 - CIWARINGIN,004 - CIWARINGIN,001000 - RT 005 RW 002 BLOK LEBAK,MOHAMMAD HUSEN MAARIF,puskesosciwaringin@gmail.com,+62 852-2437-2725,YOGGA FUJIANTO SANJAYA,yoggafuji@gmail.com,+62 858-7259-1462
3209,210 - CIWARINGIN,004 - CIWARINGIN,001300 - RT 003 RW 003 BLOK CIKARANTI,MOHAMMAD HUSEN MAARIF,puskesosciwaringin@gmail.com,+62 852-2437-2725,ALISIAH,aalisiah127@gmail.com,+62 838-6552-7599
3209,210 - CIWARINGIN,004 - CIWARINGIN,001400 - RT 004 RW 003 BLOK CIKARANTI,MOHAMMAD HUSEN MAARIF,puskesosciwaringin@gmail.com,+62 852-2437-2725,YUNIAR TRI WIDIASTUTI,yuniartriwidiastuti@gmail.com,+62 899-6406-448
3209,210 - CIWARINGIN,005 - BABAKAN,000300 - RT 001 RW 002 BLOK GONDANG MANIS,KIKI SARAH,kikisarah92@gmail.com,+62 895-2601-6571,MUHAMAD AKMAL IBRAHIM,akmalibrahim190102@gmail.com,+62 818-0346-1511
3209,210 - CIWARINGIN,005 - BABAKAN,000400 - RT 002 RW 002 BLOK GONDANG MANIS,KIKI SARAH,kikisarah92@gmail.com,+62 895-2601-6571,MUHAMAD AKMAL IBRAHIM,akmalibrahim190102@gmail.com,+62 818-0346-1511
3209,210 - CIWARINGIN,005 - BABAKAN,000500 - RT 001 RW 003 BLOK BARAT,KIKI SARAH,kikisarah92@gmail.com,+62 895-2601-6571,MUHAMAD AKMAL IBRAHIM,akmalibrahim190102@gmail.com,+62 818-0346-1511
3209,210 - CIWARINGIN,005 - BABAKAN,000600 - RT 002 RW 003 BLOK BARAT,KIKI SARAH,kikisarah92@gmail.com,+62 895-2601-6571,RAHMAWATI,rahmawati260799@gmail.com,+62 838-3717-1875
3209,210 - CIWARINGIN,005 - BABAKAN,000700 - RT 003 RW 003 BLOK BARAT,KIKI SARAH,kikisarah92@gmail.com,+62 895-2601-6571,RAHMAWATI,rahmawati260799@gmail.com,+62 838-3717-1875
3209,210 - CIWARINGIN,005 - BABAKAN,000800 - RT 001 RW 004 BLOK PESANTREN,KIKI SARAH,kikisarah92@gmail.com,+62 895-2601-6571,RAHMAWATI,rahmawati260799@gmail.com,+62 838-3717-1875
3209,210 - CIWARINGIN,005 - BABAKAN,001300 - RT 001 RW 006 BLOK UTARA,KIKI SARAH,kikisarah92@gmail.com,+62 895-2601-6571,WIDYA ASTUTI ,wiwidolshop1603@gmail.com,+62 831-2077-7411
3209,210 - CIWARINGIN,006 - BUDUR,000100 - RT 001 RW 001 DUSUN DUKU TENANG,KIKI SARAH,kikisarah92@gmail.com,+62 895-2601-6571,SRI HANDAYANI,joristajo04@gmail.com,+62 821-1656-0384
3209,210 - CIWARINGIN,006 - BUDUR,000300 - RT 003 RW 001 DUSUN DUKU TENANG,KIKI SARAH,kikisarah92@gmail.com,+62 895-2601-6571,SRI HANDAYANI,joristajo04@gmail.com,+62 821-1656-0384
3209,210 - CIWARINGIN,006 - BUDUR,000400 - RT 004 RW 001 DUSUN DUKU TENANG,KIKI SARAH,kikisarah92@gmail.com,+62 895-2601-6571,SRI HANDAYANI,joristajo04@gmail.com,+62 821-1656-0384
3209,210 - CIWARINGIN,006 - BUDUR,000800 - RT 001 RW 002 DUSUN BUDUR SURA,KIKI SARAH,kikisarah92@gmail.com,+62 895-2601-6571,UUN UNAIMAH ,naimahuun26@gmail.com,+62 812-1480-4638
3209,210 - CIWARINGIN,006 - BUDUR,001000 - RT 003 RW 002 DUSUN BUDUR SURA,KIKI SARAH,kikisarah92@gmail.com,+62 895-2601-6571,UUN UNAIMAH ,naimahuun26@gmail.com,+62 812-1480-4638
3209,210 - CIWARINGIN,006 - BUDUR,001700 - RT 003 RW 003 DUSUN KARANG WANGI,KIKI SARAH,kikisarah92@gmail.com,+62 895-2601-6571,MONIKA,monik13360@gmail.com,0
3209,210 - CIWARINGIN,006 - BUDUR,001800 - RT 004 RW 003 DUSUN KARANG WANGI,KIKI SARAH,kikisarah92@gmail.com,+62 895-2601-6571,MONIKA,monik13360@gmail.com,0
3209,210 - CIWARINGIN,006 - BUDUR,001900 - RT 005 RW 003 DUSUN KARANG WANGI,KIKI SARAH,kikisarah92@gmail.com,+62 895-2601-6571,UUN UNAIMAH ,naimahuun26@gmail.com,+62 812-1480-4638
3209,210 - CIWARINGIN,006 - BUDUR,003000 - RT 007 RW 002 DUSUN BUDUR SURA,KIKI SARAH,kikisarah92@gmail.com,+62 895-2601-6571,MONIKA,monik13360@gmail.com,0
3209,210 - CIWARINGIN,006 - BUDUR,100300 - SAWAH,KIKI SARAH,kikisarah92@gmail.com,+62 895-2601-6571,MUHAMMAD JOHAN,jangiilang@gmail.com,+62 852-9488-2411
3209,210 - CIWARINGIN,006 - BUDUR,100500 - SAWAH,KIKI SARAH,kikisarah92@gmail.com,+62 895-2601-6571,MUHAMMAD JOHAN,jangiilang@gmail.com,+62 852-9488-2411
3209,210 - CIWARINGIN,007 - GINTUNGRANJENG,000300 - RT 003 RW 002 BLOK 1 PESANTREN,MOHAMMAD HUSEN MAARIF,puskesosciwaringin@gmail.com,+62 852-2437-2725,DIKI HIDAYAT ,merabro12@gmail.com,+62 895-3507-75747
3209,210 - CIWARINGIN,007 - GINTUNGRANJENG,000501 - RT 005 RW 003 BLOK 2 RANJENG,MOHAMMAD HUSEN MAARIF,puskesosciwaringin@gmail.com,+62 852-2437-2725,ADE NOVIYANTO,adenoviyanto110889@gmail.com,+62 881-0231-00000
3209,210 - CIWARINGIN,007 - GINTUNGRANJENG,000502 - RT 005 RW 003 BLOK 2 RANJENG,MOHAMMAD HUSEN MAARIF,puskesosciwaringin@gmail.com,+62 852-2437-2725,ADE NOVIYANTO,adenoviyanto110889@gmail.com,+62 881-0231-00000
3209,210 - CIWARINGIN,007 - GINTUNGRANJENG,000700 - RT 007 RW 004 BLOK 3 MAKAM TALAM,MOHAMMAD HUSEN MAARIF,puskesosciwaringin@gmail.com,+62 852-2437-2725,ADE NOVIYANTO,adenoviyanto110889@gmail.com,+62 881-0231-00000
3209,210 - CIWARINGIN,007 - GINTUNGRANJENG,001000 - RT 010 RW 005 BLOK SI GELAP,MOHAMMAD HUSEN MAARIF,puskesosciwaringin@gmail.com,+62 852-2437-2725,ROSYATI,rosyati327@gmail.com,+62 882-0029-85887
3209,210 - CIWARINGIN,007 - GINTUNGRANJENG,001100 - RT 011 RW 006 BLOK 3 JALAN LORI,MOHAMMAD HUSEN MAARIF,puskesosciwaringin@gmail.com,+62 852-2437-2725,ROSYATI,rosyati327@gmail.com,+62 882-0029-85887
3209,210 - CIWARINGIN,007 - GINTUNGRANJENG,100200 - SAWAH BENGKOK BLOK RANJENG,MOHAMMAD HUSEN MAARIF,puskesosciwaringin@gmail.com,+62 852-2437-2725,ADE NOVIYANTO,adenoviyanto110889@gmail.com,+62 881-0231-00000
3209,210 - CIWARINGIN,008 - GINTUNG KIDUL,000100 - RT 01 RW 01 BLOK TENGAH,IKHA SHOLIHAH,ikhasholihah77@gmail.com,+62 085-2942-22723,KAENI,mamahkendi2@gmail.com,+62 896-5400-0006
3209,210 - CIWARINGIN,008 - GINTUNG KIDUL,001400 - RT 14 RW 05 BLOK MASJID,IKHA SHOLIHAH,ikhasholihah77@gmail.com,+62 085-2942-22723,ABDUL GONI,bankdjoni29@gmail.com,0
3209,210 - CIWARINGIN,008 - GINTUNG KIDUL,001500 - RT 15 RW 01 BLOK LAPANGAN BOLA,IKHA SHOLIHAH,ikhasholihah77@gmail.com,+62 085-2942-22723,KAENI,mamahkendi2@gmail.com,+62 896-5400-0006
3209,210 - CIWARINGIN,008 - GINTUNG KIDUL,001600 - RT 16 RW 06 BLOK KARANG NYONGAT,IKHA SHOLIHAH,ikhasholihah77@gmail.com,+62 085-2942-22723,ABDUL GONI,bankdjoni29@gmail.com,0
3209,210 - CIWARINGIN,008 - GINTUNG KIDUL,001700 - RT 17 RW 06 BLOK KARANG NYONGAT,IKHA SHOLIHAH,ikhasholihah77@gmail.com,+62 085-2942-22723,KAENI,mamahkendi2@gmail.com,+62 896-5400-0006
3209,210 - CIWARINGIN,008 - GINTUNG KIDUL,001900 - RT 19 RW 07 BLOK KARANG NYONGAT,IKHA SHOLIHAH,ikhasholihah77@gmail.com,+62 085-2942-22723,ABDUL GONI,bankdjoni29@gmail.com,0
3209,210 - CIWARINGIN,008 - GINTUNG KIDUL,002000 - RT 20 RW 07 BLOK KARANG NYONGAT,IKHA SHOLIHAH,ikhasholihah77@gmail.com,+62 085-2942-22723,IKHSAN,ikhsanbaik70@gmail.com,+62 895-1935-3080
3209,210 - CIWARINGIN,008 - GINTUNG KIDUL,002100 - RT 21 RW 07 BLOK KARANG NYONGAT,IKHA SHOLIHAH,ikhasholihah77@gmail.com,+62 085-2942-22723,KAENI,mamahkendi2@gmail.com,+62 896-5400-0006
3209,210 - CIWARINGIN,008 - GINTUNG KIDUL,002200 - RT 22 RW 07 BLOK KARANG BARU,IKHA SHOLIHAH,ikhasholihah77@gmail.com,+62 085-2942-22723,IKHSAN,ikhsanbaik70@gmail.com,+62 895-1935-3080
3209,210 - CIWARINGIN,009 - GINTUNG TENGAH,000100 - RT 001 RW 001 DUSUN 1,IKHA SHOLIHAH,ikhasholihah77@gmail.com,+62 085-2942-22723,DIMAS GALANG SYAPUTRA,dimasgalangsyaputra26@gmail.com,+62 831-2109-9996
3209,210 - CIWARINGIN,009 - GINTUNG TENGAH,000800 - RT 002 RW 003 DUSUN 4,IKHA SHOLIHAH,ikhasholihah77@gmail.com,+62 085-2942-22723,NURSAODAH,nursaodah98@gmail.com,+62 877-7355-5008
3209,210 - CIWARINGIN,009 - GINTUNG TENGAH,000900 - RT 003 RW 003 DUSUN 3,IKHA SHOLIHAH,ikhasholihah77@gmail.com,+62 085-2942-22723,NURSAODAH,nursaodah98@gmail.com,+62 877-7355-5008
3209,210 - CIWARINGIN,009 - GINTUNG TENGAH,100100 - SAWAH POLO,IKHA SHOLIHAH,ikhasholihah77@gmail.com,+62 085-2942-22723,NURSAODAH,nursaodah98@gmail.com,+62 877-7355-5008
3209,210 - CIWARINGIN,009 - GINTUNG TENGAH,100200 - SAWAH,IKHA SHOLIHAH,ikhasholihah77@gmail.com,+62 085-2942-22723,NURSAODAH,nursaodah98@gmail.com,+62 877-7355-5008
3209,210 - CIWARINGIN,010 - BRINGIN,000300 - RT 003 RW 001 BLOK 1,MUHAMMAD YUSUF JALLA SAPUTRA,yusufvanoza76@gmail.com,+62 823-2025-5355,RAHMA INDRIYANI,rahmaindriyani9@gmail.com,+62 896-1508-8347
3209,210 - CIWARINGIN,010 - BRINGIN,000700 - RT 001 RW 002 BLOK 2,MUHAMMAD YUSUF JALLA SAPUTRA,yusufvanoza76@gmail.com,+62 823-2025-5355,ADE SUMARTO,sumartoade9@gmail.com,0
3209,210 - CIWARINGIN,010 - BRINGIN,000800 - RT 002 RW 002 BLOK 2,MUHAMMAD YUSUF JALLA SAPUTRA,yusufvanoza76@gmail.com,+62 823-2025-5355,ADE SUMARTO,sumartoade9@gmail.com,0
3209,210 - CIWARINGIN,010 - BRINGIN,001000 - RT 004 RW 002 BLOK 2,MOHAMMAD HUSEN MAARIF,puskesosciwaringin@gmail.com,+62 852-2437-2725,DIKI HIDAYAT ,merabro12@gmail.com,+62 895-3507-75747
3209,210 - CIWARINGIN,010 - BRINGIN,001100 - RT 005 RW 002 BLOK 2,MUHAMMAD YUSUF JALLA SAPUTRA,yusufvanoza76@gmail.com,+62 823-2025-5355,ADE SUMARTO,sumartoade9@gmail.com,0
3209,210 - CIWARINGIN,010 - BRINGIN,001200 - RT 001 RW 003 BLOK 3,MUHAMMAD YUSUF JALLA SAPUTRA,yusufvanoza76@gmail.com,+62 823-2025-5355,ADE SUMARTO,sumartoade9@gmail.com,0
3209,210 - CIWARINGIN,010 - BRINGIN,001500 - RT 004 RW 003 BLOK 3,MUHAMMAD YUSUF JALLA SAPUTRA,yusufvanoza76@gmail.com,+62 823-2025-5355,EKA NUR NINGSIH,ekanurningsih299@gmail.com,+62 838-2292-0492
3209,210 - CIWARINGIN,010 - BRINGIN,001600 - RT 005 RW 003 BLOK 3,MUHAMMAD YUSUF JALLA SAPUTRA,yusufvanoza76@gmail.com,+62 823-2025-5355,EKA NUR NINGSIH,ekanurningsih299@gmail.com,+62 838-2292-0492
3209,210 - CIWARINGIN,010 - BRINGIN,001900 - RT 002 RW 004 BLOK 4,MUHAMMAD YUSUF JALLA SAPUTRA,yusufvanoza76@gmail.com,+62 823-2025-5355,EKA NUR NINGSIH,ekanurningsih299@gmail.com,+62 838-2292-0492
3209,210 - CIWARINGIN,010 - BRINGIN,002000 - RT 003 RW 004 BLOK 4,MUHAMMAD YUSUF JALLA SAPUTRA,yusufvanoza76@gmail.com,+62 823-2025-5355,EKA NUR NINGSIH,ekanurningsih299@gmail.com,+62 838-2292-0492
3209,210 - CIWARINGIN,011 - GALAGAMBA,000500 - RT 005 RW 003 BLOK 2,MUHAMMAD YUSUF JALLA SAPUTRA,yusufvanoza76@gmail.com,+62 823-2025-5355,NUR AGHNI RANGGA NATA,rangganatanuraghni@gmail.com,+62 831-2218-8000
3209,210 - CIWARINGIN,011 - GALAGAMBA,001000 - RT 010 RW 005 BLOK 3,IKHA SHOLIHAH,ikhasholihah77@gmail.com,+62 085-2942-22723,ASEP SADULLAH,asep280390@gmail.com,+62 831-2009-1116
3209,210 - CIWARINGIN,011 - GALAGAMBA,001500 - RT 015 RW 008 BLOK 4,MUHAMMAD YUSUF JALLA SAPUTRA,yusufvanoza76@gmail.com,+62 823-2025-5355,NISA NUR SEPTIYASARI,septiyasari26@gmail.com,+62 831-0850-2546
3209,210 - CIWARINGIN,011 - GALAGAMBA,001801 - RT 018 RW 009 BLOK 5,MUHAMMAD YUSUF JALLA SAPUTRA,yusufvanoza76@gmail.com,+62 823-2025-5355,NISA NUR SEPTIYASARI,septiyasari26@gmail.com,+62 831-0850-2546
3209,210 - CIWARINGIN,011 - GALAGAMBA,100200 - SAWAH BLOK SUMUR WASIAT,MUHAMMAD YUSUF JALLA SAPUTRA,yusufvanoza76@gmail.com,+62 823-2025-5355,NUR AGHNI RANGGA NATA,rangganatanuraghni@gmail.com,+62 831-2218-8000
3209,210 - CIWARINGIN,011 - GALAGAMBA,100300 - SAWAH BLOK BAHUJAN,MUHAMMAD YUSUF JALLA SAPUTRA,yusufvanoza76@gmail.com,+62 823-2025-5355,NUR AGHNI RANGGA NATA,rangganatanuraghni@gmail.com,+62 831-2218-8000
3209,211 - GEMPOL,001 - CUPANG,000900 - RT 009 RW 003 DUSUN 02,EMON SULAEMAN,emonsulaeman346@gmail.com,+62 822-1752-7456,MIMIN MINARTI,pemdescupang31@gmail.com,+62 838-2411-9599
3209,211 - GEMPOL,001 - CUPANG,001300 - RT 013 RW 004 DUSUN 03,EMON SULAEMAN,emonsulaeman346@gmail.com,+62 822-1752-7456,MIMIN MINARTI,pemdescupang31@gmail.com,+62 838-2411-9599
3209,211 - GEMPOL,001 - CUPANG,001600 - RT 016 RW 005 DUSUN 04,EMON SULAEMAN,emonsulaeman346@gmail.com,+62 822-1752-7456,MUHAMMAD RIFAI SULAEMAN,sulaemanrifai61@gmail.com,+62 859-1096-98261
3209,211 - GEMPOL,001 - CUPANG,001700 - RT 017 RW 005 DUSUN 04,EMON SULAEMAN,emonsulaeman346@gmail.com,+62 822-1752-7456,MUHAMMAD RIFAI SULAEMAN,sulaemanrifai61@gmail.com,+62 859-1096-98261
3209,211 - GEMPOL,001 - CUPANG,001800 - RT 018 RW 006 DUSUN 04,EMON SULAEMAN,emonsulaeman346@gmail.com,+62 822-1752-7456,MUHAMMAD RIFAI SULAEMAN,sulaemanrifai61@gmail.com,+62 859-1096-98261
3209,211 - GEMPOL,001 - CUPANG,001900 - RT 019 RW 006 DUSUN 04,EMON SULAEMAN,emonsulaeman346@gmail.com,+62 822-1752-7456,MUHAMMAD RIFAI SULAEMAN,sulaemanrifai61@gmail.com,+62 859-1096-98261
3209,211 - GEMPOL,001 - CUPANG,100200 - LADANG,EMON SULAEMAN,emonsulaeman346@gmail.com,+62 822-1752-7456,MUHAMMAD RIFAI SULAEMAN,sulaemanrifai61@gmail.com,+62 859-1096-98261
3209,211 - GEMPOL,002 - CIKEUSAL,001500 - RT 006 RW 003 DUSUN II,ABDUL GONI,alkahfighoni@gmail.com,+62 853-2446-4358,HANDYKA,handykadyka68@gmail.com,+62 821-3014-3204
3209,211 - GEMPOL,002 - CIKEUSAL,200100 - HUTAN,ABDUL GONI,alkahfighoni@gmail.com,+62 853-2446-4358,HANDYKA,handykadyka68@gmail.com,+62 821-3014-3204
3209,211 - GEMPOL,003 - WALAHAR,000200 - RT 002 RW 001,EMON SULAEMAN,emonsulaeman346@gmail.com,+62 822-1752-7456,MIMIN MINARTI,pemdescupang31@gmail.com,+62 838-2411-9599
3209,211 - GEMPOL,003 - WALAHAR,000700 - RT 001 RW 003,EMON SULAEMAN,emonsulaeman346@gmail.com,+62 822-1752-7456,MIMIN MINARTI,pemdescupang31@gmail.com,+62 838-2411-9599
3209,211 - GEMPOL,003 - WALAHAR,001300 - RT 003 RW 004,EMON SULAEMAN,emonsulaeman346@gmail.com,+62 822-1752-7456,PARDI,pbae7129@gmail.com,+62 831-2035-4971
3209,211 - GEMPOL,003 - WALAHAR,100200 - LADANG,EMON SULAEMAN,emonsulaeman346@gmail.com,+62 822-1752-7456,PARDI,pbae7129@gmail.com,+62 831-2035-4971
3209,211 - GEMPOL,004 - PALIMANAN BARAT,000500 - RT 005 RW 002 DUSUN I,GALLANG HERDIYAN BAGAS LANANG,galanghbl014@gmail.com,+62 821-1712-701,NUR AROFAH,nurarofah94@gmail.com,+62 896-3037-6060
3209,211 - GEMPOL,004 - PALIMANAN BARAT,000700 - RT 007 RW 002 DUSUN I,GALLANG HERDIYAN BAGAS LANANG,galanghbl014@gmail.com,+62 821-1712-701,NUR AROFAH,nurarofah94@gmail.com,+62 896-3037-6060
3209,211 - GEMPOL,004 - PALIMANAN BARAT,001900 - RT 019 RW 005 DUSUN II,GALLANG HERDIYAN BAGAS LANANG,galanghbl014@gmail.com,+62 821-1712-701,SILVIANA ,silvianaevi89@gmail.com,+62 896-6057-5678
3209,211 - GEMPOL,004 - PALIMANAN BARAT,003200 - RT 032 RW 008 DUSUN II,GALLANG HERDIYAN BAGAS LANANG,galanghbl014@gmail.com,+62 821-1712-701,IZZATI KHOIRUNNISA ,rizquna1975@gmail.com,+62 823-1972-4495
3209,211 - GEMPOL,004 - PALIMANAN BARAT,003300 - RT 033 RW 009 DUSUN III,GALLANG HERDIYAN BAGAS LANANG,galanghbl014@gmail.com,+62 821-1712-701,IZZATI KHOIRUNNISA ,rizquna1975@gmail.com,+62 823-1972-4495
3209,211 - GEMPOL,004 - PALIMANAN BARAT,003500 - RT 035 RW 009 DUSUN III,GALLANG HERDIYAN BAGAS LANANG,galanghbl014@gmail.com,+62 821-1712-701,IZZATI KHOIRUNNISA ,rizquna1975@gmail.com,+62 823-1972-4495
3209,211 - GEMPOL,004 - PALIMANAN BARAT,004600 - RT 046 RW 011 DUSUN III,GALLANG HERDIYAN BAGAS LANANG,galanghbl014@gmail.com,+62 821-1712-701,SYAEFUL KHAYAT,asepekha28@gmail.com,+62 823-1888-0180
3209,211 - GEMPOL,004 - PALIMANAN BARAT,005000 - RT 050 RW 013 DUSUN V,GALLANG HERDIYAN BAGAS LANANG,galanghbl014@gmail.com,+62 821-1712-701,LABIB DAROJAT,bilalallabib11@gmail.com,0
3209,211 - GEMPOL,004 - PALIMANAN BARAT,005700 - RT 057 RW 015 DUSUN V,GALLANG HERDIYAN BAGAS LANANG,galanghbl014@gmail.com,+62 821-1712-701,HISYAM MA'ARIF,hisyammaarif11@gmail.com,+62 821-2923-1217
3209,211 - GEMPOL,004 - PALIMANAN BARAT,005800 - RT 058 RW 015 DUSUN V,GALLANG HERDIYAN BAGAS LANANG,galanghbl014@gmail.com,+62 821-1712-701,HISYAM MA'ARIF,hisyammaarif11@gmail.com,+62 821-2923-1217
3209,211 - GEMPOL,004 - PALIMANAN BARAT,500100 - KAWASAN TERBANGUN BUKAN PEMUKIMAN,GALLANG HERDIYAN BAGAS LANANG,galanghbl014@gmail.com,+62 821-1712-701,HISYAM MA'ARIF,hisyammaarif11@gmail.com,+62 821-2923-1217
3209,211 - GEMPOL,005 - GEMPOL,000100 - RT 001 RW 001,IWAN GUNAWAN,iigemez@yahoo.co.id,+62 895-6166-53999,WIDANTO,widiyanto9220453@gmail.com,+62 821-1535-3743
3209,211 - GEMPOL,005 - GEMPOL,000200 - RT 002 RW 001,IWAN GUNAWAN,iigemez@yahoo.co.id,+62 895-6166-53999,WIDANTO,widiyanto9220453@gmail.com,+62 821-1535-3743
3209,211 - GEMPOL,005 - GEMPOL,000300 - RT 003 RW 001,IWAN GUNAWAN,iigemez@yahoo.co.id,+62 895-6166-53999,WIDANTO,widiyanto9220453@gmail.com,+62 821-1535-3743
3209,211 - GEMPOL,005 - GEMPOL,000400 - RT 004 RW 001,IWAN GUNAWAN,iigemez@yahoo.co.id,+62 895-6166-53999,WIDANTO,widiyanto9220453@gmail.com,+62 821-1535-3743
3209,211 - GEMPOL,005 - GEMPOL,000500 - RT 001 RW 002,IWAN GUNAWAN,iigemez@yahoo.co.id,+62 895-6166-53999,WIDANTO,widiyanto9220453@gmail.com,+62 821-1535-3743
3209,211 - GEMPOL,005 - GEMPOL,000600 - RT 002 RW 002,IWAN GUNAWAN,iigemez@yahoo.co.id,+62 895-6166-53999,WIDANTO,widiyanto9220453@gmail.com,+62 821-1535-3743
3209,211 - GEMPOL,005 - GEMPOL,000700 - RT 003 RW 002,IWAN GUNAWAN,iigemez@yahoo.co.id,+62 895-6166-53999,WIDANTO,widiyanto9220453@gmail.com,+62 821-1535-3743
3209,211 - GEMPOL,005 - GEMPOL,000800 - RT 004 RW 002,IWAN GUNAWAN,iigemez@yahoo.co.id,+62 895-6166-53999,WIDANTO,widiyanto9220453@gmail.com,+62 821-1535-3743
3209,211 - GEMPOL,005 - GEMPOL,000900 - RT 001 RW 003,IWAN GUNAWAN,iigemez@yahoo.co.id,+62 895-6166-53999,WIDANTO,widiyanto9220453@gmail.com,+62 821-1535-3743
3209,211 - GEMPOL,005 - GEMPOL,001000 - RT 002 RW 003,IWAN GUNAWAN,iigemez@yahoo.co.id,+62 895-6166-53999,TUTIAH,tutiah41@gmail.com,+62 881-0238-58854
3209,211 - GEMPOL,005 - GEMPOL,001100 - RT 003 RW 003,IWAN GUNAWAN,iigemez@yahoo.co.id,+62 895-6166-53999,TUTIAH,tutiah41@gmail.com,+62 881-0238-58854
3209,211 - GEMPOL,005 - GEMPOL,001200 - RT 001 RW 004,IWAN GUNAWAN,iigemez@yahoo.co.id,+62 895-6166-53999,TUTIAH,tutiah41@gmail.com,+62 881-0238-58854
3209,211 - GEMPOL,005 - GEMPOL,001300 - RT 002 RW 004,IWAN GUNAWAN,iigemez@yahoo.co.id,+62 895-6166-53999,TUTIAH,tutiah41@gmail.com,+62 881-0238-58854
3209,211 - GEMPOL,005 - GEMPOL,001400 - RT 003 RW 004,IWAN GUNAWAN,iigemez@yahoo.co.id,+62 895-6166-53999,TUTIAH,tutiah41@gmail.com,+62 881-0238-58854
3209,211 - GEMPOL,005 - GEMPOL,001500 - RT 004 RW 004,IWAN GUNAWAN,iigemez@yahoo.co.id,+62 895-6166-53999,TUTIAH,tutiah41@gmail.com,+62 881-0238-58854
3209,211 - GEMPOL,006 - KEDUNGBUNDER,000100 - RT 001 RW 001,IWAN GUNAWAN,iigemez@yahoo.co.id,+62 895-6166-53999,DIMAN,kesrakedungbunder@gmail.com,+62 713-3156-7772
3209,211 - GEMPOL,006 - KEDUNGBUNDER,000200 - RT 002 RW 001,IWAN GUNAWAN,iigemez@yahoo.co.id,+62 895-6166-53999,DIMAN,kesrakedungbunder@gmail.com,+62 713-3156-7772
3209,211 - GEMPOL,006 - KEDUNGBUNDER,000300 - RT 003 RW 001,IWAN GUNAWAN,iigemez@yahoo.co.id,+62 895-6166-53999,DIMAN,kesrakedungbunder@gmail.com,+62 713-3156-7772
3209,211 - GEMPOL,006 - KEDUNGBUNDER,000500 - RT 001 RW 002,IWAN GUNAWAN,iigemez@yahoo.co.id,+62 895-6166-53999,KORIAH,putrikoriah3@gmail.com,+62 831-0215-6195_
3209,211 - GEMPOL,006 - KEDUNGBUNDER,000600 - RT 002 RW 002,IWAN GUNAWAN,iigemez@yahoo.co.id,+62 895-6166-53999,KORIAH,putrikoriah3@gmail.com,+62 831-0215-6195_
3209,211 - GEMPOL,006 - KEDUNGBUNDER,000700 - RT 001 RW 003,IWAN GUNAWAN,iigemez@yahoo.co.id,+62 895-6166-53999,KORIAH,putrikoriah3@gmail.com,+62 831-0215-6195_
3209,211 - GEMPOL,006 - KEDUNGBUNDER,000800 - RT 002 RW 003,IWAN GUNAWAN,iigemez@yahoo.co.id,+62 895-6166-53999,KORIAH,putrikoriah3@gmail.com,+62 831-0215-6195_
3209,211 - GEMPOL,006 - KEDUNGBUNDER,000900 - RT 001 RW 004,IWAN GUNAWAN,iigemez@yahoo.co.id,+62 895-6166-53999,KORIAH,putrikoriah3@gmail.com,+62 831-0215-6195_
3209,211 - GEMPOL,006 - KEDUNGBUNDER,001300 - RT 002 RW 005,IWAN GUNAWAN,iigemez@yahoo.co.id,+62 895-6166-53999,MUHAMAD ROMLI,muhamadromli1271@gmail.com,0
3209,211 - GEMPOL,006 - KEDUNGBUNDER,001400 - RT 003 RW 005,IWAN GUNAWAN,iigemez@yahoo.co.id,+62 895-6166-53999,MUHAMAD ROMLI,muhamadromli1271@gmail.com,0
3209,211 - GEMPOL,006 - KEDUNGBUNDER,001500 - RT 004 RW 005,IWAN GUNAWAN,iigemez@yahoo.co.id,+62 895-6166-53999,MUHAMAD ROMLI,muhamadromli1271@gmail.com,0
3209,211 - GEMPOL,006 - KEDUNGBUNDER,001600 - RT 001 RW 006,IWAN GUNAWAN,iigemez@yahoo.co.id,+62 895-6166-53999,MUHAMAD ROMLI,muhamadromli1271@gmail.com,0
3209,211 - GEMPOL,006 - KEDUNGBUNDER,001700 - RT 002 RW 006,IWAN GUNAWAN,iigemez@yahoo.co.id,+62 895-6166-53999,MALA HUDZAIFAH,malahud27@gmail.com,+62 818-0885-9637
3209,211 - GEMPOL,006 - KEDUNGBUNDER,002000 - RT 001 RW 007,IWAN GUNAWAN,iigemez@yahoo.co.id,+62 895-6166-53999,MALA HUDZAIFAH,malahud27@gmail.com,+62 818-0885-9637
3209,211 - GEMPOL,006 - KEDUNGBUNDER,100100 - SAWAH,IWAN GUNAWAN,iigemez@yahoo.co.id,+62 895-6166-53999,MUHAMAD ROMLI,muhamadromli1271@gmail.com,0
3209,211 - GEMPOL,007 - KEMPEK,000200 - RT 002 RW 001 DUSUN 001,EMON SULAEMAN,emonsulaeman346@gmail.com,+62 822-1752-7456,YUNI WAHYUNI,denisyun123@gmail.com,0
3209,211 - GEMPOL,007 - KEMPEK,000300 - RT 003 RW 001 DUSUN 001,EMON SULAEMAN,emonsulaeman346@gmail.com,+62 822-1752-7456,YUNI WAHYUNI,denisyun123@gmail.com,0
3209,211 - GEMPOL,007 - KEMPEK,000400 - RT 004 RW 001 DUSUN 001,EMON SULAEMAN,emonsulaeman346@gmail.com,+62 822-1752-7456,YUNI WAHYUNI,denisyun123@gmail.com,0
3209,211 - GEMPOL,007 - KEMPEK,000600 - RT 002 RW 002 DUSUN 001,EMON SULAEMAN,emonsulaeman346@gmail.com,+62 822-1752-7456,YUNI WAHYUNI,denisyun123@gmail.com,0
3209,211 - GEMPOL,007 - KEMPEK,000700 - RT 003 RW 002 DUSUN 001,EMON SULAEMAN,emonsulaeman346@gmail.com,+62 822-1752-7456,YUNI WAHYUNI,denisyun123@gmail.com,0
3209,211 - GEMPOL,007 - KEMPEK,000900 - RT 001 RW 003 DUSUN 002,EMON SULAEMAN,emonsulaeman346@gmail.com,+62 822-1752-7456,YUNI WAHYUNI,denisyun123@gmail.com,0
3209,211 - GEMPOL,007 - KEMPEK,001000 - RT 002 RW 003 DUSUN 002,EMON SULAEMAN,emonsulaeman346@gmail.com,+62 822-1752-7456,MUJAHIDIN,findafindasari@gmail.com,+62 853-2221-1241
3209,211 - GEMPOL,007 - KEMPEK,001100 - RT 003 RW 003 DUSUN 002,EMON SULAEMAN,emonsulaeman346@gmail.com,+62 822-1752-7456,MUJAHIDIN,findafindasari@gmail.com,+62 853-2221-1241
3209,211 - GEMPOL,007 - KEMPEK,001200 - RT 004 RW 003 DUSUN 002,EMON SULAEMAN,emonsulaeman346@gmail.com,+62 822-1752-7456,MUJAHIDIN,findafindasari@gmail.com,+62 853-2221-1241
3209,211 - GEMPOL,007 - KEMPEK,001300 - RT 001 RW 004 DUSUN 004,EMON SULAEMAN,emonsulaeman346@gmail.com,+62 822-1752-7456,MUJAHIDIN,findafindasari@gmail.com,+62 853-2221-1241
3209,211 - GEMPOL,007 - KEMPEK,001400 - RT 002 RW 004 DUSUN 004,EMON SULAEMAN,emonsulaeman346@gmail.com,+62 822-1752-7456,MUJAHIDIN,findafindasari@gmail.com,+62 853-2221-1241
3209,211 - GEMPOL,007 - KEMPEK,001500 - RT 003 RW 004 DUSUN 004,EMON SULAEMAN,emonsulaeman346@gmail.com,+62 822-1752-7456,MUJAHIDIN,findafindasari@gmail.com,+62 853-2221-1241
3209,211 - GEMPOL,007 - KEMPEK,001700 - RT 001 RW 005 DUSUN 003,EMON SULAEMAN,emonsulaeman346@gmail.com,+62 822-1752-7456,MOHAMMAD HASBY AN'UMILLAH,hasbyaldybaron@gmail.com,+62 778-8015-110
3209,211 - GEMPOL,007 - KEMPEK,001800 - RT 002 RW 005 DUSUN 003,EMON SULAEMAN,emonsulaeman346@gmail.com,+62 822-1752-7456,MOHAMMAD HASBY AN'UMILLAH,hasbyaldybaron@gmail.com,+62 778-8015-110
3209,211 - GEMPOL,007 - KEMPEK,001900 - RT 001 RW 006 DUSUN 003,EMON SULAEMAN,emonsulaeman346@gmail.com,+62 822-1752-7456,MOHAMMAD HASBY AN'UMILLAH,hasbyaldybaron@gmail.com,+62 778-8015-110
3209,211 - GEMPOL,007 - KEMPEK,002200 - RT 002 RW 006,EMON SULAEMAN,emonsulaeman346@gmail.com,+62 822-1752-7456,MOHAMMAD HASBY AN'UMILLAH,hasbyaldybaron@gmail.com,+62 778-8015-110
3209,211 - GEMPOL,007 - KEMPEK,100100 - LAHAN PERTANIAN,EMON SULAEMAN,emonsulaeman346@gmail.com,+62 822-1752-7456,YUNI WAHYUNI,denisyun123@gmail.com,0
3209,211 - GEMPOL,008 - WINONG,000100 - RT 001 RW 001 DUSUN 1,ABDUL GONI,alkahfighoni@gmail.com,+62 853-2446-4358,MUCHAMMAD CHAMDAN,muchammadchamdan01@gmail.com,+62 821-3431-988
3209,211 - GEMPOL,008 - WINONG,000200 - RT 002 RW 001 DUSUN 1,ABDUL GONI,alkahfighoni@gmail.com,+62 853-2446-4358,MUCHAMMAD CHAMDAN,muchammadchamdan01@gmail.com,+62 821-3431-988
3209,211 - GEMPOL,008 - WINONG,000400 - RT 001 RW 002 DUSUN 2,ABDUL GONI,alkahfighoni@gmail.com,+62 853-2446-4358,MUCHAMMAD CHAMDAN,muchammadchamdan01@gmail.com,+62 821-3431-988
3209,211 - GEMPOL,008 - WINONG,000700 - RT 001 RW 003 DUSUN 3,ABDUL GONI,alkahfighoni@gmail.com,+62 853-2446-4358,YUSRON MUDOFAR,mudofaryusron32@gmail.com,+62 821-3001-9818
3209,211 - GEMPOL,008 - WINONG,001400 - RT 002 RW 005 DUSUN 5,ABDUL GONI,alkahfighoni@gmail.com,+62 853-2446-4358,SANDI PERMANA,srisunenti97@gmail.com,+62 896-4446-7455
3209,211 - GEMPOL,008 - WINONG,001600 - RT 001 RW 006 DUSUN 6,ABDUL GONI,alkahfighoni@gmail.com,+62 853-2446-4358,SITI MILLATUL MAULA MAHMUDA,usw92624@gmail.com,0
3209,211 - GEMPOL,008 - WINONG,001800 - RT 003 RW 006 DUSUN 6,ABDUL GONI,alkahfighoni@gmail.com,+62 853-2446-4358,SITI MILLATUL MAULA MAHMUDA,usw92624@gmail.com,0
3209,211 - GEMPOL,008 - WINONG,001900 - RT 001 RW 007 DUSUN 7,ABDUL GONI,alkahfighoni@gmail.com,+62 853-2446-4358,DIO SUDIARTO,sudiartodio2@gmail.com,+62 897-8175-670
3209,211 - GEMPOL,008 - WINONG,002000 - RT 002 RW 007 DUSUN 7,ABDUL GONI,alkahfighoni@gmail.com,+62 853-2446-4358,DIO SUDIARTO,sudiartodio2@gmail.com,+62 897-8175-670
3209,211 - GEMPOL,008 - WINONG,100100 - SAWAH,ABDUL GONI,alkahfighoni@gmail.com,+62 853-2446-4358,MUCHAMMAD CHAMDAN,muchammadchamdan01@gmail.com,+62 821-3431-988
3209,211 - GEMPOL,008 - WINONG,400900 - PEMUKIMAN BRIMOB,ABDUL GONI,alkahfighoni@gmail.com,+62 853-2446-4358,DIO SUDIARTO,sudiartodio2@gmail.com,+62 897-8175-670
3209,220 - SUSUKAN,001 - TANGKIL,000100 - RT 001 RW 001 DUSUN 01,DEDI SUDEDI,dedi.crbn1@gmail.com,+62 821-1812-2836,NURKHOLIS,kidsan6@gmail.com,+62 838-7343-7563
3209,220 - SUSUKAN,001 - TANGKIL,000400 - RT 004 RW 001 DUSUN 01,DEDI SUDEDI,dedi.crbn1@gmail.com,+62 821-1812-2836,NURKHOLIS,kidsan6@gmail.com,+62 838-7343-7563
3209,220 - SUSUKAN,001 - TANGKIL,000500 - RT 001 RW 002 DUSUN 02,DEDI SUDEDI,dedi.crbn1@gmail.com,+62 821-1812-2836,NURKHOLIS,kidsan6@gmail.com,+62 838-7343-7563
3209,220 - SUSUKAN,001 - TANGKIL,000600 - RT 002 RW 002 DUSUN 02,DEDI SUDEDI,dedi.crbn1@gmail.com,+62 821-1812-2836,NURKHOLIS,kidsan6@gmail.com,+62 838-7343-7563
3209,220 - SUSUKAN,001 - TANGKIL,000700 - RT 003 RW 002 DUSUN 02,DEDI SUDEDI,dedi.crbn1@gmail.com,+62 821-1812-2836,NURKHOLIS,kidsan6@gmail.com,+62 838-7343-7563
3209,220 - SUSUKAN,001 - TANGKIL,000800 - RT 004 RW 002 DUSUN 02,ROSALIA,rosarosalia49@gmail.com,0,SUNDI NURHANI PRIYATNA,pryatna.alfatih@gmail.com,0
3209,220 - SUSUKAN,001 - TANGKIL,001100 - RT 001 RW 003 DUSUN 03,ROSALIA,rosarosalia49@gmail.com,0,KHUNAENAH,kunaenah.y71@gmail.com,+62 838-6557-200
3209,220 - SUSUKAN,001 - TANGKIL,001200 - RT 002 RW 003 DUSUN 03,ROSALIA,rosarosalia49@gmail.com,0,KHUNAENAH,kunaenah.y71@gmail.com,+62 838-6557-200
3209,220 - SUSUKAN,001 - TANGKIL,001400 - RT 004 RW 003 DUSUN 03,ROSALIA,rosarosalia49@gmail.com,0,KHUNAENAH,kunaenah.y71@gmail.com,+62 838-6557-200
3209,220 - SUSUKAN,001 - TANGKIL,001500 - RT 001 RW 004 DUSUN 04,ROSALIA,rosarosalia49@gmail.com,0,KHUNAENAH,kunaenah.y71@gmail.com,+62 838-6557-200
3209,220 - SUSUKAN,001 - TANGKIL,001600 - RT 002 RW 004 DUSUN 04,ROSALIA,rosarosalia49@gmail.com,0,KHUNAENAH,kunaenah.y71@gmail.com,+62 838-6557-200
3209,220 - SUSUKAN,001 - TANGKIL,001900 - RT 001 RW 005 DUSUN 05,DEDI SUDEDI,dedi.crbn1@gmail.com,+62 821-1812-2836,SANUKI,sanuki84562@gmail.com,+62 831-0776-4459
3209,220 - SUSUKAN,001 - TANGKIL,002000 - RT 002 RW 005 DUSUN 05,DEDI SUDEDI,dedi.crbn1@gmail.com,+62 821-1812-2836,SANUKI,sanuki84562@gmail.com,+62 831-0776-4459
3209,220 - SUSUKAN,001 - TANGKIL,002100 - RT 003 RW 005 DUSUN 05,DEDI SUDEDI,dedi.crbn1@gmail.com,+62 821-1812-2836,SANUKI,sanuki84562@gmail.com,+62 831-0776-4459
3209,220 - SUSUKAN,001 - TANGKIL,002200 - RT 004 RW 005 DUSUN 05,DEDI SUDEDI,dedi.crbn1@gmail.com,+62 821-1812-2836,SANUKI,sanuki84562@gmail.com,+62 831-0776-4459
3209,220 - SUSUKAN,001 - TANGKIL,100100 - SAWAH 01,ROSALIA,rosarosalia49@gmail.com,0,KHUNAENAH,kunaenah.y71@gmail.com,+62 838-6557-200
3209,220 - SUSUKAN,002 - WIYONG,000100 - RT 001 RW 001 DUSUN 01,DEDI SUDEDI,dedi.crbn1@gmail.com,+62 821-1812-2836,SONO,sono.crb@gmail.com,+62 812-8682-1213
3209,220 - SUSUKAN,002 - WIYONG,000500 - RT 001 RW 002 DUSUN 02,DEDI SUDEDI,dedi.crbn1@gmail.com,+62 821-1812-2836,MELINA SARI,melinasari1809@gmail.com,+62 857-2273-2819
3209,220 - SUSUKAN,002 - WIYONG,001000 - RT 001 RW 003 DUSUN 03,DEDI SUDEDI,dedi.crbn1@gmail.com,+62 821-1812-2836,MELINA SARI,melinasari1809@gmail.com,+62 857-2273-2819
3209,220 - SUSUKAN,002 - WIYONG,001100 - RT 002 RW 003 DUSUN 03,DEDI SUDEDI,dedi.crbn1@gmail.com,+62 821-1812-2836,MELINA SARI,melinasari1809@gmail.com,+62 857-2273-2819
3209,220 - SUSUKAN,002 - WIYONG,001300 - RT 004 RW 003 DUSUN 03,DEDI SUDEDI,dedi.crbn1@gmail.com,+62 821-1812-2836,MELINA SARI,melinasari1809@gmail.com,+62 857-2273-2819
3209,220 - SUSUKAN,002 - WIYONG,001400 - RT 001 RW 004 DUSUN 04,DEDI SUDEDI,dedi.crbn1@gmail.com,+62 821-1812-2836,RODZOTUL JANNAH,jannahrodhlotul@gmail.com,+62 857-2106-0976
3209,220 - SUSUKAN,002 - WIYONG,001500 - RT 002 RW 004 DUSUN 04,DEDI SUDEDI,dedi.crbn1@gmail.com,+62 821-1812-2836,RODZOTUL JANNAH,jannahrodhlotul@gmail.com,+62 857-2106-0976
3209,220 - SUSUKAN,002 - WIYONG,001700 - RT 001 RW 005 DUSUN 05,DEDI SUDEDI,dedi.crbn1@gmail.com,+62 821-1812-2836,RODZOTUL JANNAH,jannahrodhlotul@gmail.com,+62 857-2106-0976
3209,220 - SUSUKAN,002 - WIYONG,001800 - RT 002 RW 005 DUSUN 05,DEDI SUDEDI,dedi.crbn1@gmail.com,+62 821-1812-2836,RODZOTUL JANNAH,jannahrodhlotul@gmail.com,+62 857-2106-0976
3209,220 - SUSUKAN,002 - WIYONG,002000 - RT 002 RW 006 DUSUN 06,ROSALIA,rosarosalia49@gmail.com,0,SASTRO RURONO,sastrorrono@gmail.com,+62 838-2400-0599
3209,220 - SUSUKAN,002 - WIYONG,100100 - SAWAH 01,ROSALIA,rosarosalia49@gmail.com,0,SASTRO RURONO,sastrorrono@gmail.com,+62 838-2400-0599
3209,220 - SUSUKAN,003 - KEDONGDONG,000200 - RT 002 RW 001 DUSUN 1,ROSALIA,rosarosalia49@gmail.com,0,KHUNAINI,badruzamankhunaini1@gmail.com,+62 838-2307-4415
3209,220 - SUSUKAN,003 - KEDONGDONG,000600 - RT 001 RW 002 DUSUN 1,SITI KHODIJAH FARIATUL'A,khodijahfa1@gmail.com,+62 895-3927-3626,WIN SUGANDI,winsugandi12@gmail.com,+62 896-0195-3473
3209,220 - SUSUKAN,003 - KEDONGDONG,000700 - RT 002 RW 002 DUSUN 1,SITI KHODIJAH FARIATUL'A,khodijahfa1@gmail.com,+62 895-3927-3626,WIN SUGANDI,winsugandi12@gmail.com,+62 896-0195-3473
3209,220 - SUSUKAN,003 - KEDONGDONG,000900 - RT 004 RW 002 DUSUN 1,SITI KHODIJAH FARIATUL'A,khodijahfa1@gmail.com,+62 895-3927-3626,WIN SUGANDI,winsugandi12@gmail.com,+62 896-0195-3473
3209,220 - SUSUKAN,003 - KEDONGDONG,001200 - RT 003 RW 003 DUSUN 2,SITI KHODIJAH FARIATUL'A,khodijahfa1@gmail.com,+62 895-3927-3626,WIN SUGANDI,winsugandi12@gmail.com,+62 896-0195-3473
3209,220 - SUSUKAN,003 - KEDONGDONG,001500 - RT 001 RW 004 DUSUN 2,ROSALIA,rosarosalia49@gmail.com,0,SUNDI NURHANI PRIYATNA,pryatna.alfatih@gmail.com,0
3209,220 - SUSUKAN,003 - KEDONGDONG,001600 - RT 002 RW 004 DUSUN 2,ROSALIA,rosarosalia49@gmail.com,0,SUNDI NURHANI PRIYATNA,pryatna.alfatih@gmail.com,0
3209,220 - SUSUKAN,003 - KEDONGDONG,001800 - RT 004 RW 004 DUSUN 2,ROSALIA,rosarosalia49@gmail.com,0,SUNDI NURHANI PRIYATNA,pryatna.alfatih@gmail.com,0
3209,220 - SUSUKAN,003 - KEDONGDONG,002100 - RT 002 RW 005 DUSUN 3,SITI KHODIJAH FARIATUL'A,khodijahfa1@gmail.com,+62 895-3927-3626,BAYU BAGUS TEGUH ANGGARA,bayubagusta8@gmail.com,0
3209,220 - SUSUKAN,003 - KEDONGDONG,002500 - RT 003 RW 006 DUSUN 3,SITI KHODIJAH FARIATUL'A,khodijahfa1@gmail.com,+62 895-3927-3626,BAYU BAGUS TEGUH ANGGARA,bayubagusta8@gmail.com,0
3209,220 - SUSUKAN,003 - KEDONGDONG,002900 - RT 004 RW 007 DUSUN 4,DEDI SUDEDI,dedi.crbn1@gmail.com,+62 821-1812-2836,YANTO,yantoairlangga9@gmail.com,0
3209,220 - SUSUKAN,003 - KEDONGDONG,100200 - SAWAH 02,ROSALIA,rosarosalia49@gmail.com,0,SASTRO RURONO,sastrorrono@gmail.com,+62 838-2400-0599
3209,220 - SUSUKAN,004 - GINTUNG LOR,000400 - RT 004 RW 001 DUSUN 01,DEDI SUDEDI,dedi.crbn1@gmail.com,+62 821-1812-2836,IBNU UBAIDILA,ibnu.ubaidillah91@gmail.com,0
3209,220 - SUSUKAN,004 - GINTUNG LOR,000900 - RT 002 RW 002 DUSUN 02,DEDI SUDEDI,dedi.crbn1@gmail.com,+62 821-1812-2836,IBNU UBAIDILA,ibnu.ubaidillah91@gmail.com,0
3209,220 - SUSUKAN,004 - GINTUNG LOR,001400 - RT 002 RW 003 DUSUN 03,SITI KHODIJAH FARIATUL'A,khodijahfa1@gmail.com,+62 895-3927-3626,FUTIHAT,futihat46@gmail.com,+62 896-8326-9918
3209,220 - SUSUKAN,004 - GINTUNG LOR,100300 - SAWAH,SITI KHODIJAH FARIATUL'A,khodijahfa1@gmail.com,+62 895-3927-3626,AQIMATUDDINNIYYAH,aqimatudd@gmail.com,+62 895-1580-0643
3209,220 - SUSUKAN,005 - BOJONG KULON,001200 - RT 012 RW 003 DUSUN 03,MUHAMMAD LUTFI,lutfie795@gmail.com,+62 821-2034-0218,M.ABD ROZAQ,andisofyandi0101@gmail.com,+62 082-3180-92098
3209,220 - SUSUKAN,005 - BOJONG KULON,001500 - RT 015 RW 003 DUSUN 03,MUHAMMAD LUTFI,lutfie795@gmail.com,+62 821-2034-0218,M.ABD ROZAQ,andisofyandi0101@gmail.com,+62 082-3180-92098
3209,220 - SUSUKAN,005 - BOJONG KULON,001800 - RT 018 RW 004 DUSUN 04,MUHAMMAD LUTFI,lutfie795@gmail.com,+62 821-2034-0218,KHALIMATUS SANGDIYAH,khalimatussangdiyah2@gmail.com,+62 857-0210-5658
3209,220 - SUSUKAN,005 - BOJONG KULON,001900 - RT 019 RW 004 DUSUN 04,MUHAMMAD LUTFI,lutfie795@gmail.com,+62 821-2034-0218,KHALIMATUS SANGDIYAH,khalimatussangdiyah2@gmail.com,+62 857-0210-5658
3209,220 - SUSUKAN,005 - BOJONG KULON,002000 - RT 020 RW 004 DUSUN 04,MUHAMMAD LUTFI,lutfie795@gmail.com,+62 821-2034-0218,RIYAN HAROFANTA ,riyanharofanta234@gmail.com,+62 813-1390-3630
3209,220 - SUSUKAN,005 - BOJONG KULON,002100 - RT 021 RW 005 DUSUN 05,MUHAMMAD LUTFI,lutfie795@gmail.com,+62 821-2034-0218,RIYAN HAROFANTA ,riyanharofanta234@gmail.com,+62 813-1390-3630
3209,220 - SUSUKAN,005 - BOJONG KULON,002200 - RT 022 RW 005 DUSUN 05,MUHAMMAD LUTFI,lutfie795@gmail.com,+62 821-2034-0218,RIYAN HAROFANTA ,riyanharofanta234@gmail.com,+62 813-1390-3630
3209,220 - SUSUKAN,005 - BOJONG KULON,002300 - RT 023 RW 005 DUSUN 05,MUHAMMAD LUTFI,lutfie795@gmail.com,+62 821-2034-0218,RIYAN HAROFANTA ,riyanharofanta234@gmail.com,+62 813-1390-3630
3209,220 - SUSUKAN,005 - BOJONG KULON,002400 - RT 024 RW 005 DUSUN 05,MUHAMMAD LUTFI,lutfie795@gmail.com,+62 821-2034-0218,RIYAN HAROFANTA ,riyanharofanta234@gmail.com,+62 813-1390-3630
3209,220 - SUSUKAN,005 - BOJONG KULON,002700 - RT 027 RW 006 DUSUN 06,MUHAMMAD LUTFI,lutfie795@gmail.com,+62 821-2034-0218,JENUDIN,jenudinmanchunian87@gmail.com,0
3209,220 - SUSUKAN,005 - BOJONG KULON,002900 - RT 029 RW 004 DUSUN 04,MUHAMMAD LUTFI,lutfie795@gmail.com,+62 821-2034-0218,FAUZAN RIFKI,rifkimilanisti10@gmail.com,+62 896-5352-0120
3209,220 - SUSUKAN,005 - BOJONG KULON,003002 - RT 030 RW 004 DUSUN 04,MUHAMMAD LUTFI,lutfie795@gmail.com,+62 821-2034-0218,FAUZAN RIFKI,rifkimilanisti10@gmail.com,+62 896-5352-0120
3209,220 - SUSUKAN,005 - BOJONG KULON,003101 - RT 031 RW 006 DUSUN 06,MUHAMMAD LUTFI,lutfie795@gmail.com,+62 821-2034-0218,FAUZAN RIFKI,rifkimilanisti10@gmail.com,+62 896-5352-0120
3209,220 - SUSUKAN,005 - BOJONG KULON,003200 - RT 032 RW 004 DUSUN 04,MUHAMMAD LUTFI,lutfie795@gmail.com,+62 821-2034-0218,RIYAN HAROFANTA ,riyanharofanta234@gmail.com,+62 813-1390-3630
3209,220 - SUSUKAN,005 - BOJONG KULON,100200 - SAWAH 01,MUHAMMAD LUTFI,lutfie795@gmail.com,+62 821-2034-0218,FAUZAN RIFKI,rifkimilanisti10@gmail.com,+62 896-5352-0120
3209,220 - SUSUKAN,005 - BOJONG KULON,100300 - SAWAH 02,MUHAMMAD LUTFI,lutfie795@gmail.com,+62 821-2034-0218,JENUDIN,jenudinmanchunian87@gmail.com,0
3209,220 - SUSUKAN,006 - KEJIWAN,000100 - RT 001 RW 001 DUSUN 01,ROSALIA,rosarosalia49@gmail.com,0,IRFA TUSSARIAH,irfatssrah@gmail.com,+62 897-8438-003
3209,220 - SUSUKAN,006 - KEJIWAN,000400 - RT 004 RW 001 DUSUN 01,ROSALIA,rosarosalia49@gmail.com,0,IRFA TUSSARIAH,irfatssrah@gmail.com,+62 897-8438-003
3209,220 - SUSUKAN,006 - KEJIWAN,000500 - RT 001 RW 002 DUSUN 01,ROSALIA,rosarosalia49@gmail.com,0,IRFA TUSSARIAH,irfatssrah@gmail.com,+62 897-8438-003
3209,220 - SUSUKAN,006 - KEJIWAN,000900 - RT 001 RW 003 DUSUN 02,ROSALIA,rosarosalia49@gmail.com,0,IRFA TUSSARIAH,irfatssrah@gmail.com,+62 897-8438-003
3209,220 - SUSUKAN,006 - KEJIWAN,001000 - RT 002 RW 003 DUSUN 02,ROSALIA,rosarosalia49@gmail.com,0,IRFA TUSSARIAH,irfatssrah@gmail.com,+62 897-8438-003
3209,220 - SUSUKAN,006 - KEJIWAN,001400 - RT 002 RW 004 DUSUN 02,ROSALIA,rosarosalia49@gmail.com,0,MUNAWAR,munawarjuned8@gmail.com,+62 881-0232-85305
3209,220 - SUSUKAN,006 - KEJIWAN,001600 - RT 004 RW 004 DUSUN 02,ROSALIA,rosarosalia49@gmail.com,0,MUNAWAR,munawarjuned8@gmail.com,+62 881-0232-85305
3209,220 - SUSUKAN,006 - KEJIWAN,003400 - RT 002 RW 009 DUSUN 05,SITI KHODIJAH FARIATUL'A,khodijahfa1@gmail.com,+62 895-3927-3626,ASMADI SAFAR,doas.dima@gmail.com,+62 896-0706-0207
3209,220 - SUSUKAN,006 - KEJIWAN,003500 - RT 003 RW 009 DUSUN 05,SITI KHODIJAH FARIATUL'A,khodijahfa1@gmail.com,+62 895-3927-3626,ASMADI SAFAR,doas.dima@gmail.com,+62 896-0706-0207
3209,220 - SUSUKAN,006 - KEJIWAN,003600 - RT 004 RW 009 DUSUN 05,SITI KHODIJAH FARIATUL'A,khodijahfa1@gmail.com,+62 895-3927-3626,ASMADI SAFAR,doas.dima@gmail.com,+62 896-0706-0207
3209,220 - SUSUKAN,006 - KEJIWAN,003700 - RT 001 RW 010 DUSUN 06,SITI KHODIJAH FARIATUL'A,khodijahfa1@gmail.com,+62 895-3927-3626,ASMADI SAFAR,doas.dima@gmail.com,+62 896-0706-0207
3209,220 - SUSUKAN,006 - KEJIWAN,003800 - RT 002 RW 010 DUSUN 06,SITI KHODIJAH FARIATUL'A,khodijahfa1@gmail.com,+62 895-3927-3626,ASMADI SAFAR,doas.dima@gmail.com,+62 896-0706-0207
3209,220 - SUSUKAN,006 - KEJIWAN,004000 - RT 004 RW 010 DUSUN 06,SITI KHODIJAH FARIATUL'A,khodijahfa1@gmail.com,+62 895-3927-3626,ASMADI SAFAR,doas.dima@gmail.com,+62 896-0706-0207
3209,220 - SUSUKAN,006 - KEJIWAN,100100 - SAWAH 01,SITI KHODIJAH FARIATUL'A,khodijahfa1@gmail.com,+62 895-3927-3626,ASMADI SAFAR,doas.dima@gmail.com,+62 896-0706-0207
3209,220 - SUSUKAN,006 - KEJIWAN,100300 - SAWAH 03,ROSALIA,rosarosalia49@gmail.com,0,MUNAWAR,munawarjuned8@gmail.com,+62 881-0232-85305
3209,220 - SUSUKAN,007 - SUSUKAN,000300 - RT 003 RW 001 DUSUN 01,DIAR FREDI ERAWA,alohawonder@gmail.com,+62 853-1444-4757,ILHAM ATTAUBAH,ilhamattaubah45@gmail.com,0
3209,220 - SUSUKAN,007 - SUSUKAN,000400 - RT 004 RW 001 DUSUN 01,DIAR FREDI ERAWA,alohawonder@gmail.com,+62 853-1444-4757,ILHAM ATTAUBAH,ilhamattaubah45@gmail.com,0
3209,220 - SUSUKAN,007 - SUSUKAN,000600 - RT 006 RW 001 DUSUN 01,DIAR FREDI ERAWA,alohawonder@gmail.com,+62 853-1444-4757,SAFRINDA ANDI PUTRI ,safrinda77@gmail.com,+62 895-3552-25961
3209,220 - SUSUKAN,007 - SUSUKAN,001200 - RT 012 RW 002 DUSUN 02B,DIAR FREDI ERAWA,alohawonder@gmail.com,+62 853-1444-4757,KHAYATUDIN,kayatrizki@gmail.com,+62 895-4010-84385
3209,220 - SUSUKAN,007 - SUSUKAN,001300 - RT 013 RW 002 DUSUN 02B,DIAR FREDI ERAWA,alohawonder@gmail.com,+62 853-1444-4757,KHAYATUDIN,kayatrizki@gmail.com,+62 895-4010-84385
3209,220 - SUSUKAN,007 - SUSUKAN,001400 - RT 014 RW 002 DUSUN 02B,DIAR FREDI ERAWA,alohawonder@gmail.com,+62 853-1444-4757,KHAYATUDIN,kayatrizki@gmail.com,+62 895-4010-84385
3209,220 - SUSUKAN,007 - SUSUKAN,001500 - RT 015 RW 002 DUSUN 02B,DIAR FREDI ERAWA,alohawonder@gmail.com,+62 853-1444-4757,KHAYATUDIN,kayatrizki@gmail.com,+62 895-4010-84385
3209,220 - SUSUKAN,007 - SUSUKAN,001900 - RT 019 RW 003 DUSUN 03B,DIAR FREDI ERAWA,alohawonder@gmail.com,+62 853-1444-4757,SAFRINDA ANDI PUTRI ,safrinda77@gmail.com,+62 895-3552-25961
3209,220 - SUSUKAN,007 - SUSUKAN,002100 - RT 021 RW 003 DUSUN 03B,DIAR FREDI ERAWA,alohawonder@gmail.com,+62 853-1444-4757,SAFRINDA ANDI PUTRI ,safrinda77@gmail.com,+62 895-3552-25961
3209,220 - SUSUKAN,007 - SUSUKAN,002300 - RT 023 RW 004 DUSUN 04A,DIAR FREDI ERAWA,alohawonder@gmail.com,+62 853-1444-4757,SAFRINDA ANDI PUTRI ,safrinda77@gmail.com,+62 895-3552-25961
3209,220 - SUSUKAN,007 - SUSUKAN,002400 - RT 024 RW 004 DUSUN 04A,DIAR FREDI ERAWA,alohawonder@gmail.com,+62 853-1444-4757,SAFRINDA ANDI PUTRI ,safrinda77@gmail.com,+62 895-3552-25961
3209,220 - SUSUKAN,007 - SUSUKAN,100400 - SAWAH 04,DIAR FREDI ERAWA,alohawonder@gmail.com,+62 853-1444-4757,KHAYATUDIN,kayatrizki@gmail.com,+62 895-4010-84385
3209,220 - SUSUKAN,008 - LUWUNG KENCANA,000200 - RT 002 RW 001 DUSUN 1,JAJANG,jajanggbsgbs@gmail.com,+62 813-2460-8224,ROMADI,utunalitalit@gmail.com,+62 838-2911-4188
3209,220 - SUSUKAN,008 - LUWUNG KENCANA,000400 - RT 004 RW 002 DUSUN 1,JAJANG,jajanggbsgbs@gmail.com,+62 813-2460-8224,ROMADI,utunalitalit@gmail.com,+62 838-2911-4188
3209,220 - SUSUKAN,008 - LUWUNG KENCANA,000500 - RT 005 RW 003 DUSUN 2,JAJANG,jajanggbsgbs@gmail.com,+62 813-2460-8224,ROMADI,utunalitalit@gmail.com,+62 838-2911-4188
3209,220 - SUSUKAN,008 - LUWUNG KENCANA,000600 - RT 006 RW 003 DUSUN 2,JAJANG,jajanggbsgbs@gmail.com,+62 813-2460-8224,ROMADI,utunalitalit@gmail.com,+62 838-2911-4188
3209,220 - SUSUKAN,008 - LUWUNG KENCANA,000800 - RT 008 RW 004 DUSUN 2,JAJANG,jajanggbsgbs@gmail.com,+62 813-2460-8224,ROMADI,utunalitalit@gmail.com,+62 838-2911-4188
3209,220 - SUSUKAN,008 - LUWUNG KENCANA,001000 - RT 010 RW 005 DUSUN 3,JAJANG,jajanggbsgbs@gmail.com,+62 813-2460-8224,ROMADI,utunalitalit@gmail.com,+62 838-2911-4188
3209,220 - SUSUKAN,008 - LUWUNG KENCANA,001100 - RT 011 RW 006 DUSUN 3,JAJANG,jajanggbsgbs@gmail.com,+62 813-2460-8224,ROMADI,utunalitalit@gmail.com,+62 838-2911-4188
3209,220 - SUSUKAN,008 - LUWUNG KENCANA,002100 - RT 021 RW 011 DUSUN 6,JAJANG,jajanggbsgbs@gmail.com,+62 813-2460-8224,FIQIH SAMPURNA,fiqihsampurna@gmail.com,+62 838-2456-2857
3209,220 - SUSUKAN,008 - LUWUNG KENCANA,002300 - RT 023 RW 012 DUSUN 6,JAJANG,jajanggbsgbs@gmail.com,+62 813-2460-8224,VIVI SEPHIA WULANDARI,vivisephiaw@gmail.com,+62 857-2239-9343
3209,220 - SUSUKAN,008 - LUWUNG KENCANA,002400 - RT 024 RW 012 DUSUN 6,JAJANG,jajanggbsgbs@gmail.com,+62 813-2460-8224,VIVI SEPHIA WULANDARI,vivisephiaw@gmail.com,+62 857-2239-9343
3209,220 - SUSUKAN,008 - LUWUNG KENCANA,002500 - RT 025 RW 013 DUSUN 7,JAJANG,jajanggbsgbs@gmail.com,+62 813-2460-8224,VIVI SEPHIA WULANDARI,vivisephiaw@gmail.com,+62 857-2239-9343
3209,220 - SUSUKAN,008 - LUWUNG KENCANA,002800 - RT 028 RW 014 DUSUN 7,JAJANG,jajanggbsgbs@gmail.com,+62 813-2460-8224,VIVI SEPHIA WULANDARI,vivisephiaw@gmail.com,+62 857-2239-9343
3209,220 - SUSUKAN,008 - LUWUNG KENCANA,002900 - RT 029 RW 015 DUSUN 8,JAJANG,jajanggbsgbs@gmail.com,+62 813-2460-8224,VIVI SEPHIA WULANDARI,vivisephiaw@gmail.com,+62 857-2239-9343
3209,220 - SUSUKAN,008 - LUWUNG KENCANA,003200 - RT 032 RW 016 DUSUN 8,JAJANG,jajanggbsgbs@gmail.com,+62 813-2460-8224,VIVI SEPHIA WULANDARI,vivisephiaw@gmail.com,+62 857-2239-9343
3209,220 - SUSUKAN,008 - LUWUNG KENCANA,100100 - SAWAH,JAJANG,jajanggbsgbs@gmail.com,+62 813-2460-8224,FIQIH SAMPURNA,fiqihsampurna@gmail.com,+62 838-2456-2857
3209,220 - SUSUKAN,009 - BUNDER,000400 - RT 002 RW 002 DUSUN 2,MUHAMMAD LUTFI,lutfie795@gmail.com,+62 821-2034-0218,SANUSI,sanusisaja973@gmail.com,+62 838-1779-1139
3209,220 - SUSUKAN,009 - BUNDER,000700 - RT 001 RW 004 DUSUN 2,AGUS SUSANTO,agussusanto150883@gmail.com,+62 838-2468-1749,DEDI SUSANTO,dedisusantosanto98@gmail.com,+62 877-2960-1965
3209,220 - SUSUKAN,009 - BUNDER,000800 - RT 002 RW 004 DUSUN 3,AGUS SUSANTO,agussusanto150883@gmail.com,+62 838-2468-1749,DEDI SUSANTO,dedisusantosanto98@gmail.com,+62 877-2960-1965
3209,220 - SUSUKAN,009 - BUNDER,000900 - RT 001 RW 005 DUSUN 3,AGUS SUSANTO,agussusanto150883@gmail.com,+62 838-2468-1749,DEDI SUSANTO,dedisusantosanto98@gmail.com,+62 877-2960-1965
3209,220 - SUSUKAN,009 - BUNDER,001000 - RT 002 RW 005 DUSUN 3,AGUS SUSANTO,agussusanto150883@gmail.com,+62 838-2468-1749,DEDI SUSANTO,dedisusantosanto98@gmail.com,+62 877-2960-1965
3209,220 - SUSUKAN,010 - JATIPURA,000200 - RT 002 RW 001 DUSUN 1,DIAR FREDI ERAWA,alohawonder@gmail.com,+62 853-1444-4757,JAFAR SHODIK,jafarshodik82@gmail.com,+62 821-1645-9060
3209,220 - SUSUKAN,010 - JATIPURA,000400 - RT 004 RW 001 DUSUN 1,DIAR FREDI ERAWA,alohawonder@gmail.com,+62 853-1444-4757,JUJU JUMAROH,afikagrosir2@gmail.com,+62 838-2799-8373
3209,220 - SUSUKAN,010 - JATIPURA,000500 - RT 001 RW 002 DUSUN 2,DIAR FREDI ERAWA,alohawonder@gmail.com,+62 853-1444-4757,JUJU JUMAROH,afikagrosir2@gmail.com,+62 838-2799-8373
3209,220 - SUSUKAN,010 - JATIPURA,000600 - RT 002 RW 002 DUSUN 2,DIAR FREDI ERAWA,alohawonder@gmail.com,+62 853-1444-4757,JUJU JUMAROH,afikagrosir2@gmail.com,+62 838-2799-8373
3209,220 - SUSUKAN,010 - JATIPURA,100100 - SAWAH 01,DIAR FREDI ERAWA,alohawonder@gmail.com,+62 853-1444-4757,JAFAR SHODIK,jafarshodik82@gmail.com,+62 821-1645-9060
3209,220 - SUSUKAN,010 - JATIPURA,100200 - SAWAH 02,DIAR FREDI ERAWA,alohawonder@gmail.com,+62 853-1444-4757,JAFAR SHODIK,jafarshodik82@gmail.com,+62 821-1645-9060
3209,220 - SUSUKAN,011 - UJUNGGEBANG,000100 - RT 001 RW 001 DUSUN 1,AGUS SUSANTO,agussusanto150883@gmail.com,+62 838-2468-1749,RIZKI OVANI,rizkiofani2707@gmail.com,+62 877-3408-9998
3209,220 - SUSUKAN,011 - UJUNGGEBANG,000700 - RT 007 RW 003 DUSUN 2,AGUS SUSANTO,agussusanto150883@gmail.com,+62 838-2468-1749,MURYANI,ryaniria49@gmail.com,+62 838-2320-5495
3209,220 - SUSUKAN,011 - UJUNGGEBANG,001700 - RT 017 RW 006 DUSUN 4,AGUS SUSANTO,agussusanto150883@gmail.com,+62 838-2468-1749,TARMA,ttarma.98@gmail.com,0
3209,220 - SUSUKAN,011 - UJUNGGEBANG,001800 - RT 018 RW 007 DUSUN 4,AGUS SUSANTO,agussusanto150883@gmail.com,+62 838-2468-1749,TARMA,ttarma.98@gmail.com,0
3209,220 - SUSUKAN,011 - UJUNGGEBANG,002300 - RT 023 RW 009 DUSUN 5,AGUS SUSANTO,agussusanto150883@gmail.com,+62 838-2468-1749,MUHAMMAD SOMAD REHAN,muhammadsomadrehan@gmail.com,+62 831-5719-8613
3209,220 - SUSUKAN,011 - UJUNGGEBANG,002900 - RT 029 RW 011 DUSUN 6,AGUS SUSANTO,agussusanto150883@gmail.com,+62 838-2468-1749,KUSRINI,kusriniayu17@gmail.com,+62 831-7112-5980
3209,220 - SUSUKAN,011 - UJUNGGEBANG,003100 - RT 031 RW 012 DUSUN 6,AGUS SUSANTO,agussusanto150883@gmail.com,+62 838-2468-1749,KUSRINI,kusriniayu17@gmail.com,+62 831-7112-5980
3209,220 - SUSUKAN,011 - UJUNGGEBANG,100100 - SAWAH 01,AGUS SUSANTO,agussusanto150883@gmail.com,+62 838-2468-1749,MUHAMMAD SOMAD REHAN,muhammadsomadrehan@gmail.com,+62 831-5719-8613
3209,220 - SUSUKAN,011 - UJUNGGEBANG,100200 - SAWAH 02,ROSALIA,rosarosalia49@gmail.com,0,MUNAWAR,munawarjuned8@gmail.com,+62 881-0232-85305
3209,220 - SUSUKAN,012 - JATIANOM,000100 - RT 001 RW 001 DUSUN 1,JAJANG,jajanggbsgbs@gmail.com,+62 813-2460-8224,FIQIH SAMPURNA,fiqihsampurna@gmail.com,+62 838-2456-2857
3209,220 - SUSUKAN,012 - JATIANOM,000200 - RT 002 RW 001 DUSUN 1,JAJANG,jajanggbsgbs@gmail.com,+62 813-2460-8224,FIQIH SAMPURNA,fiqihsampurna@gmail.com,+62 838-2456-2857
3209,220 - SUSUKAN,012 - JATIANOM,000300 - RT 003 RW 001 DUSUN 1,JAJANG,jajanggbsgbs@gmail.com,+62 813-2460-8224,FIQIH SAMPURNA,fiqihsampurna@gmail.com,+62 838-2456-2857
3209,220 - SUSUKAN,012 - JATIANOM,000500 - RT 002 RW 002 DUSUN 1,JAJANG,jajanggbsgbs@gmail.com,+62 813-2460-8224,FIQIH SAMPURNA,fiqihsampurna@gmail.com,+62 838-2456-2857
3209,220 - SUSUKAN,012 - JATIANOM,000700 - RT 001 RW 003 DUSUN 2,JAJANG,jajanggbsgbs@gmail.com,+62 813-2460-8224,FIQIH SAMPURNA,fiqihsampurna@gmail.com,+62 838-2456-2857
3209,220 - SUSUKAN,012 - JATIANOM,000900 - RT 003 RW 003 DUSUN 2,JAJANG,jajanggbsgbs@gmail.com,+62 813-2460-8224,BASLANI ABAS,abasbaslani@gmail.com,+62 838-2444-4772
3209,220 - SUSUKAN,012 - JATIANOM,001400 - RT 002 RW 005 DUSUN 3,JAJANG,jajanggbsgbs@gmail.com,+62 813-2460-8224,WIJIYANTO,wijie79@gmail.com,+62 819-1141-4100
3209,220 - SUSUKAN,012 - JATIANOM,002000 - RT 003 RW 006 DUSUN 4,JAJANG,jajanggbsgbs@gmail.com,+62 813-2460-8224,BASLANI ABAS,abasbaslani@gmail.com,+62 838-2444-4772
3209,220 - SUSUKAN,012 - JATIANOM,002100 - RT 004 RW 006 DUSUN 4,JAJANG,jajanggbsgbs@gmail.com,+62 813-2460-8224,BASLANI ABAS,abasbaslani@gmail.com,+62 838-2444-4772
3209,220 - SUSUKAN,012 - JATIANOM,100100 - SAWAH 01,DIAR FREDI ERAWA,alohawonder@gmail.com,+62 853-1444-4757,JAFAR SHODIK,jafarshodik82@gmail.com,+62 821-1645-9060
3209,230 - GEGESIK,007 - BAYALANGU KIDUL,000100 - RT 001 RW 001 DUSUN 001,KABAN,kabull5707@gmail.com,0,FENNY ANGGRAENI,chintya.ayufebriany@gmail.com,+62 089-6497-73511
3209,230 - GEGESIK,007 - BAYALANGU KIDUL,000300 - RT 003 RW 002 DUSUN 001,KABAN,kabull5707@gmail.com,0,FENNY ANGGRAENI,chintya.ayufebriany@gmail.com,+62 089-6497-73511
3209,230 - GEGESIK,007 - BAYALANGU KIDUL,000500 - RT 005 RW 002 DUSUN 001,KABAN,kabull5707@gmail.com,0,FENNY ANGGRAENI,chintya.ayufebriany@gmail.com,+62 089-6497-73511
3209,230 - GEGESIK,007 - BAYALANGU KIDUL,000900 - RT 009 RW 003 DUSUN 002,KABAN,kabull5707@gmail.com,0,NOVIANTI,nouviandaviar@gmail.com,0
3209,230 - GEGESIK,007 - BAYALANGU KIDUL,001100 - RT 011 RW 004 DUSUN 002,KABAN,kabull5707@gmail.com,0,NOVIANTI,nouviandaviar@gmail.com,0
3209,230 - GEGESIK,007 - BAYALANGU KIDUL,001300 - RT 013 RW 005 DUSUN 003,KABAN,kabull5707@gmail.com,0,NOVIANTI,nouviandaviar@gmail.com,0
3209,230 - GEGESIK,007 - BAYALANGU KIDUL,001800 - RT 018 RW 006 DUSUN 003,KABAN,kabull5707@gmail.com,0,LABIB BAYANULLAH ,labibisme123@gmail.com,+62 819-3984-5877
3209,230 - GEGESIK,007 - BAYALANGU KIDUL,002000 - RT 020 RW 006 DUSUN 003,KABAN,kabull5707@gmail.com,0,LABIB BAYANULLAH ,labibisme123@gmail.com,+62 819-3984-5877
3209,230 - GEGESIK,007 - BAYALANGU KIDUL,002100 - RT 021 RW 007 DUSUN 004,KABAN,kabull5707@gmail.com,0,LABIB BAYANULLAH ,labibisme123@gmail.com,+62 819-3984-5877
3209,230 - GEGESIK,007 - BAYALANGU KIDUL,002300 - RT 023 RW 007 DUSUN 004,KABAN,kabull5707@gmail.com,0,GRIGIES RENAI KENCANA,gigiesreina@gmail.com,+62 081-8186-55901
3209,230 - GEGESIK,007 - BAYALANGU KIDUL,002400 - RT 024 RW 008 DUSUN 004,KABAN,kabull5707@gmail.com,0,GRIGIES RENAI KENCANA,gigiesreina@gmail.com,+62 081-8186-55901
3209,230 - GEGESIK,007 - BAYALANGU KIDUL,002500 - RT 025 RW 008 DUSUN 004,KABAN,kabull5707@gmail.com,0,GRIGIES RENAI KENCANA,gigiesreina@gmail.com,+62 081-8186-55901
3209,230 - GEGESIK,007 - BAYALANGU KIDUL,002600 - RT 026 RW 008 DUSUN 004,KABAN,kabull5707@gmail.com,0,GRIGIES RENAI KENCANA,gigiesreina@gmail.com,+62 081-8186-55901
3209,230 - GEGESIK,007 - BAYALANGU KIDUL,002700 - RT 027 RW 008 DUSUN 004,KABAN,kabull5707@gmail.com,0,GRIGIES RENAI KENCANA,gigiesreina@gmail.com,+62 081-8186-55901
3209,230 - GEGESIK,007 - BAYALANGU KIDUL,100100 - SAWAH BLOK SIKANGKUNG,KABAN,kabull5707@gmail.com,0,NUR MUHAMMAD HASBIYALLAH,abigael.morena@gmail.com,+62 877-2899-8868
3209,230 - GEGESIK,008 - BAYALANGU LOR,000100 - RT 001 RW 001 DUSUN 001,LAHAR ANFAL,laharanfal23@gmail.com,+62 083-8247-21834,ALFA FIRDAUS BARON,suryadibaron792@gmail.com,+62 897-9053-128
3209,230 - GEGESIK,008 - BAYALANGU LOR,000600 - RT 006 RW 002 DUSUN 002,LAHAR ANFAL,laharanfal23@gmail.com,+62 083-8247-21834,TRIO BEJO SANTOSO,triobejo253@gmail.com,+62 852-2492-9909
3209,230 - GEGESIK,008 - BAYALANGU LOR,001500 - RT 015 RW 005 DUSUN 005,LAHAR ANFAL,laharanfal23@gmail.com,+62 083-8247-21834,SITI KODIVA,stkodiva@gmail.com,+62 896-5624-1191
3209,230 - GEGESIK,008 - BAYALANGU LOR,001800 - RT 018 RW 004 DUSUN 004,LAHAR ANFAL,laharanfal23@gmail.com,+62 083-8247-21834,MANAN,aarifrakman@gmail.com,+62 819-4701-4388
3209,230 - GEGESIK,008 - BAYALANGU LOR,001900 - RT 019 RW 004 DUSUN 004,LAHAR ANFAL,laharanfal23@gmail.com,+62 083-8247-21834,MANAN,aarifrakman@gmail.com,+62 819-4701-4388
3209,230 - GEGESIK,008 - BAYALANGU LOR,100100 - PERSAWAHAN KALI BUNTU,LAHAR ANFAL,laharanfal23@gmail.com,+62 083-8247-21834,MANAN,aarifrakman@gmail.com,+62 819-4701-4388
3209,230 - GEGESIK,009 - KEDUNGDALEM,000400 - RT 001 RW 02 DUSUN 1,LAHAR ANFAL,laharanfal23@gmail.com,+62 083-8247-21834,FATWA YUDISTIRA HAIKAL WIBOWO,fatwayudistira@gmail.com,+62 877-2986-8663
3209,230 - GEGESIK,009 - KEDUNGDALEM,000500 - RT 002 RW 02 DUSUN 1,LAHAR ANFAL,laharanfal23@gmail.com,+62 083-8247-21834,FATWA YUDISTIRA HAIKAL WIBOWO,fatwayudistira@gmail.com,+62 877-2986-8663
3209,230 - GEGESIK,009 - KEDUNGDALEM,000800 - RT 002 RW 03 DUSUN 1,LAHAR ANFAL,laharanfal23@gmail.com,+62 083-8247-21834,FATWA YUDISTIRA HAIKAL WIBOWO,fatwayudistira@gmail.com,+62 877-2986-8663
3209,230 - GEGESIK,009 - KEDUNGDALEM,000900 - RT 003 RW 03 DUSUN 1,LAHAR ANFAL,laharanfal23@gmail.com,+62 083-8247-21834,FATWA YUDISTIRA HAIKAL WIBOWO,fatwayudistira@gmail.com,+62 877-2986-8663
3209,230 - GEGESIK,009 - KEDUNGDALEM,001400 - RT 002 RW 05 DUSUN 2,LAHAR ANFAL,laharanfal23@gmail.com,+62 083-8247-21834,INDRA PERMANAH,indrapermanah123@gmail.com,+62 083-1208-85994
3209,230 - GEGESIK,009 - KEDUNGDALEM,001500 - RT 003 RW 05 DUSUN 2,LAHAR ANFAL,laharanfal23@gmail.com,+62 083-8247-21834,INDRA PERMANAH,indrapermanah123@gmail.com,+62 083-1208-85994
3209,230 - GEGESIK,009 - KEDUNGDALEM,001600 - RT 001 RW 06 DUSUN 2,LAHAR ANFAL,laharanfal23@gmail.com,+62 083-8247-21834,INDRA PERMANAH,indrapermanah123@gmail.com,+62 083-1208-85994
3209,230 - GEGESIK,009 - KEDUNGDALEM,001700 - RT 002 RW 06 DUSUN 2,LAHAR ANFAL,laharanfal23@gmail.com,+62 083-8247-21834,INDRA PERMANAH,indrapermanah123@gmail.com,+62 083-1208-85994
3209,230 - GEGESIK,009 - KEDUNGDALEM,002300 - RT 002 RW 08 DUSUN 3,LAHAR ANFAL,laharanfal23@gmail.com,+62 083-8247-21834,RISMANTO ,rismanto2277@gmail.com,+62 851-7412-7022
3209,230 - GEGESIK,009 - KEDUNGDALEM,002500 - RT 004 RW 08 DUSUN 3,LAHAR ANFAL,laharanfal23@gmail.com,+62 083-8247-21834,RISMANTO ,rismanto2277@gmail.com,+62 851-7412-7022
3209,230 - GEGESIK,009 - KEDUNGDALEM,100200 - BLOK KI WARSIKI,LAHAR ANFAL,laharanfal23@gmail.com,+62 083-8247-21834,RISMANTO ,rismanto2277@gmail.com,+62 851-7412-7022
3209,230 - GEGESIK,010 - PANUNGGUL,000600 - RT 003 RW 002 DUSUN 2,SUHARTONO,tonocirebon11@gmail.com,+62 812-8663-5633,KARYANI,yanifitbar@gmail.com,+62 812-5055-0670
3209,230 - GEGESIK,010 - PANUNGGUL,000700 - RT 001 RW 003 DUSUN 2,SUHARTONO,tonocirebon11@gmail.com,+62 812-8663-5633,KARYANI,yanifitbar@gmail.com,+62 812-5055-0670
3209,230 - GEGESIK,010 - PANUNGGUL,001200 - RT 002 RW 004 DUSUN 2,SUHARTONO,tonocirebon11@gmail.com,+62 812-8663-5633,KARYANI,yanifitbar@gmail.com,+62 812-5055-0670
3209,230 - GEGESIK,010 - PANUNGGUL,001500 - RT 001 RW 005 DUSUN 2,SUHARTONO,tonocirebon11@gmail.com,+62 812-8663-5633,KARYANI,yanifitbar@gmail.com,+62 812-5055-0670
3209,230 - GEGESIK,010 - PANUNGGUL,001700 - RT 003 RW 005 DUSUN 2,SUHARTONO,tonocirebon11@gmail.com,+62 812-8663-5633,KARYANI,yanifitbar@gmail.com,+62 812-5055-0670
3209,230 - GEGESIK,010 - PANUNGGUL,002800 - RT 002 RW 008 DUSUN 3,SUHARTONO,tonocirebon11@gmail.com,+62 812-8663-5633,AHMAD IBNU HAJAR,hajardesirea@gmail.com,+62 812-2096-6341
3209,230 - GEGESIK,011 - GEGESIK WETAN,000200 - RT 002 RW 001 DUSUN 001,ADYT FERYANDI,aditf800@gmail.com,+62 085-6911-60409,MAY YUDHA PANGESTU,mayyudha887@gmail.com,+62 831-6773-6022
3209,230 - GEGESIK,011 - GEGESIK WETAN,000700 - RT 001 RW 001 DUSUN 002,ADYT FERYANDI,aditf800@gmail.com,+62 085-6911-60409,MAY YUDHA PANGESTU,mayyudha887@gmail.com,+62 831-6773-6022
3209,230 - GEGESIK,011 - GEGESIK WETAN,000800 - RT 002 RW 001 DUSUN 002,ADYT FERYANDI,aditf800@gmail.com,+62 085-6911-60409,MAY YUDHA PANGESTU,mayyudha887@gmail.com,+62 831-6773-6022
3209,230 - GEGESIK,011 - GEGESIK WETAN,000900 - RT 001 RW 002 DUSUN 002,ADYT FERYANDI,aditf800@gmail.com,+62 085-6911-60409,MAY YUDHA PANGESTU,mayyudha887@gmail.com,+62 831-6773-6022
3209,230 - GEGESIK,011 - GEGESIK WETAN,001000 - RT 002 RW 002 DUSUN 002,ADYT FERYANDI,aditf800@gmail.com,+62 085-6911-60409,MAY YUDHA PANGESTU,mayyudha887@gmail.com,+62 831-6773-6022
3209,230 - GEGESIK,011 - GEGESIK WETAN,001200 - RT 002 RW 003 DUSUN 002,ADYT FERYANDI,aditf800@gmail.com,+62 085-6911-60409,MAY YUDHA PANGESTU,mayyudha887@gmail.com,+62 831-6773-6022
3209,230 - GEGESIK,011 - GEGESIK WETAN,001400 - RT 002 RW 001 DUSUN 003,ADYT FERYANDI,aditf800@gmail.com,+62 085-6911-60409,FELDY ADHITIYAR,feldychaca@gmail.com,+62 853-1461-4448
3209,230 - GEGESIK,011 - GEGESIK WETAN,001600 - RT 002 RW 002 DUSUN 003,ADYT FERYANDI,aditf800@gmail.com,+62 085-6911-60409,FELDY ADHITIYAR,feldychaca@gmail.com,+62 853-1461-4448
3209,230 - GEGESIK,011 - GEGESIK WETAN,001700 - RT 001 RW 003 DUSUN 003,ADYT FERYANDI,aditf800@gmail.com,+62 085-6911-60409,FELDY ADHITIYAR,feldychaca@gmail.com,+62 853-1461-4448
3209,230 - GEGESIK,011 - GEGESIK WETAN,001800 - RT 002 RW 003 DUSUN 003,ADYT FERYANDI,aditf800@gmail.com,+62 085-6911-60409,FELDY ADHITIYAR,feldychaca@gmail.com,+62 853-1461-4448
3209,230 - GEGESIK,011 - GEGESIK WETAN,001900 - RT 001 RW 001 DUSUN 004,ADYT FERYANDI,aditf800@gmail.com,+62 085-6911-60409,FELDY ADHITIYAR,feldychaca@gmail.com,+62 853-1461-4448
3209,230 - GEGESIK,011 - GEGESIK WETAN,002000 - RT 002 RW 001 DUSUN 004,ADYT FERYANDI,aditf800@gmail.com,+62 085-6911-60409,FELDY ADHITIYAR,feldychaca@gmail.com,+62 853-1461-4448
3209,230 - GEGESIK,011 - GEGESIK WETAN,002100 - RT 001 RW 002 DUSUN 004,ADYT FERYANDI,aditf800@gmail.com,+62 085-6911-60409,FELDY ADHITIYAR,feldychaca@gmail.com,+62 853-1461-4448
3209,230 - GEGESIK,011 - GEGESIK WETAN,002300 - RT 001 RW 003 DUSUN 004,ADYT FERYANDI,aditf800@gmail.com,+62 085-6911-60409,FELDY ADHITIYAR,feldychaca@gmail.com,+62 853-1461-4448
3209,230 - GEGESIK,011 - GEGESIK WETAN,002400 - RT 002 RW 003 DUSUN 004,ADYT FERYANDI,aditf800@gmail.com,+62 085-6911-60409,FELDY ADHITIYAR,feldychaca@gmail.com,+62 853-1461-4448
3209,230 - GEGESIK,011 - GEGESIK WETAN,002700 - RT 001 RW 002 DUSUN 005,ADYT FERYANDI,aditf800@gmail.com,+62 085-6911-60409,FELDY ADHITIYAR,feldychaca@gmail.com,+62 853-1461-4448
3209,230 - GEGESIK,011 - GEGESIK WETAN,002800 - RT 002 RW 002 DUSUN 005,ADYT FERYANDI,aditf800@gmail.com,+62 085-6911-60409,FELDY ADHITIYAR,feldychaca@gmail.com,+62 853-1461-4448
3209,230 - GEGESIK,011 - GEGESIK WETAN,002900 - RT 001 RW 003 DUSUN 005,ADYT FERYANDI,aditf800@gmail.com,+62 085-6911-60409,FELDY ADHITIYAR,feldychaca@gmail.com,+62 853-1461-4448
3209,230 - GEGESIK,011 - GEGESIK WETAN,003000 - RT 002 RW 003 DUSUN 005,ADYT FERYANDI,aditf800@gmail.com,+62 085-6911-60409,FELDY ADHITIYAR,feldychaca@gmail.com,+62 853-1461-4448
3209,230 - GEGESIK,011 - GEGESIK WETAN,100100 - PESAWAHAN BLOK,ADYT FERYANDI,aditf800@gmail.com,+62 085-6911-60409,MAY YUDHA PANGESTU,mayyudha887@gmail.com,+62 831-6773-6022
3209,230 - GEGESIK,012 - GEGESIK KIDUL,000100 - RT 01 RW 01 DUSUN 01,DULIMAN,doelbang497@gmail.com,+62 877-2888-4494,IWAN SETIAWAN,iwansetiawanrt2016@gmail.com,0
3209,230 - GEGESIK,012 - GEGESIK KIDUL,000200 - RT 02 RW 01 DUSUN 01,DULIMAN,doelbang497@gmail.com,+62 877-2888-4494,IWAN SETIAWAN,iwansetiawanrt2016@gmail.com,0
3209,230 - GEGESIK,012 - GEGESIK KIDUL,000400 - RT 01 RW 02 DUSUN 01,DULIMAN,doelbang497@gmail.com,+62 877-2888-4494,IWAN SETIAWAN,iwansetiawanrt2016@gmail.com,0
3209,230 - GEGESIK,012 - GEGESIK KIDUL,000700 - RT 04 RW 02 DUSUN 01,DULIMAN,doelbang497@gmail.com,+62 877-2888-4494,IWAN SETIAWAN,iwansetiawanrt2016@gmail.com,0
3209,230 - GEGESIK,012 - GEGESIK KIDUL,001800 - RT 03 RW 05 DUSUN 02,DULIMAN,doelbang497@gmail.com,+62 877-2888-4494,FATIMAH,fatimafzh01@gmail.com,+62 831-0223-2029
3209,230 - GEGESIK,012 - GEGESIK KIDUL,002100 - RT 02 RW 06 DUSUN 03,DULIMAN,doelbang497@gmail.com,+62 877-2888-4494,RUHENDI,hendicrbn12@gmail.com,+62 877-4442-8230
3209,230 - GEGESIK,012 - GEGESIK KIDUL,002300 - RT 04 RW 06 DUSUN 03,DULIMAN,doelbang497@gmail.com,+62 877-2888-4494,RUHENDI,hendicrbn12@gmail.com,+62 877-4442-8230
3209,230 - GEGESIK,012 - GEGESIK KIDUL,002900 - RT 03 RW 08 DUSUN 03,DULIMAN,doelbang497@gmail.com,+62 877-2888-4494,RUHENDI,hendicrbn12@gmail.com,+62 877-4442-8230
3209,230 - GEGESIK,012 - GEGESIK KIDUL,003000 - RT 04 RW 08 DUSUN 03,DULIMAN,doelbang497@gmail.com,+62 877-2888-4494,RUHENDI,hendicrbn12@gmail.com,+62 877-4442-8230
3209,230 - GEGESIK,012 - GEGESIK KIDUL,003200 - RT 02 RW 09 DUSUN 04,DULIMAN,doelbang497@gmail.com,+62 877-2888-4494,ANNISA NURUL AZIZAH,annisanurula9@gmail.com,+62 895-3646-45885
3209,230 - GEGESIK,012 - GEGESIK KIDUL,003300 - RT 03 RW 09 DUSUN 04,DULIMAN,doelbang497@gmail.com,+62 877-2888-4494,ANNISA NURUL AZIZAH,annisanurula9@gmail.com,+62 895-3646-45885
3209,230 - GEGESIK,012 - GEGESIK KIDUL,003400 - RT 04 RW 09 DUSUN 04,DULIMAN,doelbang497@gmail.com,+62 877-2888-4494,ANNISA NURUL AZIZAH,annisanurula9@gmail.com,+62 895-3646-45885
3209,230 - GEGESIK,012 - GEGESIK KIDUL,003700 - RT 03 RW 010 DUSUN 04,DULIMAN,doelbang497@gmail.com,+62 877-2888-4494,ANNISA NURUL AZIZAH,annisanurula9@gmail.com,+62 895-3646-45885
3209,230 - GEGESIK,012 - GEGESIK KIDUL,003800 - RT 04 RW 010 DUSUN 04,DULIMAN,doelbang497@gmail.com,+62 877-2888-4494,ANNISA NURUL AZIZAH,annisanurula9@gmail.com,+62 895-3646-45885
3209,230 - GEGESIK,012 - GEGESIK KIDUL,004000 - RT 01 RW 011 DUSUN 05,DULIMAN,doelbang497@gmail.com,+62 877-2888-4494,AGUS SUSWANTO,wastiah.crbn1@gmail.com,+62 788-8859-518
3209,230 - GEGESIK,012 - GEGESIK KIDUL,004300 - RT 01 RW 012 DUSUN 05,DULIMAN,doelbang497@gmail.com,+62 877-2888-4494,AGUS SUSWANTO,wastiah.crbn1@gmail.com,+62 788-8859-518
3209,230 - GEGESIK,012 - GEGESIK KIDUL,004500 - RT 03 RW 012 DUSUN 05,DULIMAN,doelbang497@gmail.com,+62 877-2888-4494,AGUS SUSWANTO,wastiah.crbn1@gmail.com,+62 788-8859-518
3209,230 - GEGESIK,012 - GEGESIK KIDUL,004600 - RT 01 RW 013 DUSUN 05,DULIMAN,doelbang497@gmail.com,+62 877-2888-4494,AGUS SUSWANTO,wastiah.crbn1@gmail.com,+62 788-8859-518
3209,230 - GEGESIK,012 - GEGESIK KIDUL,004700 - RT 02 RW 013 DUSUN 05,DULIMAN,doelbang497@gmail.com,+62 877-2888-4494,AGUS SUSWANTO,wastiah.crbn1@gmail.com,+62 788-8859-518
3209,230 - GEGESIK,012 - GEGESIK KIDUL,004800 - RT 03 RW 013 DUSUN 05,DULIMAN,doelbang497@gmail.com,+62 877-2888-4494,AGUS SUSWANTO,wastiah.crbn1@gmail.com,+62 788-8859-518
3209,230 - GEGESIK,012 - GEGESIK KIDUL,004900 - RT 04 RW 013 DUSUN 05,DULIMAN,doelbang497@gmail.com,+62 877-2888-4494,AGUS SUSWANTO,wastiah.crbn1@gmail.com,+62 788-8859-518
3209,230 - GEGESIK,012 - GEGESIK KIDUL,005000 - RT 01 RW 014 DUSUN 06,DULIMAN,doelbang497@gmail.com,+62 877-2888-4494,AGUS SUSWANTO,wastiah.crbn1@gmail.com,+62 788-8859-518
3209,230 - GEGESIK,012 - GEGESIK KIDUL,005300 - RT 02 RW 015 DUSUN 06,DULIMAN,doelbang497@gmail.com,+62 877-2888-4494,FATIMAH,fatimafzh01@gmail.com,+62 831-0223-2029
3209,230 - GEGESIK,012 - GEGESIK KIDUL,100100 - SUSUBAHAK (SAWAH),DULIMAN,doelbang497@gmail.com,+62 877-2888-4494,ANNISA NURUL AZIZAH,annisanurula9@gmail.com,+62 895-3646-45885
3209,230 - GEGESIK,016 - SLENDRA,000200 - RT 002 RW 001 DUSUN 01,HARTONO,hartonotogar82@gmail.com,+62 085-8728-93979,WATRIYANI,watriyaniarahato@gmail.com,+62 855-8663-048
3209,230 - GEGESIK,016 - SLENDRA,000400 - RT 002 RW 002 DUSUN 01,HARTONO,hartonotogar82@gmail.com,+62 085-8728-93979,WATRIYANI,watriyaniarahato@gmail.com,+62 855-8663-048
3209,230 - GEGESIK,016 - SLENDRA,000900 - RT 002 RW 004 DUSUN 02,HARTONO,hartonotogar82@gmail.com,+62 085-8728-93979,WATRIYANI,watriyaniarahato@gmail.com,+62 855-8663-048
3209,230 - GEGESIK,016 - SLENDRA,001000 - RT 003 RW 004 DUSUN 03,HARTONO,hartonotogar82@gmail.com,+62 085-8728-93979,WATRIYANI,watriyaniarahato@gmail.com,+62 855-8663-048
3209,230 - GEGESIK,016 - SLENDRA,100100 - BLOK KARET,HARTONO,hartonotogar82@gmail.com,+62 085-8728-93979,ARI SUBAGYA ,arisubagya10@gmail.com,+62 831-1903-1769
3209,230 - GEGESIK,016 - SLENDRA,100300 - BLOK KALEN SUDA,HARTONO,hartonotogar82@gmail.com,+62 085-8728-93979,WATRIYANI,watriyaniarahato@gmail.com,+62 855-8663-048
3209,230 - GEGESIK,017 - JAGAPURA KIDUL,000300 - RT 003 RW 001 DUSUN 01,SUHARTONO,tonocirebon11@gmail.com,+62 812-8663-5633,ALI BADRUN,alibadrunjgp@gmail.com,+62 085-3171-79849
3209,230 - GEGESIK,017 - JAGAPURA KIDUL,000400 - RT 004 RW 001 DUSUN 01,SUHARTONO,tonocirebon11@gmail.com,+62 812-8663-5633,ALI BADRUN,alibadrunjgp@gmail.com,+62 085-3171-79849
3209,230 - GEGESIK,017 - JAGAPURA KIDUL,000600 - RT 006 RW 002 DUSUN 01,SUHARTONO,tonocirebon11@gmail.com,+62 812-8663-5633,ALI BADRUN,alibadrunjgp@gmail.com,+62 085-3171-79849
3209,230 - GEGESIK,017 - JAGAPURA KIDUL,000700 - RT 007 RW 002 DUSUN 01,SUHARTONO,tonocirebon11@gmail.com,+62 812-8663-5633,ALI BADRUN,alibadrunjgp@gmail.com,+62 085-3171-79849
3209,230 - GEGESIK,017 - JAGAPURA KIDUL,001000 - RT 010 RW 003 DUSUN 02,SUHARTONO,tonocirebon11@gmail.com,+62 812-8663-5633,KUSMIYATI,kusmiyati0503@gmail.com,+62 878-3960-0652
3209,230 - GEGESIK,017 - JAGAPURA KIDUL,001100 - RT 011 RW 003 DUSUN 02,SUHARTONO,tonocirebon11@gmail.com,+62 812-8663-5633,KUSMIYATI,kusmiyati0503@gmail.com,+62 878-3960-0652
3209,230 - GEGESIK,017 - JAGAPURA KIDUL,001200 - RT 012 RW 003 DUSUN 02,SUHARTONO,tonocirebon11@gmail.com,+62 812-8663-5633,KUSMIYATI,kusmiyati0503@gmail.com,+62 878-3960-0652
3209,230 - GEGESIK,017 - JAGAPURA KIDUL,001300 - RT 013 RW 004 DUSUN 02,SUHARTONO,tonocirebon11@gmail.com,+62 812-8663-5633,KUSMIYATI,kusmiyati0503@gmail.com,+62 878-3960-0652
3209,230 - GEGESIK,017 - JAGAPURA KIDUL,001400 - RT 014 RW 004 DUSUN 02,SUHARTONO,tonocirebon11@gmail.com,+62 812-8663-5633,KUSMIYATI,kusmiyati0503@gmail.com,+62 878-3960-0652
3209,230 - GEGESIK,017 - JAGAPURA KIDUL,001500 - RT 015 RW 004 DUSUN 02,SUHARTONO,tonocirebon11@gmail.com,+62 812-8663-5633,WAID,waidjagapura@gmail.com,+62 812-2281-8056
3209,230 - GEGESIK,017 - JAGAPURA KIDUL,001600 - RT 016 RW 005 DUSUN 03,SUHARTONO,tonocirebon11@gmail.com,+62 812-8663-5633,WAID,waidjagapura@gmail.com,+62 812-2281-8056
3209,230 - GEGESIK,017 - JAGAPURA KIDUL,002100 - RT 021 RW 006 DUSUN 03,SUHARTONO,tonocirebon11@gmail.com,+62 812-8663-5633,PUPUT PUSPITASARI,puputpuspitasari05@gmail.com,+62 877-7716-0599
3209,230 - GEGESIK,017 - JAGAPURA KIDUL,002200 - RT 022 RW 006 DUSUN 03,SUHARTONO,tonocirebon11@gmail.com,+62 812-8663-5633,PUPUT PUSPITASARI,puputpuspitasari05@gmail.com,+62 877-7716-0599
3209,230 - GEGESIK,017 - JAGAPURA KIDUL,002400 - RT 024 RW 007 DUSUN 04,SUHARTONO,tonocirebon11@gmail.com,+62 812-8663-5633,WAID,waidjagapura@gmail.com,+62 812-2281-8056
3209,230 - GEGESIK,017 - JAGAPURA KIDUL,002500 - RT 025 RW 007 DUSUN 04,SUHARTONO,tonocirebon11@gmail.com,+62 812-8663-5633,WAID,waidjagapura@gmail.com,+62 812-2281-8056
3209,230 - GEGESIK,017 - JAGAPURA KIDUL,002800 - RT 028 RW 008 DUSUN 04,SUHARTONO,tonocirebon11@gmail.com,+62 812-8663-5633,WAID,waidjagapura@gmail.com,+62 812-2281-8056
3209,230 - GEGESIK,017 - JAGAPURA KIDUL,002900 - RT 029 RW 008 DUSUN 04,SUHARTONO,tonocirebon11@gmail.com,+62 812-8663-5633,WAID,waidjagapura@gmail.com,+62 812-2281-8056
3209,230 - GEGESIK,017 - JAGAPURA KIDUL,100100 - BLOK KANGKUNG GUNUNG,SUHARTONO,tonocirebon11@gmail.com,+62 812-8663-5633,WAID,waidjagapura@gmail.com,+62 812-2281-8056
3209,230 - GEGESIK,018 - GEGESIK LOR,000100 - RT 001 RW 001 DUSUN 01,ADYT FERYANDI,aditf800@gmail.com,+62 085-6911-60409,WAHYUDIN,gegesik82@gmail.com,+62 813-1342-3144
3209,230 - GEGESIK,018 - GEGESIK LOR,000200 - RT 002 RW 001 DUSUN 01,ADYT FERYANDI,aditf800@gmail.com,+62 085-6911-60409,WAHYUDIN,gegesik82@gmail.com,+62 813-1342-3144
3209,230 - GEGESIK,018 - GEGESIK LOR,000300 - RT 001 RW 002 DUSUN 01,ADYT FERYANDI,aditf800@gmail.com,+62 085-6911-60409,WAHYUDIN,gegesik82@gmail.com,+62 813-1342-3144
3209,230 - GEGESIK,018 - GEGESIK LOR,000400 - RT 002 RW 002 DUSUN 01,ADYT FERYANDI,aditf800@gmail.com,+62 085-6911-60409,WAHYUDIN,gegesik82@gmail.com,+62 813-1342-3144
3209,230 - GEGESIK,018 - GEGESIK LOR,000500 - RT 003 RW 002 DUSUN 01,ADYT FERYANDI,aditf800@gmail.com,+62 085-6911-60409,WAHYUDIN,gegesik82@gmail.com,+62 813-1342-3144
3209,230 - GEGESIK,018 - GEGESIK LOR,000600 - RT 001 RW 003 DUSUN 02,ADYT FERYANDI,aditf800@gmail.com,+62 085-6911-60409,WAHYUDIN,gegesik82@gmail.com,+62 813-1342-3144
3209,230 - GEGESIK,018 - GEGESIK LOR,000800 - RT 001 RW 004 DUSUN 02,ADYT FERYANDI,aditf800@gmail.com,+62 085-6911-60409,ROHADI,aazadod@gmail.com,+62 081-6642-499
3209,230 - GEGESIK,018 - GEGESIK LOR,000900 - RT 002 RW 004 DUSUN 02,ADYT FERYANDI,aditf800@gmail.com,+62 085-6911-60409,ROHADI,aazadod@gmail.com,+62 081-6642-499
3209,230 - GEGESIK,018 - GEGESIK LOR,001000 - RT 001 RW 005 DUSUN 03,ADYT FERYANDI,aditf800@gmail.com,+62 085-6911-60409,ROHADI,aazadod@gmail.com,+62 081-6642-499
3209,230 - GEGESIK,018 - GEGESIK LOR,001100 - RT 002 RW 005 DUSUN 03,ADYT FERYANDI,aditf800@gmail.com,+62 085-6911-60409,ROHADI,aazadod@gmail.com,+62 081-6642-499
3209,230 - GEGESIK,018 - GEGESIK LOR,001200 - RT 001 RW 006 DUSUN 03,ADYT FERYANDI,aditf800@gmail.com,+62 085-6911-60409,ROHADI,aazadod@gmail.com,+62 081-6642-499
3209,230 - GEGESIK,018 - GEGESIK LOR,001300 - RT 002 RW 006 DUSUN 03,ADYT FERYANDI,aditf800@gmail.com,+62 085-6911-60409,ROHADI,aazadod@gmail.com,+62 081-6642-499
3209,230 - GEGESIK,018 - GEGESIK LOR,100100 - SAWAH BLOK GURAKAS,ADYT FERYANDI,aditf800@gmail.com,+62 085-6911-60409,ROHADI,aazadod@gmail.com,+62 081-6642-499
3209,230 - GEGESIK,019 - GEGESIK KULON,001300 - RT 02 RW 05 DUSUN 02,HARTONO,hartonotogar82@gmail.com,+62 085-8728-93979,AFIN NUR ALFANSYAH ,afinnuralfansyah165@gmail.com,+62 857-2277-6554
3209,230 - GEGESIK,019 - GEGESIK KULON,002400 - RT 04 RW 07 DUSUN 03,HARTONO,hartonotogar82@gmail.com,+62 085-8728-93979,YENNY SEPTIANI ,septianiyenny8@gmail.com,+62 831-3081-4693_
3209,230 - GEGESIK,019 - GEGESIK KULON,002500 - RT 01 RW 08 DUSUN 04,HARTONO,hartonotogar82@gmail.com,+62 085-8728-93979,YENNY SEPTIANI ,septianiyenny8@gmail.com,+62 831-3081-4693_
3209,230 - GEGESIK,019 - GEGESIK KULON,002600 - RT 02 RW 08 DUSUN 04,HARTONO,hartonotogar82@gmail.com,+62 085-8728-93979,YENNY SEPTIANI ,septianiyenny8@gmail.com,+62 831-3081-4693_
3209,230 - GEGESIK,019 - GEGESIK KULON,002800 - RT 01 RW 09 DUSUN 04,HARTONO,hartonotogar82@gmail.com,+62 085-8728-93979,YENNY SEPTIANI ,septianiyenny8@gmail.com,+62 831-3081-4693_
3209,230 - GEGESIK,019 - GEGESIK KULON,002900 - RT 02 RW 09 DUSUN 04,HARTONO,hartonotogar82@gmail.com,+62 085-8728-93979,YENNY SEPTIANI ,septianiyenny8@gmail.com,+62 831-3081-4693_
3209,230 - GEGESIK,019 - GEGESIK KULON,003000 - RT 03 RW 09 DUSUN 04,HARTONO,hartonotogar82@gmail.com,+62 085-8728-93979,YENNY SEPTIANI ,septianiyenny8@gmail.com,+62 831-3081-4693_
3209,230 - GEGESIK,019 - GEGESIK KULON,003200 - RT 02 RW 010 DUSUN 04,HARTONO,hartonotogar82@gmail.com,+62 085-8728-93979,YENNY SEPTIANI ,septianiyenny8@gmail.com,+62 831-3081-4693_
3209,230 - GEGESIK,019 - GEGESIK KULON,003500 - RT 01 RW 011 DUSUN 05,HARTONO,hartonotogar82@gmail.com,+62 085-8728-93979,RIGO RIFALDI,rifaldirigo28@gmail.com,0
3209,230 - GEGESIK,019 - GEGESIK KULON,100100 - BLOK TROJOGAN,HARTONO,hartonotogar82@gmail.com,+62 085-8728-93979,RIGO RIFALDI,rifaldirigo28@gmail.com,0
3209,230 - GEGESIK,020 - JAGAPURA WETAN,000100 - RT 001 RW 001 DUSUN I,ADYT FERYANDI,aditf800@gmail.com,+62 085-6911-60409,MISANI,saniemies1981@gmail.com,+62 812-2274-9227
3209,230 - GEGESIK,020 - JAGAPURA WETAN,000500 - RT 005 RW 001 DUSUN I,ADYT FERYANDI,aditf800@gmail.com,+62 085-6911-60409,MISANI,saniemies1981@gmail.com,+62 812-2274-9227
3209,230 - GEGESIK,020 - JAGAPURA WETAN,000600 - RT 001 RW 002 DUSUN I,ADYT FERYANDI,aditf800@gmail.com,+62 085-6911-60409,MISANI,saniemies1981@gmail.com,+62 812-2274-9227
3209,230 - GEGESIK,020 - JAGAPURA WETAN,000800 - RT 003 RW 002 DUSUN I,ADYT FERYANDI,aditf800@gmail.com,+62 085-6911-60409,MISANI,saniemies1981@gmail.com,+62 812-2274-9227
3209,230 - GEGESIK,020 - JAGAPURA WETAN,000900 - RT 004 RW 002 DUSUN I,ADYT FERYANDI,aditf800@gmail.com,+62 085-6911-60409,ALIFAH,alifahbinya@gmail.com,+62 852-2406-8670
3209,230 - GEGESIK,020 - JAGAPURA WETAN,001000 - RT 005 RW 002 DUSUN I,ADYT FERYANDI,aditf800@gmail.com,+62 085-6911-60409,ALIFAH,alifahbinya@gmail.com,+62 852-2406-8670
3209,230 - GEGESIK,020 - JAGAPURA WETAN,001200 - RT 003 RW 003 DUSUN I,ADYT FERYANDI,aditf800@gmail.com,+62 085-6911-60409,ALIFAH,alifahbinya@gmail.com,+62 852-2406-8670
3209,230 - GEGESIK,020 - JAGAPURA WETAN,001400 - RT 001 RW 004 DUSUN II,ADYT FERYANDI,aditf800@gmail.com,+62 085-6911-60409,ALIFAH,alifahbinya@gmail.com,+62 852-2406-8670
3209,230 - GEGESIK,020 - JAGAPURA WETAN,001500 - RT 002 RW 004 DUSUN II,ADYT FERYANDI,aditf800@gmail.com,+62 085-6911-60409,ALIFAH,alifahbinya@gmail.com,+62 852-2406-8670
3209,230 - GEGESIK,020 - JAGAPURA WETAN,001600 - RT 003 RW 004 DUSUN II,ADYT FERYANDI,aditf800@gmail.com,+62 085-6911-60409,ALIFAH,alifahbinya@gmail.com,+62 852-2406-8670
3209,230 - GEGESIK,020 - JAGAPURA WETAN,001700 - RT 001 RW 005 DUSUN II,ADYT FERYANDI,aditf800@gmail.com,+62 085-6911-60409,AGHISNA ZULFA AQINNA,aghisnazulfaaqinna@gmail.com,+62 813-1567-4493
3209,230 - GEGESIK,020 - JAGAPURA WETAN,001800 - RT 002 RW 005 DUSUN II,ADYT FERYANDI,aditf800@gmail.com,+62 085-6911-60409,AGHISNA ZULFA AQINNA,aghisnazulfaaqinna@gmail.com,+62 813-1567-4493
3209,230 - GEGESIK,020 - JAGAPURA WETAN,001900 - RT 003 RW 005 DUSUN II,ADYT FERYANDI,aditf800@gmail.com,+62 085-6911-60409,AGHISNA ZULFA AQINNA,aghisnazulfaaqinna@gmail.com,+62 813-1567-4493
3209,230 - GEGESIK,020 - JAGAPURA WETAN,002100 - RT 001 RW 006 DUSUN II,ADYT FERYANDI,aditf800@gmail.com,+62 085-6911-60409,AGHISNA ZULFA AQINNA,aghisnazulfaaqinna@gmail.com,+62 813-1567-4493
3209,230 - GEGESIK,020 - JAGAPURA WETAN,002500 - RT 002 RW 007 DUSUN III,HARTONO,hartonotogar82@gmail.com,+62 085-8728-93979,YAYAH NURHIDAYAH,salwajannah817@gmail.com,+62 896-6021-3340
3209,230 - GEGESIK,020 - JAGAPURA WETAN,002600 - RT 001 RW 008 DUSUN III,HARTONO,hartonotogar82@gmail.com,+62 085-8728-93979,YAYAH NURHIDAYAH,salwajannah817@gmail.com,+62 896-6021-3340
3209,230 - GEGESIK,020 - JAGAPURA WETAN,003000 - RT 001 RW 010 DUSUN IV,HARTONO,hartonotogar82@gmail.com,+62 085-8728-93979,YAYAH NURHIDAYAH,salwajannah817@gmail.com,+62 896-6021-3340
3209,230 - GEGESIK,020 - JAGAPURA WETAN,003100 - RT 002 RW 010 DUSUN IV,HARTONO,hartonotogar82@gmail.com,+62 085-8728-93979,YAYAH NURHIDAYAH,salwajannah817@gmail.com,+62 896-6021-3340
3209,230 - GEGESIK,020 - JAGAPURA WETAN,100200 - SILAMARAN,ADYT FERYANDI,aditf800@gmail.com,+62 085-6911-60409,ALIFAH,alifahbinya@gmail.com,+62 852-2406-8670
3209,230 - GEGESIK,021 - JAGAPURA KULON,000300 - RT 001 RW 002 DUSUN 1,IMRON SURONO ,imronsurono22@gmail.com,+62 877-1034-0008,CARINIH,nienieh81@gmail.com,+62 896-7869-2908
3209,230 - GEGESIK,021 - JAGAPURA KULON,000900 - RT 001 RW 004 DUSUN 1,IMRON SURONO ,imronsurono22@gmail.com,+62 877-1034-0008,CARINIH,nienieh81@gmail.com,+62 896-7869-2908
3209,230 - GEGESIK,021 - JAGAPURA KULON,001100 - RT 003 RW 004 DUSUN 1,IMRON SURONO ,imronsurono22@gmail.com,+62 877-1034-0008,DHEA WULAN SETIAWATI ,dheawulan9000@gmail.com,+62 813-8391-9308
3209,230 - GEGESIK,021 - JAGAPURA KULON,001500 - RT 001 RW 006 DUSUN 2,IMRON SURONO ,imronsurono22@gmail.com,+62 877-1034-0008,DHEA WULAN SETIAWATI ,dheawulan9000@gmail.com,+62 813-8391-9308
3209,230 - GEGESIK,021 - JAGAPURA KULON,002000 - RT 001 RW 007 DUSUN 2,IMRON SURONO ,imronsurono22@gmail.com,+62 877-1034-0008,DINI INDRIYANI ,diniindriyani805@gmail.com,+62 877-1062-2226
3209,230 - GEGESIK,021 - JAGAPURA KULON,003300 - RT 002 RW 010 DUSUN 3,IMRON SURONO ,imronsurono22@gmail.com,+62 877-1034-0008,NITA QONITAH MUIZ,nitaqonitahmuiz@gmail.com,+62 851-5054-9585
3209,230 - GEGESIK,021 - JAGAPURA KULON,003500 - RT 004 RW 010 DUSUN 3,IMRON SURONO ,imronsurono22@gmail.com,+62 877-1034-0008,FITRIANI,pipity51@gmail.com,+62 896-5463-0469
3209,230 - GEGESIK,021 - JAGAPURA KULON,003900 - RT 002 RW 012 DUSUN 3,IMRON SURONO ,imronsurono22@gmail.com,+62 877-1034-0008,FITRIANI,pipity51@gmail.com,+62 896-5463-0469
3209,230 - GEGESIK,021 - JAGAPURA KULON,004000 - RT 003 RW 012 DUSUN 3,IMRON SURONO ,imronsurono22@gmail.com,+62 877-1034-0008,FITRIANI,pipity51@gmail.com,+62 896-5463-0469
3209,230 - GEGESIK,021 - JAGAPURA KULON,100100 - SIGERO,IMRON SURONO ,imronsurono22@gmail.com,+62 877-1034-0008,FITRIANI,pipity51@gmail.com,+62 896-5463-0469
3209,230 - GEGESIK,022 - JAGAPURA LOR,000100 - RT 001 RW 001 DUSUN 1,DULIMAN,doelbang497@gmail.com,+62 877-2888-4494,KHATIBUL UMAM,umambinaffan@gmail.com,+62 811-8871-079
3209,230 - GEGESIK,022 - JAGAPURA LOR,000300 - RT 003 RW 001 DUSUN 1,DULIMAN,doelbang497@gmail.com,+62 877-2888-4494,KHATIBUL UMAM,umambinaffan@gmail.com,+62 811-8871-079
3209,230 - GEGESIK,022 - JAGAPURA LOR,000400 - RT 004 RW 002 DUSUN 1,DULIMAN,doelbang497@gmail.com,+62 877-2888-4494,KHATIBUL UMAM,umambinaffan@gmail.com,+62 811-8871-079
3209,230 - GEGESIK,022 - JAGAPURA LOR,000500 - RT 005 RW 002 DUSUN 1,DULIMAN,doelbang497@gmail.com,+62 877-2888-4494,KHATIBUL UMAM,umambinaffan@gmail.com,+62 811-8871-079
3209,230 - GEGESIK,022 - JAGAPURA LOR,000600 - RT 006 RW 002 DUSUN 1,DULIMAN,doelbang497@gmail.com,+62 877-2888-4494,KHATIBUL UMAM,umambinaffan@gmail.com,+62 811-8871-079
3209,230 - GEGESIK,022 - JAGAPURA LOR,000700 - RT 007 RW 002 DUSUN 1,DULIMAN,doelbang497@gmail.com,+62 877-2888-4494,KHATIBUL UMAM,umambinaffan@gmail.com,+62 811-8871-079
3209,230 - GEGESIK,022 - JAGAPURA LOR,000800 - RT 008 RW 003 DUSUN 2,IMRON SURONO ,imronsurono22@gmail.com,+62 877-1034-0008,IROH KUYIROH,irohkuyiroh@gmail.com,+62 821-2082-2201
3209,230 - GEGESIK,022 - JAGAPURA LOR,000900 - RT 009 RW 003 DUSUN 2,IMRON SURONO ,imronsurono22@gmail.com,+62 877-1034-0008,IROH KUYIROH,irohkuyiroh@gmail.com,+62 821-2082-2201
3209,230 - GEGESIK,022 - JAGAPURA LOR,001000 - RT 010 RW 003 DUSUN 2,IMRON SURONO ,imronsurono22@gmail.com,+62 877-1034-0008,IROH KUYIROH,irohkuyiroh@gmail.com,+62 821-2082-2201
3209,230 - GEGESIK,022 - JAGAPURA LOR,001100 - RT 011 RW 003 DUSUN 2,IMRON SURONO ,imronsurono22@gmail.com,+62 877-1034-0008,IROH KUYIROH,irohkuyiroh@gmail.com,+62 821-2082-2201
3209,230 - GEGESIK,022 - JAGAPURA LOR,001300 - RT 013 RW 004 DUSUN 2,IMRON SURONO ,imronsurono22@gmail.com,+62 877-1034-0008,IROH KUYIROH,irohkuyiroh@gmail.com,+62 821-2082-2201
3209,230 - GEGESIK,022 - JAGAPURA LOR,001400 - RT 014 RW 004 DUSUN 2,IMRON SURONO ,imronsurono22@gmail.com,+62 877-1034-0008,IROH KUYIROH,irohkuyiroh@gmail.com,+62 821-2082-2201
3209,230 - GEGESIK,022 - JAGAPURA LOR,002700 - RT 027 RW 008 DUSUN 4,DULIMAN,doelbang497@gmail.com,+62 877-2888-4494,PUPUT PUTRI PRATIWI ,putriaurangzeb@gmail.com,+62 812-1888-3353
3209,230 - GEGESIK,022 - JAGAPURA LOR,002800 - RT 028 RW 008 DUSUN 4,DULIMAN,doelbang497@gmail.com,+62 877-2888-4494,PUPUT PUTRI PRATIWI ,putriaurangzeb@gmail.com,+62 812-1888-3353
3209,230 - GEGESIK,022 - JAGAPURA LOR,002900 - RT 029 RW 008 DUSUN 4,DULIMAN,doelbang497@gmail.com,+62 877-2888-4494,PUPUT PUTRI PRATIWI ,putriaurangzeb@gmail.com,+62 812-1888-3353
3209,230 - GEGESIK,022 - JAGAPURA LOR,003000 - RT 030 RW 008 DUSUN 4,DULIMAN,doelbang497@gmail.com,+62 877-2888-4494,PUPUT PUTRI PRATIWI ,putriaurangzeb@gmail.com,+62 812-1888-3353
3209,230 - GEGESIK,022 - JAGAPURA LOR,003200 - RT 026 RW 007,DULIMAN,doelbang497@gmail.com,+62 877-2888-4494,PUPUT PUTRI PRATIWI ,putriaurangzeb@gmail.com,+62 812-1888-3353
3209,230 - GEGESIK,022 - JAGAPURA LOR,100200 - SAWAH SUSUBANGO,DULIMAN,doelbang497@gmail.com,+62 877-2888-4494,KHATIBUL UMAM,umambinaffan@gmail.com,+62 811-8871-079
3209,230 - GEGESIK,023 - SIBUBUT,000100 - RT 001 RW 001 DUSUN 1,KABAN,kabull5707@gmail.com,0,DARSILA,darsilala827@gmail.com,+62 878-2900-3638
3209,230 - GEGESIK,023 - SIBUBUT,000200 - RT 002 RW 001 DUSUN 1,KABAN,kabull5707@gmail.com,0,DARSILA,darsilala827@gmail.com,+62 878-2900-3638
3209,230 - GEGESIK,023 - SIBUBUT,000300 - RT 003 RW 001 DUSUN 1,KABAN,kabull5707@gmail.com,0,DARSILA,darsilala827@gmail.com,+62 878-2900-3638
3209,230 - GEGESIK,023 - SIBUBUT,000700 - RT 007 RW 002 DUSUN 1,KABAN,kabull5707@gmail.com,0,DARSILA,darsilala827@gmail.com,+62 878-2900-3638
3209,230 - GEGESIK,023 - SIBUBUT,000800 - RT 008 RW 003 DUSUN 1,KABAN,kabull5707@gmail.com,0,DARSILA,darsilala827@gmail.com,+62 878-2900-3638
3209,230 - GEGESIK,023 - SIBUBUT,000900 - RT 009 RW 003 DUSUN 1,KABAN,kabull5707@gmail.com,0,DARSILA,darsilala827@gmail.com,+62 878-2900-3638
3209,230 - GEGESIK,023 - SIBUBUT,001000 - RT 010 RW 003 DUSUN 1,KABAN,kabull5707@gmail.com,0,DARSILA,darsilala827@gmail.com,+62 878-2900-3638
3209,230 - GEGESIK,023 - SIBUBUT,001100 - RT 011 RW 003 DUSUN 1,KABAN,kabull5707@gmail.com,0,ASTRI VITRIA FEBIANI,astrivitriaf23@gmail.com,+62 858-5995-4373
3209,230 - GEGESIK,023 - SIBUBUT,100300 - BLOK ASEM,KABAN,kabull5707@gmail.com,0,ASTRI VITRIA FEBIANI,astrivitriaf23@gmail.com,+62 858-5995-4373
3209,231 - KALIWEDI,001 - KALIDERES,000400 - RT 003 RW 002 DUSUN 1,SUTARA,tarasutara21@gmail.com,+62 819-1833-3508,URIP SETIAWAN,desta.tri@gmail.com,+62 812-2215-5299
3209,231 - KALIWEDI,001 - KALIDERES,000900 - RT 001 RW 001 DUSUN 1,SUTARA,tarasutara21@gmail.com,+62 819-1833-3508,WAHYU MARWAN ADI PRATAMA,wahyumarwan.ap@gmail.com,+62 896-7791-2947
3209,231 - KALIWEDI,001 - KALIDERES,002000 - RT 002 RW 007 DUSUN 003,SUTARA,tarasutara21@gmail.com,+62 819-1833-3508,FITRIYANINGSIH ,ningsihfitriya604@gmail.com,+62 896-6086-7634
3209,231 - KALIWEDI,001 - KALIDERES,002100 - RT 003 RW 007 DUSUN 003,SUTARA,tarasutara21@gmail.com,+62 819-1833-3508,FITRIYANINGSIH ,ningsihfitriya604@gmail.com,+62 896-6086-7634
3209,231 - KALIWEDI,001 - KALIDERES,002200 - RT 001 RW 008 DUSUN 003,SUTARA,tarasutara21@gmail.com,+62 819-1833-3508,FITRIYANINGSIH ,ningsihfitriya604@gmail.com,+62 896-6086-7634
3209,231 - KALIWEDI,001 - KALIDERES,002400 - RT 003 RW 008 DUSUN 003,SUTARA,tarasutara21@gmail.com,+62 819-1833-3508,FITRIYANINGSIH ,ningsihfitriya604@gmail.com,+62 896-6086-7634
3209,231 - KALIWEDI,001 - KALIDERES,002500 - RT 001 RW 009 DUSUN 003,SUTARA,tarasutara21@gmail.com,+62 819-1833-3508,FITRIYANINGSIH ,ningsihfitriya604@gmail.com,+62 896-6086-7634
3209,231 - KALIWEDI,001 - KALIDERES,002600 - RT 002 RW 009 DUSUN 003,SUTARA,tarasutara21@gmail.com,+62 819-1833-3508,FITRIYANINGSIH ,ningsihfitriya604@gmail.com,+62 896-6086-7634
3209,231 - KALIWEDI,001 - KALIDERES,100200 - PESAWAHAN 2,SUTARA,tarasutara21@gmail.com,+62 819-1833-3508,FITRIYANINGSIH ,ningsihfitriya604@gmail.com,+62 896-6086-7634
3209,231 - KALIWEDI,002 - PRAJAWINANGUN WETAN,000500 - RT 005 RW 001 DUSUN 1,SUTARA,tarasutara21@gmail.com,+62 819-1833-3508,AGIL HENDRAWAN,agilhendrawan738@gmail.com,+62 895-3300-51925
3209,231 - KALIWEDI,002 - PRAJAWINANGUN WETAN,001400 - RT 014 RW 004 DUSUN 2,SUTARA,tarasutara21@gmail.com,+62 819-1833-3508,NADHIF KHOSYI QATRUNADA,nadhifkhosyiq@gmail.com,+62 895-3583-62900
3209,231 - KALIWEDI,002 - PRAJAWINANGUN WETAN,002500 - RT 025 RW 006 DUSUN 3,SUTARA,tarasutara21@gmail.com,+62 819-1833-3508,JUNAEDI,abiebyan@gmail.com,+62 782-9865-454
3209,231 - KALIWEDI,002 - PRAJAWINANGUN WETAN,002600 - RT 026 RW 006 DUSUN 3,SUTARA,tarasutara21@gmail.com,+62 819-1833-3508,JUNAEDI,abiebyan@gmail.com,+62 782-9865-454
3209,231 - KALIWEDI,002 - PRAJAWINANGUN WETAN,002700 - RT 027 RW 006 DUSUN 3,SUTARA,tarasutara21@gmail.com,+62 819-1833-3508,JUNAEDI,abiebyan@gmail.com,+62 782-9865-454
3209,231 - KALIWEDI,002 - PRAJAWINANGUN WETAN,100200 - SAWAH,SUTARA,tarasutara21@gmail.com,+62 819-1833-3508,NURYAMAN,noeryamani@gmail.com,+62 812-2108-0913
3209,231 - KALIWEDI,003 - PRAJAWINANGUN KULON,000400 - RT 004 RW 001 DUSUN 001,SUTARA,tarasutara21@gmail.com,+62 819-1833-3508,NURYAMAN,noeryamani@gmail.com,+62 812-2108-0913
3209,231 - KALIWEDI,003 - PRAJAWINANGUN KULON,000600 - RT 006 RW 002 DUSUN 001,SUTARA,tarasutara21@gmail.com,+62 819-1833-3508,NURYAMAN,noeryamani@gmail.com,+62 812-2108-0913
3209,231 - KALIWEDI,003 - PRAJAWINANGUN KULON,000700 - RT 007 RW 002 DUSUN 001,SUTARA,tarasutara21@gmail.com,+62 819-1833-3508,NURYAMAN,noeryamani@gmail.com,+62 812-2108-0913
3209,231 - KALIWEDI,003 - PRAJAWINANGUN KULON,000800 - RT 008 RW 002 DUSUN 001,SUTARA,tarasutara21@gmail.com,+62 819-1833-3508,NURYAMAN,noeryamani@gmail.com,+62 812-2108-0913
3209,231 - KALIWEDI,003 - PRAJAWINANGUN KULON,001500 - RT 015 RW 004 DUSUN 002,SAHARI,saharifatih941@gmail.com,+62 813-1221-1615,MOH KAOKAB,mohkaokab993@gmail.com,+62 089-6694-36166
3209,231 - KALIWEDI,003 - PRAJAWINANGUN KULON,001600 - RT 016 RW 005 DUSUN 003,SAHARI,saharifatih941@gmail.com,+62 813-1221-1615,MOH KAOKAB,mohkaokab993@gmail.com,+62 089-6694-36166
3209,231 - KALIWEDI,003 - PRAJAWINANGUN KULON,002400 - RT 024 RW 006 DUSUN 003,SAHARI,saharifatih941@gmail.com,+62 813-1221-1615,ALI PERMADI,alipermadi.ap8@gmail.com,+62 896-8908-8149
3209,231 - KALIWEDI,004 - KALIWEDI KIDUL,002300 - RT 23 RW 12 DUSUN 4,SAHARI,saharifatih941@gmail.com,+62 813-1221-1615,PANDI,agungpandy9@gmail.com,+62 838-1411-1132
3209,231 - KALIWEDI,005 - KALIWEDI LOR,000400 - RT 004 RW 001 DUSUN 1,SAHARI,saharifatih941@gmail.com,+62 813-1221-1615,PANDI,agungpandy9@gmail.com,+62 838-1411-1132
3209,231 - KALIWEDI,005 - KALIWEDI LOR,001100 - RT 002 RW 004 DUSUN 1,SAHARI,saharifatih941@gmail.com,+62 813-1221-1615,SHINTA AYU DIAH ,jhshintaaadh@gmail.com,+62 856-0336-1750
3209,231 - KALIWEDI,005 - KALIWEDI LOR,001900 - RT 001 RW 007 DUSUN 2,SAHARI,saharifatih941@gmail.com,+62 813-1221-1615,SHINTA AYU DIAH ,jhshintaaadh@gmail.com,+62 856-0336-1750
3209,231 - KALIWEDI,005 - KALIWEDI LOR,002100 - RT 003 RW 007 DUSUN 2,SAHARI,saharifatih941@gmail.com,+62 813-1221-1615,SHINTA AYU DIAH ,jhshintaaadh@gmail.com,+62 856-0336-1750
3209,231 - KALIWEDI,005 - KALIWEDI LOR,002200 - RT 001 RW 008 DUSUN 2,SAHARI,saharifatih941@gmail.com,+62 813-1221-1615,SHINTA AYU DIAH ,jhshintaaadh@gmail.com,+62 856-0336-1750
3209,231 - KALIWEDI,005 - KALIWEDI LOR,002600 - RT 002 RW 009 DUSUN 2,SALSA SAFIRA NUR SYAMSI,salsasafira300301@gmail.com,0,WILDAN MUKHOLAD,idasamita2@gmail.com,+62 895-1520-7063
3209,231 - KALIWEDI,006 - UJUNGSEMI,000800 - RT 008 RW 002 DUSUN 1,SALSA SAFIRA NUR SYAMSI,salsasafira300301@gmail.com,0,FITRIYANI,fitrimphit24@gmail.com,0
3209,231 - KALIWEDI,006 - UJUNGSEMI,000900 - RT 009 RW 003 DUSUN 2,SALSA SAFIRA NUR SYAMSI,salsasafira300301@gmail.com,0,FITRIYANI,fitrimphit24@gmail.com,0
3209,231 - KALIWEDI,006 - UJUNGSEMI,001000 - RT 010 RW 003 DUSUN 2,SALSA SAFIRA NUR SYAMSI,salsasafira300301@gmail.com,0,FITRIYANI,fitrimphit24@gmail.com,0
3209,231 - KALIWEDI,006 - UJUNGSEMI,001100 - RT 011 RW 003 DUSUN 2,SALSA SAFIRA NUR SYAMSI,salsasafira300301@gmail.com,0,FITRIYANI,fitrimphit24@gmail.com,0
3209,231 - KALIWEDI,006 - UJUNGSEMI,001200 - RT 012 RW 003 DUSUN 2,SALSA SAFIRA NUR SYAMSI,salsasafira300301@gmail.com,0,FITRIYANI,fitrimphit24@gmail.com,0
3209,231 - KALIWEDI,006 - UJUNGSEMI,001500 - RT 015 RW 004 DUSUN 2,SALSA SAFIRA NUR SYAMSI,salsasafira300301@gmail.com,0,DUROTUL LAELIYAH,durotullaeliyah801@gmail.com,+62 821-1531-3940
3209,231 - KALIWEDI,006 - UJUNGSEMI,002000 - RT 020 RW 005 DUSUN 3,SALSA SAFIRA NUR SYAMSI,salsasafira300301@gmail.com,0,DUROTUL LAELIYAH,durotullaeliyah801@gmail.com,+62 821-1531-3940
3209,231 - KALIWEDI,006 - UJUNGSEMI,002100 - RT 021 RW 006 DUSUN 3,SALSA SAFIRA NUR SYAMSI,salsasafira300301@gmail.com,0,DUROTUL LAELIYAH,durotullaeliyah801@gmail.com,+62 821-1531-3940
3209,231 - KALIWEDI,006 - UJUNGSEMI,002300 - RT 023 RW 006 DUSUN 3,SALSA SAFIRA NUR SYAMSI,salsasafira300301@gmail.com,0,DUROTUL LAELIYAH,durotullaeliyah801@gmail.com,+62 821-1531-3940
3209,231 - KALIWEDI,006 - UJUNGSEMI,002600 - RT 026 RW 007 DUSUN 4,SALSA SAFIRA NUR SYAMSI,salsasafira300301@gmail.com,0,SOLEKHAH ,wulancrb212@gmail.com,+62 953-7674-0556
3209,231 - KALIWEDI,006 - UJUNGSEMI,003100 - RT 031 RW 009 DUSUN 5,SALSA SAFIRA NUR SYAMSI,salsasafira300301@gmail.com,0,SOLEKHAH ,wulancrb212@gmail.com,+62 953-7674-0556
3209,231 - KALIWEDI,006 - UJUNGSEMI,003200 - RT 032 RW 009 DUSUN 5,SALSA SAFIRA NUR SYAMSI,salsasafira300301@gmail.com,0,SOLEKHAH ,wulancrb212@gmail.com,+62 953-7674-0556
3209,231 - KALIWEDI,006 - UJUNGSEMI,003300 - RT 033 RW 009 DUSUN 5,SALSA SAFIRA NUR SYAMSI,salsasafira300301@gmail.com,0,SOLEKHAH ,wulancrb212@gmail.com,+62 953-7674-0556
3209,231 - KALIWEDI,006 - UJUNGSEMI,003500 - RT 035 RW 010 DUSUN 5,SALSA SAFIRA NUR SYAMSI,salsasafira300301@gmail.com,0,SOLEKHAH ,wulancrb212@gmail.com,+62 953-7674-0556
3209,231 - KALIWEDI,006 - UJUNGSEMI,003600 - RT 036 RW 011 DUSUN 6,SALSA SAFIRA NUR SYAMSI,salsasafira300301@gmail.com,0,MUHYIDIN,rifqohnajmu@gmail.com,+62 087-7787-30111
3209,231 - KALIWEDI,007 - WARGABINANGUN,002200 - RT 022 RW 007 DUSUN 4,SALSA SAFIRA NUR SYAMSI,salsasafira300301@gmail.com,0,DINA WIDYA FELLASUFAH,dinawidyafs@gmail.com,+62 822-3367-9297
3209,231 - KALIWEDI,007 - WARGABINANGUN,100100 - PESAWAHAN,SALSA SAFIRA NUR SYAMSI,salsasafira300301@gmail.com,0,DINA WIDYA FELLASUFAH,dinawidyafs@gmail.com,+62 822-3367-9297
3209,231 - KALIWEDI,007 - WARGABINANGUN,100200 - PESAWAHAN,SALSA SAFIRA NUR SYAMSI,salsasafira300301@gmail.com,0,DINA WIDYA FELLASUFAH,dinawidyafs@gmail.com,+62 822-3367-9297
3209,231 - KALIWEDI,008 - GUWA KIDUL,000100 - RT 001 RW 01 DUSUN 1,UUS SUGIANA,ozdemiruthman@gmail.com,+62 089-8371-5082,URIFAH,rifaacrb123@gmail.com,+62 831-2030-1896
3209,231 - KALIWEDI,008 - GUWA KIDUL,000200 - RT 002 RW 01 DUSUN 1,UUS SUGIANA,ozdemiruthman@gmail.com,+62 089-8371-5082,URIFAH,rifaacrb123@gmail.com,+62 831-2030-1896
3209,231 - KALIWEDI,008 - GUWA KIDUL,000300 - RT 003 RW 01 DUSUN 1,UUS SUGIANA,ozdemiruthman@gmail.com,+62 089-8371-5082,URIFAH,rifaacrb123@gmail.com,+62 831-2030-1896
3209,231 - KALIWEDI,008 - GUWA KIDUL,000400 - RT 001 RW 02 DUSUN 1,UUS SUGIANA,ozdemiruthman@gmail.com,+62 089-8371-5082,URIFAH,rifaacrb123@gmail.com,+62 831-2030-1896
3209,231 - KALIWEDI,008 - GUWA KIDUL,000500 - RT 002 RW 02 DUSUN 1,UUS SUGIANA,ozdemiruthman@gmail.com,+62 089-8371-5082,M RISMANUDIN,rismanderis8484@gmail.com,+62 877-7679-3438
3209,231 - KALIWEDI,008 - GUWA KIDUL,000600 - RT 003 RW 02 DUSUN 1,UUS SUGIANA,ozdemiruthman@gmail.com,+62 089-8371-5082,URIFAH,rifaacrb123@gmail.com,+62 831-2030-1896
3209,231 - KALIWEDI,008 - GUWA KIDUL,000700 - RT 001 RW 03 DUSUN 2,UUS SUGIANA,ozdemiruthman@gmail.com,+62 089-8371-5082,URIFAH,rifaacrb123@gmail.com,+62 831-2030-1896
3209,231 - KALIWEDI,008 - GUWA KIDUL,000800 - RT 002 RW 03 DUSUN 2,UUS SUGIANA,ozdemiruthman@gmail.com,+62 089-8371-5082,M RISMANUDIN,rismanderis8484@gmail.com,+62 877-7679-3438
3209,231 - KALIWEDI,008 - GUWA KIDUL,001000 - RT 001 RW 04 DUSUN 2,UUS SUGIANA,ozdemiruthman@gmail.com,+62 089-8371-5082,M RISMANUDIN,rismanderis8484@gmail.com,+62 877-7679-3438
3209,231 - KALIWEDI,008 - GUWA KIDUL,001100 - RT 002 RW 04 DUSUN 2,UUS SUGIANA,ozdemiruthman@gmail.com,+62 089-8371-5082,M RISMANUDIN,rismanderis8484@gmail.com,+62 877-7679-3438
3209,231 - KALIWEDI,008 - GUWA KIDUL,001300 - RT 001 RW 05 DUSUN 3,UUS SUGIANA,ozdemiruthman@gmail.com,+62 089-8371-5082,URIFAH,rifaacrb123@gmail.com,+62 831-2030-1896
3209,231 - KALIWEDI,008 - GUWA KIDUL,001600 - RT 001 RW 06 DUSUN 3,UUS SUGIANA,ozdemiruthman@gmail.com,+62 089-8371-5082,SAM'ANI,elsammy.996@gmail.com,+62 882-1803-2575
3209,231 - KALIWEDI,008 - GUWA KIDUL,001700 - RT 002 RW 06 DUSUN 3,UUS SUGIANA,ozdemiruthman@gmail.com,+62 089-8371-5082,SAM'ANI,elsammy.996@gmail.com,+62 882-1803-2575
3209,231 - KALIWEDI,008 - GUWA KIDUL,001800 - RT 003 RW 06 DUSUN 3,UUS SUGIANA,ozdemiruthman@gmail.com,+62 089-8371-5082,SAM'ANI,elsammy.996@gmail.com,+62 882-1803-2575
3209,231 - KALIWEDI,008 - GUWA KIDUL,001900 - RT 001 RW 07 DUSUN 4,UUS SUGIANA,ozdemiruthman@gmail.com,+62 089-8371-5082,SAM'ANI,elsammy.996@gmail.com,+62 882-1803-2575
3209,231 - KALIWEDI,008 - GUWA KIDUL,002100 - RT 003 RW 07 DUSUN 4,UUS SUGIANA,ozdemiruthman@gmail.com,+62 089-8371-5082,MOH ROSLIANTO,zonet153@gmail.com,+62 881-8396-033
3209,231 - KALIWEDI,008 - GUWA KIDUL,002300 - RT 002 RW 08 DUSUN 4,UUS SUGIANA,ozdemiruthman@gmail.com,+62 089-8371-5082,MOH ROSLIANTO,zonet153@gmail.com,+62 881-8396-033
3209,231 - KALIWEDI,008 - GUWA KIDUL,002400 - RT 003 RW 08 DUSUN 4,UUS SUGIANA,ozdemiruthman@gmail.com,+62 089-8371-5082,SAM'ANI,elsammy.996@gmail.com,+62 882-1803-2575
3209,231 - KALIWEDI,008 - GUWA KIDUL,100100 - SAWAH,UUS SUGIANA,ozdemiruthman@gmail.com,+62 089-8371-5082,ADE KHAFIDZ,dharmawandwie@gmail.com,+62 877-7693-3332
3209,231 - KALIWEDI,008 - GUWA KIDUL,100200 - SAWAH,UUS SUGIANA,ozdemiruthman@gmail.com,+62 089-8371-5082,MOH ROSLIANTO,zonet153@gmail.com,+62 881-8396-033
3209,231 - KALIWEDI,009 - GUWA LOR,000200 - RT 002 RW 001 DUSUN 1,UUS SUGIANA,ozdemiruthman@gmail.com,+62 089-8371-5082,MOH ROSLIANTO,zonet153@gmail.com,+62 881-8396-033
3209,231 - KALIWEDI,009 - GUWA LOR,003600 - RT 001 RW 013 DUSUN 5,UUS SUGIANA,ozdemiruthman@gmail.com,+62 089-8371-5082,SAKILAH,sakilahkilah777@gmail.com,+62 838-9564-1117
3209,231 - KALIWEDI,009 - GUWA LOR,003700 - RT 002 RW 013 DUSUN 5,UUS SUGIANA,ozdemiruthman@gmail.com,+62 089-8371-5082,M RISMANUDIN,rismanderis8484@gmail.com,+62 877-7679-3438
3209,231 - KALIWEDI,009 - GUWA LOR,003800 - RT 003 RW 013 DUSUN 5,UUS SUGIANA,ozdemiruthman@gmail.com,+62 089-8371-5082,SATORI,nurazizah.na617@gmail.com,+62 831-2010-2301
3209,231 - KALIWEDI,009 - GUWA LOR,004100 - RT 001 RW 015 DUSUN 6,UUS SUGIANA,ozdemiruthman@gmail.com,+62 089-8371-5082,MOCHAMAD SAHRUDDIN ASY SYIROZI,obyy66230@gmail.com,+62 831-3705-2267
3209,231 - KALIWEDI,009 - GUWA LOR,200200 - TELAR,UUS SUGIANA,ozdemiruthman@gmail.com,+62 089-8371-5082,MOCHAMAD SAHRUDDIN ASY SYIROZI,obyy66230@gmail.com,+62 831-3705-2267
